month,trades,n_long,n_short,pnl,avg_pnl,wins,gross_profit,gross_loss,avg_contracts,date,cum_pnl,equity,wr,pf,return_pct
2006-02,2,2,0,61659.799999999996,30829.899999999998,1,107369.28,-45709.48,22.0,2006-02-01,61659.799999999996,5061659.8,50.0,2.3489499333617445,1.233196
2006-03,2,2,0,67834.899,33917.4495,1,91865.412,-24030.513,25.0,2006-03-01,129494.699,5129494.699,50.0,3.8228652047503107,1.35669798
2006-05,2,1,1,1014568.0,507284.0,2,1014568.0,0.0,23.0,2006-05-01,1144062.699,6144062.699,100.0,inf,20.29136
2006-06,1,0,1,258599.529,258599.529,1,258599.529,0.0,18.0,2006-06-01,1402662.2280000001,6402662.228,100.0,inf,5.17199058
2006-07,2,2,0,15854.097999999998,7927.048999999999,1,37727.17,-21873.072,22.0,2006-07-01,1418516.3260000001,6418516.326,50.0,1.7248226495116916,0.31708196
2006-08,1,1,0,19216.329,19216.329,1,19216.329,0.0,22.0,2006-08-01,1437732.655,6437732.655,100.0,inf,0.38432658000000003
2006-09,3,1,2,-50639.333999999995,-16879.778,1,37388.16,-88027.494,32.0,2006-09-01,1387093.321,6387093.321,33.33333333333333,0.4247327545187189,-1.01278668
2006-10,1,1,0,-9414.73,-9414.73,0,0.0,-9414.73,26.0,2006-10-01,1377678.591,6377678.591,0.0,0.0,-0.18829459999999998
2006-11,2,2,0,-16517.811999999998,-8258.905999999999,1,11796.708,-28314.52,34.0,2006-11-01,1361160.779,6361160.779,50.0,0.4166310430125604,-0.33035623999999997
2006-12,2,2,0,494746.896,247373.448,1,523032.896,-28286.0,36.0,2006-12-01,1855907.675,6855907.675,50.0,18.490875203280776,9.89493792
2007-01,4,3,1,-374229.938,-93557.4845,0,0.0,-374229.938,25.5,2007-01-01,1481677.737,6481677.737,0.0,0.0,-7.484598760000001
2007-02,6,5,1,-539373.513,-89895.5855,1,13443.7,-552817.213,27.0,2007-02-01,942304.2239999999,5942304.223999999,16.666666666666664,0.02431852642041376,-10.787470260000001
2007-03,1,0,1,79356.519,79356.519,1,79356.519,0.0,18.0,2007-03-01,1021660.7429999999,6021660.743,100.0,inf,1.58713038
2007-04,4,3,1,-24790.469000000005,-6197.617250000001,1,91021.851,-115812.32,23.5,2007-04-01,996870.2739999999,5996870.274,25.0,0.7859427304452582,-0.4958093800000001
2007-05,2,0,2,350857.74600000004,175428.87300000002,2,350857.74600000004,0.0,38.0,2007-05-01,1347728.02,6347728.02,100.0,inf,7.01715492
2007-07,1,1,0,382797.624,382797.624,1,382797.624,0.0,24.0,2007-07-01,1730525.644,6730525.644,100.0,inf,7.65595248
2007-08,2,1,1,207883.94199999998,103941.97099999999,1,232544.656,-24660.714,29.0,2007-08-01,1938409.5860000001,6938409.586,50.0,9.429761684921207,4.157678839999999
2007-09,3,2,1,-191578.048,-63859.34933333334,0,0.0,-191578.048,33.333333333333336,2007-09-01,1746831.5380000002,6746831.538000001,0.0,0.0,-3.83156096
2007-10,2,2,0,636676.845,318338.4225,1,669926.34,-33249.495,33.0,2007-10-01,2383508.3830000004,7383508.383,50.0,20.148466615808747,12.7335369
2007-11,4,2,2,39891.33700000001,9972.834250000002,1,152756.912,-112865.575,25.5,2007-11-01,2423399.72,7423399.720000001,25.0,1.3534411356164182,0.7978267400000001
2007-12,2,2,0,112155.667,56077.8335,1,113807.428,-1651.761,23.0,2007-12-01,2535555.387,7535555.387,50.0,68.90066298937921,2.2431133400000003
2008-01,4,1,3,103283.42199999999,25820.855499999998,2,183837.394,-80553.97200000001,18.0,2008-01-01,2638838.809,7638838.809,50.0,2.282164236420272,2.06566844
2008-02,2,1,1,-48753.913,-24376.9565,0,0.0,-48753.913,15.0,2008-02-01,2590084.8959999997,7590084.896,0.0,0.0,-0.9750782600000001
2008-03,6,2,4,-250654.584,-41775.764,1,6922.215,-257576.79899999997,18.333333333333332,2008-03-01,2339430.312,7339430.312,16.666666666666664,0.02687437310687288,-5.0130916800000005
2008-04,6,5,1,-128178.09,-21363.015,2,76610.124,-204788.214,24.333333333333332,2008-04-01,2211252.222,7211252.222,33.33333333333333,0.3740943997880659,-2.5635618
2008-05,3,3,0,877511.426,292503.8086666667,2,887294.64,-9783.214,27.333333333333332,2008-05-01,3088763.648,8088763.648,66.66666666666666,90.69561802491492,17.55022852
2008-06,5,2,3,-79259.426,-15851.8852,1,24056.838,-103316.264,34.0,2008-06-01,3009504.222,8009504.222,20.0,0.23284657292679495,-1.5851885200000002
2008-07,4,1,3,327924.348,81981.087,1,532171.644,-204247.29599999997,25.5,2008-07-01,3337428.5700000003,8337428.57,25.0,2.6055260188120193,6.55848696
2008-08,5,0,5,361483.48699999996,72296.69739999999,3,408890.15599999996,-47406.669,21.6,2008-08-01,3698912.057,8698912.057,60.0,8.6251610717471,7.22966974
2008-09,3,1,2,30740.129,10246.709666666668,1,160256.733,-129516.604,17.333333333333332,2008-09-01,3729652.186,8729652.186,33.33333333333333,1.2373450820251588,0.61480258
2008-10,5,0,5,448010.314,89602.0628,3,520148.819,-72138.505,13.2,2008-10-01,4177662.5,9177662.5,60.0,7.2104186106989605,8.960206280000001
2008-11,7,3,4,-190910.453,-27272.921857142857,1,125060.448,-315970.90099999995,15.428571428571429,2008-11-01,3986752.047,8986752.047,14.285714285714285,0.3957973585675221,-3.8182090600000005
2008-12,5,1,4,117610.59400000001,23522.118800000004,2,224975.358,-107364.764,35.2,2008-12-01,4104362.641,9104362.640999999,40.0,2.0954300984632166,2.35221188
2009-01,1,0,1,83907.04,83907.04,1,83907.04,0.0,40.0,2009-01-01,4188269.681,9188269.681,100.0,inf,1.6781407999999998
2009-02,5,1,4,-161271.9,-32254.379999999997,1,14606.536,-175878.436,38.4,2009-02-01,4026997.781,9026997.781,20.0,0.08304904417048603,-3.225438
2009-03,3,2,1,289496.161,96498.72033333335,2,309120.561,-19624.4,34.0,2009-03-01,4316493.942,9316493.942,66.66666666666666,15.751847750759257,5.78992322
2009-04,5,4,1,-97159.625,-19431.925,1,159754.44,-256914.065,32.0,2009-04-01,4219334.317,9219334.317,20.0,0.6218205297557375,-1.9431924999999999
2009-05,1,1,0,840666.66,840666.66,1,840666.66,0.0,40.0,2009-05-01,5060000.977,10060000.977,100.0,inf,16.8133332
2009-06,2,1,1,276715.033,138357.5165,2,276715.033,0.0,23.0,2009-06-01,5336716.01,10336716.01,100.0,inf,5.53430066
2009-07,4,1,3,627679.158,156919.7895,3,701360.74,-73681.582,37.5,2009-07-01,5964395.168,10964395.168,75.0,9.518806748747604,12.55358316
2009-08,7,4,3,-46007.285,-6572.469285714286,2,219009.97100000002,-265017.256,26.857142857142858,2009-08-01,5918387.882999999,10918387.883,28.57142857142857,0.8263989081526073,-0.9201457000000002
2009-09,6,5,1,-107261.34899999999,-17876.891499999998,2,99239.006,-206500.35499999998,31.333333333333332,2009-09-01,5811126.533999999,10811126.533999998,33.33333333333333,0.4805754740712189,-2.1452269799999995
2009-10,8,5,3,15370.700000000012,1921.3375000000015,2,417102.84,-401732.14,28.5,2009-10-01,5826497.233999999,10826497.234,25.0,1.0382610661920155,0.3074140000000002
2009-11,5,3,2,64099.849,12819.9698,2,122883.66,-58783.811,23.6,2009-11-01,5890597.083,10890597.083,40.0,2.09043370801529,1.2819969800000002
2009-12,3,2,1,-25000.34000000001,-8333.44666666667,2,75821.88799999999,-100822.228,34.666666666666664,2009-12-01,5865596.743,10865596.743,66.66666666666666,0.7520354340909823,-0.5000068000000002
2010-01,3,2,1,739723.55,246574.5166666667,1,911533.37,-171809.82,44.666666666666664,2010-01-01,6605320.293,11605320.293,33.33333333333333,5.305478871929439,14.794471000000001
2010-02,7,2,5,-182353.26,-26050.465714285714,1,244124.64,-426477.9000000001,32.285714285714285,2010-02-01,6422967.033,11422967.033,14.285714285714285,0.572420376296169,-3.6470652
2010-03,2,2,0,67390.33999999997,33695.169999999984,1,273218.16,-205827.82,40.0,2010-03-01,6490357.373,11490357.373,50.0,1.327411231387477,1.3478067999999994
2010-04,6,3,3,370924.928,61820.82133333333,5,409169.78800000006,-38244.86,42.333333333333336,2010-04-01,6861282.301,11861282.300999999,83.33333333333334,10.698687039251812,7.418498560000001
2010-05,3,0,3,422175.95999999996,140725.31999999998,2,537941.04,-115765.08,24.0,2010-05-01,7283458.261,12283458.261,66.66666666666666,4.646833397428655,8.443519199999999
2010-06,7,4,3,81243.59899999999,11606.228428571427,3,174058.39,-92814.791,28.285714285714285,2010-06-01,7364701.86,12364701.86,42.857142857142854,1.8753303016110872,1.6248719799999998
2010-07,1,0,1,86482.914,86482.914,1,86482.914,0.0,28.0,2010-07-01,7451184.774,12451184.774,100.0,inf,1.7296582800000002
2010-08,5,3,2,320158.852,64031.7704,3,512761.012,-192602.16,35.6,2010-08-01,7771343.626,12771343.626,60.0,2.662280693009881,6.403177040000001
2010-09,2,1,1,41462.42,20731.21,1,57243.68,-15781.26,40.0,2010-09-01,7812806.046,12812806.046,50.0,3.627319998529902,0.8292483999999999
2010-10,4,3,1,400624.486,100156.1215,2,482721.904,-82097.418,42.0,2010-10-01,8213430.532,13213430.532,50.0,5.879867062323445,8.01248972
2010-11,8,3,5,-368200.402,-46025.05025,1,54119.42,-422319.82200000004,42.0,2010-11-01,7845230.13,12845230.129999999,12.5,0.12814795134100998,-7.36400804
2010-12,4,4,0,372112.346,93028.0865,2,419908.42000000004,-47796.07400000001,61.0,2010-12-01,8217342.476,13217342.476,50.0,8.785416559527462,7.4422469200000005
2011-01,1,1,0,101680.434,101680.434,1,101680.434,0.0,54.0,2011-01-01,8319022.91,13319022.91,100.0,inf,2.03360868
2011-02,6,2,4,-228845.003,-38140.83383333333,2,19568.221999999998,-248413.22500000003,35.333333333333336,2011-02-01,8090177.907000001,13090177.907000002,33.33333333333333,0.07877286726582289,-4.57690006
2011-03,1,1,0,392577.615,392577.615,1,392577.615,0.0,30.0,2011-03-01,8482755.522,13482755.522,100.0,inf,7.851552300000001
2011-04,6,2,4,296022.89,49337.14833333334,2,540799.716,-244776.82599999997,32.0,2011-04-01,8778778.412,13778778.412,33.33333333333333,2.2093583156438186,5.9204578
2011-05,4,0,4,442305.79,110576.4475,4,442305.79000000004,0.0,30.5,2011-05-01,9221084.202,14221084.202,100.0,inf,8.8461158
2011-06,6,3,3,-203135.59,-33855.931666666664,1,39056.992,-242192.58200000002,30.666666666666668,2011-06-01,9017948.612,14017948.612,16.666666666666664,0.16126419594469657,-4.0627118
2011-07,3,3,0,54503.966,18167.988666666668,1,107998.356,-53494.39,32.0,2011-07-01,9072452.578,14072452.578,33.33333333333333,2.0188725584122,1.09007932
2011-08,4,1,3,633047.9990000001,158261.99975000002,3,656771.289,-23723.29,24.5,2011-08-01,9705500.577,14705500.577,75.0,27.68466300416173,12.66095998
2011-09,5,2,3,514779.91199999995,102955.9824,2,566136.6479999999,-51356.736000000004,23.2,2011-09-01,10220280.489,15220280.489,40.0,11.023610378977354,10.295598239999999
2011-10,2,1,1,90869.701,45434.8505,2,90869.701,0.0,19.0,2011-10-01,10311150.19,15311150.19,100.0,inf,1.8173940199999998
2011-11,9,4,5,132090.70500000002,14676.745000000003,2,326738.958,-194648.25300000003,19.333333333333332,2011-11-01,10443240.895,15443240.895,22.22222222222222,1.678612332575109,2.6418141000000004
2011-12,6,2,4,-137758.899,-22959.8165,1,34706.5,-172465.399,36.0,2011-12-01,10305481.996,15305481.996,16.666666666666664,0.2012374667686241,-2.75517798
2012-01,1,1,0,82673.822,82673.822,1,82673.822,0.0,34.0,2012-01-01,10388155.818,15388155.818,100.0,inf,1.65347644
2012-02,6,5,1,73131.62300000002,12188.603833333336,2,488133.314,-415001.691,35.666666666666664,2012-02-01,10461287.441,15461287.441,33.33333333333333,1.1762200602695858,1.4626324600000005
2012-03,5,1,4,44006.42300000001,8801.284600000003,2,156406.681,-112400.25799999999,30.8,2012-03-01,10505293.864,15505293.864,40.0,1.3915153201872545,0.8801284600000002
2012-04,7,0,7,-346348.581,-49478.368714285716,0,0.0,-346348.581,34.0,2012-04-01,10158945.283,15158945.283,0.0,0.0,-6.92697162
2012-05,4,0,4,830698.646,207674.6615,3,841958.9359999999,-11260.29,35.5,2012-05-01,10989643.929,15989643.929,75.0,74.77240248696968,16.613972920000002
2012-06,5,3,2,-258161.424,-51632.2848,1,30425.256,-288586.68,36.4,2012-06-01,10731482.504999999,15731482.504999999,20.0,0.10542848339362025,-5.16322848
2012-07,7,6,1,-510782.01900000003,-72968.85985714286,1,18803.026,-529585.0449999999,40.857142857142854,2012-07-01,10220700.486,15220700.486,14.285714285714285,0.03550520577861107,-10.21564038
2012-08,7,5,2,-238483.85600000003,-34069.12228571429,2,61469.228,-299953.08400000003,35.142857142857146,2012-08-01,9982216.629999999,14982216.629999999,28.57142857142857,0.20492947490414867,-4.769677120000001
2012-09,5,3,2,-241325.293,-48265.058600000004,2,97538.16900000001,-338863.462,38.4,2012-09-01,9740891.337,14740891.337,40.0,0.2878391444870501,-4.82650586
2012-10,9,3,6,35611.33800000002,3956.8153333333353,2,265657.36,-230046.022,40.0,2012-10-01,9776502.674999999,14776502.674999999,22.22222222222222,1.1548009293549097,0.7122267600000004
2012-11,3,1,2,141860.694,47286.897999999994,1,257290.4,-115429.706,44.666666666666664,2012-11-01,9918363.368999999,14918363.368999999,33.33333333333333,2.2289790810001713,2.8372138799999997
2012-12,8,8,0,273597.72,34199.715,4,361027.644,-87429.924,66.75,2012-12-01,10191961.089,15191961.089,50.0,4.129337273586101,5.4719543999999996
2013-01,4,4,0,-81065.78,-20266.445,2,68859.39,-149925.16999999998,64.0,2013-01-01,10110895.309,15110895.309,50.0,0.45929172533204404,-1.6213156
2013-02,6,1,5,1675.3939999999857,279.2323333333309,3,165802.32,-164126.926,43.0,2013-02-01,10112570.703,15112570.703,50.0,1.0102079167680262,0.03350787999999971
2013-03,2,0,2,5324.44,2662.22,1,8077.08,-2752.6400000000003,40.0,2013-03-01,10117895.143,15117895.143,50.0,2.934303069053708,0.1064888
2013-04,4,1,3,288721.136,72180.284,2,325022.0,-36300.864,44.0,2013-04-01,10406616.279,15406616.279,50.0,8.953560995132237,5.77442272
2013-05,4,2,2,278347.80799999996,69586.95199999999,2,371478.936,-93131.128,45.0,2013-05-01,10684964.087,15684964.087,50.0,3.988773077031774,5.566956159999999
2013-06,1,0,1,26103.996,26103.996,1,26103.996,0.0,36.0,2013-06-01,10711068.082999999,15711068.082999999,100.0,inf,0.52207992
2013-07,7,3,4,191036.02,27290.859999999997,1,322668.8,-131632.78,46.857142857142854,2013-07-01,10902104.102999998,15902104.102999998,14.285714285714285,2.451279992719139,3.8207203999999995
2013-08,4,1,3,-100396.556,-25099.139,0,0.0,-100396.556,49.5,2013-08-01,10801707.546999998,15801707.546999998,0.0,0.0,-2.00793112
2013-09,4,2,2,108655.232,27163.808,2,123934.248,-15279.016,50.0,2013-09-01,10910362.779,15910362.779,50.0,8.111402462043367,2.17310464
2013-10,4,2,2,138513.62800000003,34628.40700000001,2,158760.728,-20247.1,44.5,2013-10-01,11048876.407,16048876.407,50.0,7.841158882012733,2.7702725600000004
2013-11,3,0,3,22936.880000000012,7645.626666666671,2,124084.64000000001,-101147.76,40.0,2013-11-01,11071813.287,16071813.287,66.66666666666666,1.2267660697577487,0.45873760000000025
2013-12,1,1,0,211486.704,211486.704,1,211486.704,0.0,78.0,2013-12-01,11283299.991,16283299.991,100.0,inf,4.22973408
2014-01,7,1,6,-173819.14,-24831.305714285718,2,331803.39999999997,-505622.54000000004,47.142857142857146,2014-01-01,11109480.851,16109480.851,28.57142857142857,0.6562274696060819,-3.4763828000000006
2014-02,4,2,2,-120573.276,-30143.319,1,554.3199999999999,-121127.59599999999,47.0,2014-02-01,10988907.575,15988907.575,25.0,0.004576331226783367,-2.4114655199999997
2014-03,2,0,2,293947.98,146973.99,1,401415.6,-107467.62,35.0,2014-03-01,11282855.555,16282855.555,50.0,3.735223688772488,5.8789596
2014-04,4,2,2,75455.656,18863.914,3,229220.87199999997,-153765.216,39.0,2014-04-01,11358311.211,16358311.211,75.0,1.4907199297921838,1.50911312
2014-05,4,3,1,555573.8339999999,138893.45849999998,1,763782.558,-208208.724,41.5,2014-05-01,11913885.045,16913885.045,25.0,3.6683504097551647,11.111476679999999
2014-06,5,4,1,-21918.219999999987,-4383.6439999999975,1,183233.962,-205152.18199999997,43.6,2014-06-01,11891966.825,16891966.825,20.0,0.8931611655975467,-0.4383643999999997
2014-07,6,2,4,188305.816,31384.302666666666,4,292846.248,-104540.432,40.666666666666664,2014-07-01,12080272.640999999,17080272.641,66.66666666666666,2.801272602355422,3.76611632
2014-08,5,1,4,61728.944,12345.7888,2,98557.368,-36828.424,40.0,2014-08-01,12142001.584999999,17142001.585,40.0,2.6761223342057754,1.23457888
2014-09,4,1,3,-227846.82,-56961.705,0,0.0,-227846.81999999998,39.5,2014-09-01,11914154.764999999,16914154.765,0.0,0.0,-4.5569364
2014-10,8,0,8,11560.559999999983,1445.069999999998,3,152595.36,-141034.8,40.0,2014-10-01,11925715.325,16925715.325,37.5,1.0819695564498975,0.23121119999999967
2014-11,5,2,3,-258876.67200000002,-51775.33440000001,1,22381.278,-281257.95,41.6,2014-11-01,11666838.652999999,16666838.652999999,20.0,0.07957562799558199,-5.17753344
2014-12,3,2,1,230793.28,76931.09333333334,1,372008.88,-141215.6,31.333333333333332,2014-12-01,11897631.932999998,16897631.933,33.33333333333333,2.6343327507725776,4.6158656
2015-01,10,3,7,-87890.99799999998,-8789.099799999998,2,215879.784,-303770.782,32.8,2015-01-01,11809740.934999999,16809740.935,20.0,0.7106667158002049,-1.7578199599999997
2015-02,3,3,0,168499.31199999998,56166.43733333333,1,250693.492,-82194.18,32.666666666666664,2015-02-01,11978240.247,16978240.247,33.33333333333333,3.0500151227252346,3.3699862399999994
2015-03,5,4,1,-85128.812,-17025.7624,1,29654.154,-114782.96599999999,37.2,2015-03-01,11893111.434999999,16893111.435,20.0,0.2583497798793595,-1.7025762400000002
2015-04,3,3,0,753856.8,251285.6,1,803489.192,-49632.392,40.0,2015-04-01,12646968.235,17646968.235,33.33333333333333,16.188806535860696,15.077136000000003
2015-05,6,4,2,28710.066000000003,4785.011,3,64632.328,-35922.262,40.0,2015-05-01,12675678.300999999,17675678.301,50.0,1.7992276766980875,0.5742013200000001
2015-06,5,2,3,163326.628,32665.3256,2,298065.72,-134739.092,44.4,2015-06-01,12839004.929,17839004.928999998,40.0,2.212169575849598,3.2665325599999995
2015-07,7,1,6,62499.619999999995,8928.517142857143,4,142814.47999999998,-80314.86,42.857142857142854,2015-07-01,12901504.548999999,17901504.549,57.14285714285714,1.7781825181541744,1.2499924
2015-08,5,0,5,53113.23999999999,10622.647999999997,2,215106.52,-161993.28,40.0,2015-08-01,12954617.788999999,17954617.788999997,40.0,1.3278731068350489,1.0622648
2015-09,10,6,4,-314896.724,-31489.6724,0,0.0,-314896.72400000005,36.2,2015-09-01,12639721.065,17639721.064999998,0.0,0.0,-6.29793448
2015-10,5,2,3,367692.352,73538.4704,4,459166.63200000004,-91474.28,47.6,2015-10-01,13007413.417,18007413.417,80.0,5.019625538457368,7.35384704
2015-11,6,4,2,-88595.754,-14765.959,2,93843.28,-182439.03399999999,40.333333333333336,2015-11-01,12918817.662999999,17918817.663,33.33333333333333,0.5143815878788308,-1.7719150799999999
2015-12,5,2,3,-148530.278,-29706.0556,1,75724.68,-224254.95799999998,54.8,2015-12-01,12770287.384999998,17770287.384999998,20.0,0.3376722667598725,-2.97060556
2016-01,3,0,3,166260.24,55420.079999999994,3,166260.24,0.0,40.0,2016-01-01,12936547.624999998,17936547.625,100.0,inf,3.3252048
2016-02,2,1,1,38780.69399999999,19390.346999999994,1,116121.654,-77340.96,39.0,2016-02-01,12975328.318999998,17975328.319,50.0,1.5014250404960061,0.7756138799999998
2016-03,3,2,1,237659.496,79219.83200000001,1,470618.976,-232959.48,42.666666666666664,2016-03-01,13212987.814999998,18212987.814999998,33.33333333333333,2.0201752510779984,4.7531899200000005
2016-04,6,5,1,-123741.50400000002,-20623.584000000003,3,56619.168000000005,-180360.67200000002,43.333333333333336,2016-04-01,13089246.310999997,18089246.310999997,50.0,0.3139219175231283,-2.4748300800000003
2016-05,7,3,4,-175270.584,-25038.654857142858,2,35364.4,-210634.98400000003,46.285714285714285,2016-05-01,12913975.726999996,17913975.726999998,28.57142857142857,0.16789423735992495,-3.50541168
2016-06,4,2,2,112862.20199999999,28215.550499999998,2,188845.71,-75983.508,45.0,2016-06-01,13026837.928999996,18026837.928999998,50.0,2.485351294915207,2.25724404
2016-07,5,5,0,5880.936000000009,1176.1872000000017,1,131123.888,-125242.952,61.6,2016-07-01,13032718.864999996,18032718.864999995,20.0,1.0469562231334184,0.11761872000000018
2016-08,5,4,1,-65431.896000000015,-13086.379200000003,1,93173.43,-158605.326,64.8,2016-08-01,12967286.968999997,17967286.968999997,20.0,0.5874546104460577,-1.3086379200000002
2016-09,6,3,3,40269.024000000005,6711.504000000001,1,239367.936,-199098.912,54.666666666666664,2016-09-01,13007555.992999997,18007555.992999997,16.666666666666664,1.202256373957483,0.8053804800000002
2016-10,9,6,3,-142758.956,-15862.106222222223,2,63700.144,-206459.10000000003,64.88888888888889,2016-10-01,12864797.036999997,17864797.036999997,22.22222222222222,0.3085363832352267,-2.8551791200000003
2016-11,7,4,3,-479033.774,-68433.39628571428,1,2268.068,-481301.842,52.857142857142854,2016-11-01,12385763.262999997,17385763.262999997,14.285714285714285,0.004712360938772389,-9.580675479999998
2016-12,3,3,0,369854.30999999994,123284.76999999997,1,449979.894,-80125.584,78.0,2016-12-01,12755617.572999997,17755617.573,33.33333333333333,5.615932783716122,7.397086199999999
2017-01,4,3,1,-72572.65600000002,-18143.164000000004,2,50102.479999999996,-122675.136,57.0,2017-01-01,12683044.916999998,17683044.916999996,50.0,0.40841593197826165,-1.4514531200000003
2017-02,5,1,4,-48081.34400000001,-9616.268800000002,1,85094.68,-133176.02399999998,44.8,2017-02-01,12634963.572999997,17634963.573,20.0,0.6389639624621922,-0.9616268800000003
2017-03,5,4,1,132914.768,26582.9536,3,183678.79200000002,-50764.024,58.0,2017-03-01,12767878.340999996,17767878.341,60.0,3.618286682710575,2.65829536
2017-04,3,1,2,-44309.45599999999,-14769.818666666664,1,109921.88,-154231.336,50.666666666666664,2017-04-01,12723568.884999996,17723568.884999998,33.33333333333333,0.7127078248223175,-0.8861891199999997
2017-05,5,2,3,37755.978,7551.195600000001,2,91870.08,-54114.102,49.6,2017-05-01,12761324.862999996,17761324.862999998,40.0,1.6977105154586138,0.75511956
2017-06,2,0,2,112731.68,56365.84,1,118354.4,-5622.72,40.0,2017-06-01,12874056.542999996,17874056.542999998,50.0,21.04931421091571,2.2546336
2017-07,4,4,0,69574.06000000001,17393.515000000003,1,196831.268,-127257.208,72.5,2017-07-01,12943630.602999996,17943630.602999996,25.0,1.5467199940454455,1.3914812000000003
2017-08,5,2,3,-190796.826,-38159.3652,0,0.0,-190796.82599999997,59.2,2017-08-01,12752833.776999997,17752833.776999995,0.0,0.0,-3.81593652
2017-09,3,2,1,643881.5199999999,214627.1733333333,2,695582.6,-51701.08,80.0,2017-09-01,13396715.296999997,18396715.297,66.66666666666666,13.45392784831574,12.877630399999997
2017-10,6,4,2,-235142.5,-39190.416666666664,2,47006.799999999996,-282149.3,80.0,2017-10-01,13161572.796999997,18161572.797,33.33333333333333,0.16660257530321712,-4.70285
2017-11,6,3,3,-175215.97,-29202.661666666667,2,11091.048,-186307.018,60.0,2017-11-01,12986356.826999996,17986356.826999996,33.33333333333333,0.05953102636208798,-3.5043194
2017-12,5,3,2,-91503.002,-18300.6004,2,69378.16,-160881.16199999998,73.2,2017-12-01,12894853.824999996,17894853.824999996,40.0,0.43123855607159284,-1.8300600399999998
2018-01,2,2,0,1110639.87,555319.935,1,1140558.3,-29918.43,79.0,2018-01-01,14005493.694999997,19005493.694999997,50.0,38.12226443700422,22.212797400000003
2018-02,4,3,1,57327.905999999995,14331.976499999999,1,149938.158,-92610.25200000001,46.5,2018-02-01,14062821.600999996,19062821.600999996,25.0,1.61902332368127,1.14655812
2018-03,3,1,2,61899.042,20633.014,2,65295.121999999996,-3396.08,44.666666666666664,2018-03-01,14124720.642999995,19124720.642999995,66.66666666666666,19.226614802949282,1.23798084
2018-04,7,2,5,343330.708,49047.244,2,517276.0,-173945.292,45.142857142857146,2018-04-01,14468051.350999996,19468051.350999996,28.57142857142857,2.9737855739148147,6.866614159999999
2018-05,4,3,1,-70171.48999999999,-17542.872499999998,2,47756.100000000006,-117927.59,56.0,2018-05-01,14397879.860999996,19397879.860999994,50.0,0.40496121391101103,-1.4034297999999998
2018-06,2,0,2,-19017.4,-9508.7,0,0.0,-19017.4,40.0,2018-06-01,14378862.460999995,19378862.460999995,0.0,0.0,-0.380348
2018-07,2,1,1,332759.224,166379.612,2,332759.224,0.0,51.0,2018-07-01,14711621.684999995,19711621.684999995,100.0,inf,6.65518448
2018-08,9,4,5,-123626.33600000001,-13736.259555555556,3,85345.84000000001,-208972.176,52.666666666666664,2018-08-01,14587995.348999996,19587995.348999996,33.33333333333333,0.40840767241663795,-2.4725267200000003
2018-09,2,1,1,39403.513999999996,19701.756999999998,1,47562.28,-8158.766,51.0,2018-09-01,14627398.862999996,19627398.862999998,50.0,5.829592367277111,0.7880702799999998
2018-10,5,1,4,476413.31200000003,95282.6624,2,535869.152,-59455.84,45.6,2018-10-01,15103812.174999997,20103812.174999997,40.0,9.012893468496955,9.52826624
2018-11,8,3,5,-305208.61600000004,-38151.077000000005,1,21912.44,-327121.056,45.0,2018-11-01,14798603.558999997,19798603.558999997,12.5,0.0669857216406149,-6.104172320000001
2018-12,4,2,2,-108438.718,-27109.6795,1,32730.64,-141169.358,42.5,2018-12-01,14690164.840999996,19690164.841,25.0,0.231853714316672,-2.16877436
2019-02,5,2,3,373030.964,74606.19279999999,2,494063.484,-121032.51999999999,53.6,2019-02-01,15063195.804999996,20063195.804999996,40.0,4.0820721901849195,7.4606192799999995
2019-03,6,2,4,-195011.88999999998,-32501.981666666663,2,50514.44,-245526.33000000002,51.333333333333336,2019-03-01,14868183.914999995,19868183.914999995,33.33333333333333,0.2057394007396274,-3.9002377999999998
2019-04,5,3,2,-81373.99600000001,-16274.799200000003,1,101082.524,-182456.52000000002,74.8,2019-04-01,14786809.918999996,19786809.918999996,20.0,0.5540088345431557,-1.6274799200000003
2019-05,7,4,3,-10257.224000000004,-1465.3177142857148,2,121898.73999999999,-132155.964,57.142857142857146,2019-05-01,14776552.694999997,19776552.694999997,28.57142857142857,0.9223854626795351,-0.20514448000000007
2019-06,2,2,0,266186.27599999995,133093.13799999998,2,266186.27599999995,0.0,49.0,2019-06-01,15042738.970999997,20042738.970999997,100.0,inf,5.323725519999999
2019-07,5,3,2,-63155.742,-12631.1484,2,13065.58,-76221.322,62.4,2019-07-01,14979583.228999997,19979583.228999995,40.0,0.17141633938073128,-1.26311484
2019-08,4,0,4,110685.32,27671.33,2,173130.88,-62445.56,40.0,2019-08-01,15090268.548999997,20090268.548999995,50.0,2.7725090462796715,2.2137064
2019-09,1,1,0,405882.75,405882.75,1,405882.75,0.0,78.0,2019-09-01,15496151.298999997,20496151.298999995,100.0,inf,8.117655
2019-10,3,2,1,576253.024,192084.34133333332,2,619671.784,-43418.76,64.0,2019-10-01,16072404.322999997,21072404.323,66.66666666666666,14.271982525525832,11.525060479999999
2019-11,1,0,1,-16759.48,-16759.48,0,0.0,-16759.48,40.0,2019-11-01,16055644.842999997,21055644.842999995,0.0,0.0,-0.3351896
2019-12,3,1,2,386296.792,128765.59733333334,2,395435.672,-9138.880000000001,56.0,2019-12-01,16441941.634999996,21441941.634999998,66.66666666666666,43.26959890052172,7.725935840000001
2020-01,1,0,1,-117650.44,-117650.44,0,0.0,-117650.44,40.0,2020-01-01,16324291.194999997,21324291.194999997,0.0,0.0,-2.3530088
2020-02,4,0,4,265761.79600000003,66440.44900000001,1,520614.596,-254852.8,38.5,2020-02-01,16590052.990999997,21590052.990999997,25.0,2.0428050859162625,5.315235920000001
2020-03,2,0,2,276535.118,138267.559,1,344933.14,-68398.022,21.0,2020-03-01,16866588.108999997,21866588.108999997,50.0,5.043027998675167,5.53070236
2020-04,2,2,0,118835.33999999998,59417.66999999999,1,202065.792,-83230.452,30.0,2020-04-01,16985423.448999997,21985423.448999997,50.0,2.4277867913056626,2.3767067999999996
2020-05,3,3,0,277528.256,92509.41866666666,3,277528.256,0.0,33.333333333333336,2020-05-01,17262951.705,22262951.705,100.0,inf,5.55056512
2020-06,2,2,0,136448.936,68224.468,1,148251.376,-11802.44,34.0,2020-06-01,17399400.641,22399400.641,50.0,12.56107855663744,2.7289787199999997
2020-07,7,2,5,-217931.51799999998,-31133.073999999997,3,68753.21800000001,-286684.736,46.0,2020-07-01,17181469.123,22181469.123,42.857142857142854,0.23982169040210083,-4.358630359999999
2020-08,7,4,3,-216692.492,-30956.070285714286,1,4587.28,-221279.77200000003,48.285714285714285,2020-08-01,16964776.631,21964776.631,14.285714285714285,0.020730679350121524,-4.33384984
2020-09,4,0,4,246103.96,61525.99,3,321518.52,-75414.56,40.0,2020-09-01,17210880.591000002,22210880.591000002,75.0,4.263348085568623,4.9220792
2020-10,5,1,4,-82041.094,-16408.2188,0,0.0,-82041.094,44.4,2020-10-01,17128839.497,22128839.497,0.0,0.0,-1.6408218799999998
2020-11,2,1,1,640368.892,320184.446,2,640368.892,0.0,39.0,2020-11-01,17769208.389000002,22769208.389000002,100.0,inf,12.807377840000001
2020-12,1,1,0,-67528.44,-67528.44,0,0.0,-67528.44,72.0,2020-12-01,17701679.949,22701679.949,0.0,0.0,-1.3505688
2021-01,2,1,1,318995.784,159497.892,2,318995.784,0.0,44.0,2021-01-01,18020675.733000003,23020675.733000003,100.0,inf,6.379915679999999
2021-02,2,2,0,-3045.5520000000015,-1522.7760000000007,1,6028.5599999999995,-9074.112000000001,44.0,2021-02-01,18017630.181,23017630.181,50.0,0.6643691415755061,-0.06091104000000003
2021-03,4,1,3,-97080.99,-24270.2475,1,13467.488,-110548.478,36.5,2021-03-01,17920549.191000003,22920549.191000003,25.0,0.12182427332920856,-1.9416198000000002
2021-04,6,4,2,-132856.26200000002,-22142.710333333336,2,143204.69999999998,-276060.96200000006,44.666666666666664,2021-04-01,17787692.929000005,22787692.929000005,33.33333333333333,0.518743030389063,-2.65712524
2021-05,5,5,0,44097.274000000005,8819.454800000001,2,168440.67,-124343.39600000001,51.2,2021-05-01,17831790.203000005,22831790.203000005,40.0,1.3546410619185598,0.8819454800000002
2021-06,3,2,1,553267.6159999999,184422.53866666663,2,566308.656,-13041.04,64.0,2021-06-01,18385057.819000006,23385057.819000006,66.66666666666666,43.42511456141534,11.065352319999997
2021-07,6,2,4,-330831.356,-55138.55933333334,1,123929.56,-454760.916,50.333333333333336,2021-07-01,18054226.463000007,23054226.463000007,16.666666666666664,0.2725158553423267,-6.61662712
2021-08,6,4,2,-265339.16000000003,-44223.193333333336,1,44486.812,-309825.97199999995,57.0,2021-08-01,17788887.303000007,22788887.303000007,16.666666666666664,0.14358645181624735,-5.306783200000001
2021-09,6,4,2,122404.68599999999,20400.781,1,338309.12,-215904.434,47.666666666666664,2021-09-01,17911291.989000008,22911291.989000008,16.666666666666664,1.5669391949588214,2.4480937199999997
2021-10,4,3,1,387576.596,96894.149,1,465786.816,-78210.22,43.0,2021-10-01,18298868.58500001,23298868.58500001,25.0,5.955574808509681,7.751531920000001
2021-11,5,0,5,360458.404,72091.6808,3,530961.26,-170502.856,36.4,2021-11-01,18659326.989000008,23659326.989000008,60.0,3.1140901240973933,7.20916808
2021-12,6,3,3,-249666.88400000002,-41611.147333333334,0,0.0,-249666.88400000002,38.666666666666664,2021-12-01,18409660.105000008,23409660.105000008,0.0,0.0,-4.993337680000001
2022-01,6,3,3,234193.26999999996,39032.21166666666,1,517942.736,-283749.46599999996,34.333333333333336,2022-01-01,18643853.375000007,23643853.375000007,16.666666666666664,1.82535228453963,4.683865399999999
2022-02,6,3,3,477136.226,79522.70433333334,4,664657.274,-187521.048,16.333333333333332,2022-02-01,19120989.601000007,24120989.601000007,66.66666666666666,3.5444409099078835,9.54272452
2022-04,3,0,3,28228.68,9409.56,1,50719.28,-22490.6,23.333333333333332,2022-04-01,19149218.281000007,24149218.281000007,33.33333333333333,2.255132366410856,0.5645736
2022-05,2,2,0,248926.36,124463.18,1,253408.012,-4481.652,17.0,2022-05-01,19398144.641000006,24398144.641000006,50.0,56.5434380000946,4.9785272
2022-06,3,2,1,49639.98999999999,16546.66333333333,1,90367.272,-40727.28200000001,26.666666666666668,2022-06-01,19447784.631000005,24447784.631000005,33.33333333333333,2.218838762675103,0.9927997999999999
2022-07,5,1,4,-199055.64,-39811.128000000004,0,0.0,-199055.64,21.2,2022-07-01,19248728.991000004,24248728.991000004,0.0,0.0,-3.9811128
2022-08,4,1,3,-140117.46000000002,-35029.365000000005,1,34765.32,-174882.78000000003,34.5,2022-08-01,19108611.531000003,24108611.531000003,25.0,0.1987921280757316,-2.8023492000000005
2022-09,3,1,2,964645.696,321548.56533333333,3,964645.696,0.0,32.0,2022-09-01,20073257.227,25073257.227,100.0,inf,19.29291392
2022-10,4,2,2,-143186.86000000002,-35796.715000000004,1,39234.636,-182421.496,38.5,2022-10-01,19930070.367000002,24930070.367000002,25.0,0.21507682406025216,-2.8637372000000005
2022-11,5,2,3,355827.484,71165.4968,2,432917.484,-77090.0,40.8,2022-11-01,20285897.851000004,25285897.851000004,40.0,5.6157411337397845,7.11654968
2022-12,3,0,3,-126881.64,-42293.88,1,7503.4,-134385.04,40.0,2022-12-01,20159016.211000003,25159016.211000003,33.33333333333333,0.05583508402423364,-2.5376328
2023-01,5,1,4,-111303.37999999999,-22260.676,2,55663.4,-166966.78,44.0,2023-01-01,20047712.831000004,25047712.831000004,40.0,0.33338008914108547,-2.2260675999999995
2023-02,4,2,2,-8695.673999999985,-2173.918499999996,1,169623.2,-178318.874,53.0,2023-02-01,20039017.157000005,25039017.157000005,25.0,0.9512352573513895,-0.17391347999999968
2023-03,5,4,1,-163848.668,-32769.7336,1,25502.308,-189350.976,61.6,2023-03-01,19875168.489000004,24875168.489000004,20.0,0.13468273857748692,-3.2769733600000004
2023-04,5,3,2,-27659.976000000006,-5531.995200000001,2,57804.49799999999,-85464.474,61.6,2023-04-01,19847508.513000004,24847508.513000004,40.0,0.6763570322798687,-0.5531995200000002
2023-05,9,7,2,-576695.972,-64077.33022222222,0,0.0,-576695.9720000001,59.333333333333336,2023-05-01,19270812.541000005,24270812.541000005,0.0,0.0,-11.533919439999998
2023-06,8,4,4,-81582.728,-10197.841,2,214758.2,-296340.928,65.25,2023-06-01,19189229.813000005,24189229.813000005,25.0,0.7246997620254466,-1.6316545599999999
2023-07,3,2,1,-26161.136,-8720.378666666666,1,16756.08,-42917.216,72.0,2023-07-01,19163068.677000005,24163068.677000005,33.33333333333333,0.3904279345612726,-0.52322272
2023-08,8,6,2,33608.869999999995,4201.108749999999,3,225298.664,-191689.794,66.75,2023-08-01,19196677.547000006,24196677.547000006,37.5,1.1753294700707957,0.6721773999999999
2023-09,5,1,4,-26024.500000000004,-5204.900000000001,1,97970.28,-123994.78,52.0,2023-09-01,19170653.047000006,24170653.047000006,20.0,0.7901161645675729,-0.5204900000000001
2023-10,2,1,1,301308.276,150654.138,2,301308.276,0.0,62.0,2023-10-01,19471961.323000006,24471961.323000006,100.0,inf,6.02616552
2023-11,3,3,0,367320.87200000003,122440.29066666668,1,433692.672,-66371.8,98.66666666666667,2023-11-01,19839282.195000008,24839282.195000008,33.33333333333333,6.534291250199633,7.3464174400000015
2023-12,4,3,1,198891.53600000002,49722.884000000005,2,246547.236,-47655.7,64.0,2023-12-01,20038173.731000006,25038173.731000006,50.0,5.173509905425794,3.97783072
2024-01,4,3,1,334576.93200000003,83644.23300000001,2,391780.33200000005,-57203.399999999994,79.0,2024-01-01,20372750.663000006,25372750.663000006,50.0,6.8488994010845525,6.691538640000001
2024-02,5,0,5,-2487.560000000012,-497.51200000000244,2,113817.64,-116305.2,40.0,2024-02-01,20370263.103000008,25370263.103000008,40.0,0.9786117903584707,-0.049751200000000245
2024-03,1,1,0,280720.3,280720.3,1,280720.3,0.0,100.0,2024-03-01,20650983.40300001,25650983.40300001,100.0,inf,5.614406
2024-04,7,7,0,-48353.602,-6907.657428571429,2,63231.228,-111584.83,98.28571428571429,2024-04-01,20602629.801000006,25602629.801000006,28.57142857142857,0.5666650923785966,-0.9670720399999999
2024-05,5,3,2,-51412.804000000004,-10282.560800000001,1,67645.2,-119058.00399999999,64.4,2024-05-01,20551216.997000005,25551216.997000005,20.0,0.5681701164753274,-1.02825608
2024-06,5,5,0,-149276.714,-29855.342800000002,1,33715.52,-182992.234,44.0,2024-06-01,20401940.283000004,25401940.283000004,20.0,0.1842456330687782,-2.98553428
2024-07,6,3,3,81717.726,13619.621,3,172570.48,-90852.754,53.0,2024-07-01,20483658.009000003,25483658.009000003,50.0,1.8994523820378633,1.63435452
2024-08,4,0,4,64280.12,16070.03,3,120729.68,-56449.56,40.0,2024-08-01,20547938.129000004,25547938.129000004,75.0,2.138717821715528,1.2856024000000001
2024-09,1,0,1,82050.6,82050.6,1,82050.6,0.0,40.0,2024-09-01,20629988.729000006,25629988.729000006,100.0,inf,1.641012
2024-10,4,1,3,257130.304,64282.576,3,261485.624,-4355.32,44.0,2024-10-01,20887119.033000007,25887119.033000007,75.0,60.03821165838561,5.14260608
2024-11,3,1,2,78553.656,26184.552,2,101445.56,-22891.904,48.0,2024-11-01,20965672.689000007,25965672.689000007,66.66666666666666,4.431503818992077,1.57107312
2024-12,1,1,0,46229.616,46229.616,1,46229.616,0.0,36.0,2024-12-01,21011902.305000007,26011902.305000007,100.0,inf,0.92459232
2025-01,3,3,0,229194.32400000002,76398.10800000001,2,269117.48,-39923.156,48.0,2025-01-01,21241096.629000008,26241096.629000008,66.66666666666666,6.740886917857896,4.58388648
2025-02,3,3,0,1503452.142,501150.714,2,1510837.0860000001,-7384.944,62.666666666666664,2025-02-01,22744548.77100001,27744548.77100001,66.66666666666666,204.58341810039454,30.069042839999998
2025-03,2,1,1,-361781.64800000004,-180890.82400000002,0,0.0,-361781.64800000004,36.0,2025-03-01,22382767.12300001,27382767.12300001,0.0,0.0,-7.23563296
2025-04,2,2,0,173027.556,86513.778,1,208389.564,-35362.008,36.0,2025-04-01,22555794.679000013,27555794.679000013,50.0,5.893035372878146,3.4605511200000003
2025-05,6,2,4,-496169.73600000003,-82694.956,0,0.0,-496169.736,38.666666666666664,2025-05-01,22059624.94300001,27059624.94300001,0.0,0.0,-9.923394720000001
2025-06,3,2,1,-92449.526,-30816.508666666665,1,7049.322,-99498.848,45.333333333333336,2025-06-01,21967175.41700001,26967175.41700001,33.33333333333333,0.07084827755995728,-1.84899052
2025-07,5,2,3,100203.77400000002,20040.754800000002,3,160663.46400000004,-60459.69,43.6,2025-07-01,22067379.19100001,27067379.19100001,60.0,2.6573649980673077,2.0040754800000005
2025-08,3,1,2,17242.789999999997,5747.596666666665,2,25752.83,-8510.04,35.333333333333336,2025-08-01,22084621.98100001,27084621.98100001,66.66666666666666,3.0261702647696134,0.34485579999999993
2025-09,3,0,3,96241.23999999999,32080.41333333333,3,96241.23999999999,0.0,40.0,2025-09-01,22180863.22100001,27180863.22100001,100.0,inf,1.9248248
2025-10,9,2,7,-168483.60199999998,-18720.40022222222,2,84298.824,-252782.426,39.77777777777778,2025-10-01,22012379.619000006,27012379.619000006,22.22222222222222,0.33348372089759115,-3.3696720399999998
2025-11,7,1,6,-253361.72,-36194.53142857143,1,33201.88,-286563.6,44.57142857142857,2025-11-01,21759017.899000008,26759017.899000008,14.285714285714285,0.11586216811904931,-5.0672344
2025-12,6,4,2,233207.72999999998,38867.954999999994,3,359567.43,-126359.70000000001,48.333333333333336,2025-12-01,21992225.629000008,26992225.629000008,50.0,2.8455862905657416,4.6641546
2026-01,4,3,1,219887.97600000002,54971.994000000006,1,396573.28,-176685.304,58.5,2026-01-01,22212113.605000008,27212113.605000008,25.0,2.244517631189066,4.39775952
2026-02,2,1,1,36165.727999999996,18082.863999999998,1,39472.768,-3307.04,52.0,2026-02-01,22248279.333000008,27248279.333000008,50.0,11.935981421452416,0.7233145599999999
