rank_oos,action_idx,koeff1,koeff2,sl_pts,policy_q,is_policy_best,train_avg_trade,train_trades,train_total_pnl,train_pf,train_max_dd_abs,train_max_dd_pct,oos_avg_trade,oos_trades,oos_total_pnl,oos_pf,oos_max_dd_abs,oos_max_dd_pct,delta_oos_pnl_vs_konkop,delta_oos_pf_vs_konkop,delta_oos_max_dd_pct_vs_konkop
1,0,0.5,0.5,10.0,5.139892578125,0,1248.3333333333333,930,1160950.0,1.2255502516907284,213610.0,4.272200000000001,1930.4046242774566,346,667920.0,1.3938091447775713,193690.0,3.8738,-10996203.0,-0.18619085522242873,-12.0562
2,1,0.5,0.5,71.25,-81.9908218383789,0,1248.3333333333333,930,1160950.0,1.2255502516907284,213610.0,4.272200000000001,1930.4046242774566,346,667920.0,1.3938091447775713,193690.0,3.8738,-10996203.0,-0.18619085522242873,-12.0562
3,2,0.5,0.5,80.0,44.181640625,0,1248.3333333333333,930,1160950.0,1.2255502516907284,213610.0,4.272200000000001,1930.4046242774566,346,667920.0,1.3938091447775713,193690.0,3.8738,-10996203.0,-0.18619085522242873,-12.0562
4,3,0.5,0.5,132.5,1.6441497802734375,0,1248.3333333333333,930,1160950.0,1.2255502516907284,213610.0,4.272200000000001,1930.4046242774566,346,667920.0,1.3938091447775713,193690.0,3.8738,-10996203.0,-0.18619085522242873,-12.0562
5,4,0.5,0.5,193.75,238.12391662597656,0,1248.3333333333333,930,1160950.0,1.2255502516907284,213610.0,4.272200000000001,1930.4046242774566,346,667920.0,1.3938091447775713,193690.0,3.8738,-10996203.0,-0.18619085522242873,-12.0562
6,5,0.5,0.5,255.0,-88.68222045898438,0,1248.3333333333333,930,1160950.0,1.2255502516907284,213610.0,4.272200000000001,1930.4046242774566,346,667920.0,1.3938091447775713,193690.0,3.8738,-10996203.0,-0.18619085522242873,-12.0562
7,6,0.5,0.5,316.25,-70.57942962646484,0,1248.3333333333333,930,1160950.0,1.2255502516907284,213610.0,4.272200000000001,1930.4046242774566,346,667920.0,1.3938091447775713,193690.0,3.8738,-10996203.0,-0.18619085522242873,-12.0562
8,7,0.5,0.5,377.5,-14.1015625,0,1248.3333333333333,930,1160950.0,1.2255502516907284,213610.0,4.272200000000001,1930.4046242774566,346,667920.0,1.3938091447775713,193690.0,3.8738,-10996203.0,-0.18619085522242873,-12.0562
9,8,0.5,0.5,438.75,46.05998611450195,0,1248.3333333333333,930,1160950.0,1.2255502516907284,213610.0,4.272200000000001,1930.4046242774566,346,667920.0,1.3938091447775713,193690.0,3.8738,-10996203.0,-0.18619085522242873,-12.0562
10,9,0.5,0.5,500.0,138.05303955078125,0,1248.3333333333333,930,1160950.0,1.2255502516907284,213610.0,4.272200000000001,1930.4046242774566,346,667920.0,1.3938091447775713,193690.0,3.8738,-10996203.0,-0.18619085522242873,-12.0562
11,10,0.5,0.75,10.0,110.45399475097656,0,1200.837837837838,925,1110775.0,1.2160721371937224,222610.0,4.4521999999999995,1916.7246376811595,345,661270.0,1.3927574450898637,193690.0,3.8738,-11002853.0,-0.18724255491013642,-12.0562
12,11,0.5,0.75,71.25,-41.84397888183594,0,1200.837837837838,925,1110775.0,1.2160721371937224,222610.0,4.4521999999999995,1916.7246376811595,345,661270.0,1.3927574450898637,193690.0,3.8738,-11002853.0,-0.18724255491013642,-12.0562
13,12,0.5,0.75,80.0,-176.3623809814453,0,1200.837837837838,925,1110775.0,1.2160721371937224,222610.0,4.4521999999999995,1916.7246376811595,345,661270.0,1.3927574450898637,193690.0,3.8738,-11002853.0,-0.18724255491013642,-12.0562
14,13,0.5,0.75,132.5,96.93721008300781,0,1200.837837837838,925,1110775.0,1.2160721371937224,222610.0,4.4521999999999995,1916.7246376811595,345,661270.0,1.3927574450898637,193690.0,3.8738,-11002853.0,-0.18724255491013642,-12.0562
15,14,0.5,0.75,193.75,-99.79293823242188,0,1200.837837837838,925,1110775.0,1.2160721371937224,222610.0,4.4521999999999995,1916.7246376811595,345,661270.0,1.3927574450898637,193690.0,3.8738,-11002853.0,-0.18724255491013642,-12.0562
16,15,0.5,0.75,255.0,-237.0115966796875,0,1200.837837837838,925,1110775.0,1.2160721371937224,222610.0,4.4521999999999995,1916.7246376811595,345,661270.0,1.3927574450898637,193690.0,3.8738,-11002853.0,-0.18724255491013642,-12.0562
17,16,0.5,0.75,316.25,-55.75543212890625,0,1200.837837837838,925,1110775.0,1.2160721371937224,222610.0,4.4521999999999995,1916.7246376811595,345,661270.0,1.3927574450898637,193690.0,3.8738,-11002853.0,-0.18724255491013642,-12.0562
18,17,0.5,0.75,377.5,99.5812759399414,0,1200.837837837838,925,1110775.0,1.2160721371937224,222610.0,4.4521999999999995,1916.7246376811595,345,661270.0,1.3927574450898637,193690.0,3.8738,-11002853.0,-0.18724255491013642,-12.0562
19,18,0.5,0.75,438.75,59.21862030029297,0,1200.837837837838,925,1110775.0,1.2160721371937224,222610.0,4.4521999999999995,1916.7246376811595,345,661270.0,1.3927574450898637,193690.0,3.8738,-11002853.0,-0.18724255491013642,-12.0562
20,19,0.5,0.75,500.0,140.28848266601562,0,1200.837837837838,925,1110775.0,1.2160721371937224,222610.0,4.4521999999999995,1916.7246376811595,345,661270.0,1.3927574450898637,193690.0,3.8738,-11002853.0,-0.18724255491013642,-12.0562
21,80,0.75,0.5,10.0,-320.85699462890625,0,1114.4962486602358,933,1039825.0,1.1996300463066065,252780.0,5.0556,1886.907514450867,346,652870.0,1.3815498801940271,190960.0,3.8191999999999995,-11011253.0,-0.19845011980597294,-12.110800000000001
22,81,0.75,0.5,71.25,-79.47657012939453,0,1114.4962486602358,933,1039825.0,1.1996300463066065,252780.0,5.0556,1886.907514450867,346,652870.0,1.3815498801940271,190960.0,3.8191999999999995,-11011253.0,-0.19845011980597294,-12.110800000000001
23,82,0.75,0.5,80.0,121.1888656616211,0,1114.4962486602358,933,1039825.0,1.1996300463066065,252780.0,5.0556,1886.907514450867,346,652870.0,1.3815498801940271,190960.0,3.8191999999999995,-11011253.0,-0.19845011980597294,-12.110800000000001
24,83,0.75,0.5,132.5,136.96221923828125,0,1114.4962486602358,933,1039825.0,1.1996300463066065,252780.0,5.0556,1886.907514450867,346,652870.0,1.3815498801940271,190960.0,3.8191999999999995,-11011253.0,-0.19845011980597294,-12.110800000000001
25,84,0.75,0.5,193.75,-140.80816650390625,0,1114.4962486602358,933,1039825.0,1.1996300463066065,252780.0,5.0556,1886.907514450867,346,652870.0,1.3815498801940271,190960.0,3.8191999999999995,-11011253.0,-0.19845011980597294,-12.110800000000001
26,85,0.75,0.5,255.0,-134.3327178955078,0,1114.4962486602358,933,1039825.0,1.1996300463066065,252780.0,5.0556,1886.907514450867,346,652870.0,1.3815498801940271,190960.0,3.8191999999999995,-11011253.0,-0.19845011980597294,-12.110800000000001
27,86,0.75,0.5,316.25,-274.1587219238281,0,1114.4962486602358,933,1039825.0,1.1996300463066065,252780.0,5.0556,1886.907514450867,346,652870.0,1.3815498801940271,190960.0,3.8191999999999995,-11011253.0,-0.19845011980597294,-12.110800000000001
28,87,0.75,0.5,377.5,-437.5361328125,0,1114.4962486602358,933,1039825.0,1.1996300463066065,252780.0,5.0556,1886.907514450867,346,652870.0,1.3815498801940271,190960.0,3.8191999999999995,-11011253.0,-0.19845011980597294,-12.110800000000001
29,88,0.75,0.5,438.75,-78.12336730957031,0,1114.4962486602358,933,1039825.0,1.1996300463066065,252780.0,5.0556,1886.907514450867,346,652870.0,1.3815498801940271,190960.0,3.8191999999999995,-11011253.0,-0.19845011980597294,-12.110800000000001
30,89,0.75,0.5,500.0,-2.2533206939697266,0,1114.4962486602358,933,1039825.0,1.1996300463066065,252780.0,5.0556,1886.907514450867,346,652870.0,1.3815498801940271,190960.0,3.8191999999999995,-11011253.0,-0.19845011980597294,-12.110800000000001
31,90,0.75,0.75,10.0,-44.72600173950195,0,1062.3383620689656,928,985850.0,1.1895016271555245,252310.0,5.0462,1873.1014492753623,345,646220.0,1.380418081956308,190960.0,3.8191999999999995,-11017903.0,-0.19958191804369196,-12.110800000000001
32,91,0.75,0.75,71.25,67.6570053100586,0,1062.3383620689656,928,985850.0,1.1895016271555245,252310.0,5.0462,1873.1014492753623,345,646220.0,1.380418081956308,190960.0,3.8191999999999995,-11017903.0,-0.19958191804369196,-12.110800000000001
33,92,0.75,0.75,80.0,-56.51026916503906,0,1062.3383620689656,928,985850.0,1.1895016271555245,252310.0,5.0462,1873.1014492753623,345,646220.0,1.380418081956308,190960.0,3.8191999999999995,-11017903.0,-0.19958191804369196,-12.110800000000001
34,93,0.75,0.75,132.5,-0.18093490600585938,0,1062.3383620689656,928,985850.0,1.1895016271555245,252310.0,5.0462,1873.1014492753623,345,646220.0,1.380418081956308,190960.0,3.8191999999999995,-11017903.0,-0.19958191804369196,-12.110800000000001
35,94,0.75,0.75,193.75,-24.74163055419922,0,1062.3383620689656,928,985850.0,1.1895016271555245,252310.0,5.0462,1873.1014492753623,345,646220.0,1.380418081956308,190960.0,3.8191999999999995,-11017903.0,-0.19958191804369196,-12.110800000000001
36,95,0.75,0.75,255.0,303.955078125,0,1062.3383620689656,928,985850.0,1.1895016271555245,252310.0,5.0462,1873.1014492753623,345,646220.0,1.380418081956308,190960.0,3.8191999999999995,-11017903.0,-0.19958191804369196,-12.110800000000001
37,96,0.75,0.75,316.25,-485.54644775390625,0,1062.3383620689656,928,985850.0,1.1895016271555245,252310.0,5.0462,1873.1014492753623,345,646220.0,1.380418081956308,190960.0,3.8191999999999995,-11017903.0,-0.19958191804369196,-12.110800000000001
38,97,0.75,0.75,377.5,432.15814208984375,0,1062.3383620689656,928,985850.0,1.1895016271555245,252310.0,5.0462,1873.1014492753623,345,646220.0,1.380418081956308,190960.0,3.8191999999999995,-11017903.0,-0.19958191804369196,-12.110800000000001
39,98,0.75,0.75,438.75,325.6507263183594,0,1062.3383620689656,928,985850.0,1.1895016271555245,252310.0,5.0462,1873.1014492753623,345,646220.0,1.380418081956308,190960.0,3.8191999999999995,-11017903.0,-0.19958191804369196,-12.110800000000001
40,99,0.75,0.75,500.0,201.31195068359375,0,1062.3383620689656,928,985850.0,1.1895016271555245,252310.0,5.0462,1873.1014492753623,345,646220.0,1.380418081956308,190960.0,3.8191999999999995,-11017903.0,-0.19958191804369196,-12.110800000000001
41,160,1.0,0.5,10.0,53.938514709472656,0,1215.2115655853315,709,861585.0,1.2181288592846888,205250.0,4.105,1849.7761194029852,268,495740.0,1.3981367706702004,153080.0,3.0616,-11168383.0,-0.1818632293297997,-12.8684
42,161,1.0,0.5,71.25,-8.392227172851562,0,1215.2115655853315,709,861585.0,1.2181288592846888,205250.0,4.105,1849.7761194029852,268,495740.0,1.3981367706702004,153080.0,3.0616,-11168383.0,-0.1818632293297997,-12.8684
43,162,1.0,0.5,80.0,4004.000244140625,1,1215.2115655853315,709,861585.0,1.2181288592846888,205250.0,4.105,1849.7761194029852,268,495740.0,1.3981367706702004,153080.0,3.0616,-11168383.0,-0.1818632293297997,-12.8684
44,163,1.0,0.5,132.5,55.34223937988281,0,1215.2115655853315,709,861585.0,1.2181288592846888,205250.0,4.105,1849.7761194029852,268,495740.0,1.3981367706702004,153080.0,3.0616,-11168383.0,-0.1818632293297997,-12.8684
45,164,1.0,0.5,193.75,-110.6386947631836,0,1215.2115655853315,709,861585.0,1.2181288592846888,205250.0,4.105,1849.7761194029852,268,495740.0,1.3981367706702004,153080.0,3.0616,-11168383.0,-0.1818632293297997,-12.8684
46,165,1.0,0.5,255.0,-64.18048095703125,0,1215.2115655853315,709,861585.0,1.2181288592846888,205250.0,4.105,1849.7761194029852,268,495740.0,1.3981367706702004,153080.0,3.0616,-11168383.0,-0.1818632293297997,-12.8684
47,166,1.0,0.5,316.25,-341.09796142578125,0,1215.2115655853315,709,861585.0,1.2181288592846888,205250.0,4.105,1849.7761194029852,268,495740.0,1.3981367706702004,153080.0,3.0616,-11168383.0,-0.1818632293297997,-12.8684
48,167,1.0,0.5,377.5,-83.05184936523438,0,1215.2115655853315,709,861585.0,1.2181288592846888,205250.0,4.105,1849.7761194029852,268,495740.0,1.3981367706702004,153080.0,3.0616,-11168383.0,-0.1818632293297997,-12.8684
49,168,1.0,0.5,438.75,-383.47137451171875,0,1215.2115655853315,709,861585.0,1.2181288592846888,205250.0,4.105,1849.7761194029852,268,495740.0,1.3981367706702004,153080.0,3.0616,-11168383.0,-0.1818632293297997,-12.8684
50,169,1.0,0.5,500.0,106.86476135253906,0,1215.2115655853315,709,861585.0,1.2181288592846888,205250.0,4.105,1849.7761194029852,268,495740.0,1.3981367706702004,153080.0,3.0616,-11168383.0,-0.1818632293297997,-12.8684
51,170,1.0,0.75,10.0,360.11798095703125,0,1225.2275960170698,703,861335.0,1.2213196156549064,184490.0,3.6898,1802.434456928839,267,481250.0,1.3903841785911288,153080.0,3.0616,-11182873.0,-0.18961582140887123,-12.8684
52,171,1.0,0.75,71.25,-254.82455444335938,0,1225.2275960170698,703,861335.0,1.2213196156549064,184490.0,3.6898,1802.434456928839,267,481250.0,1.3903841785911288,153080.0,3.0616,-11182873.0,-0.18961582140887123,-12.8684
53,172,1.0,0.75,80.0,-122.318115234375,0,1225.2275960170698,703,861335.0,1.2213196156549064,184490.0,3.6898,1802.434456928839,267,481250.0,1.3903841785911288,153080.0,3.0616,-11182873.0,-0.18961582140887123,-12.8684
54,173,1.0,0.75,132.5,-536.9405517578125,0,1225.2275960170698,703,861335.0,1.2213196156549064,184490.0,3.6898,1802.434456928839,267,481250.0,1.3903841785911288,153080.0,3.0616,-11182873.0,-0.18961582140887123,-12.8684
55,174,1.0,0.75,193.75,313.5158996582031,0,1225.2275960170698,703,861335.0,1.2213196156549064,184490.0,3.6898,1802.434456928839,267,481250.0,1.3903841785911288,153080.0,3.0616,-11182873.0,-0.18961582140887123,-12.8684
56,175,1.0,0.75,255.0,-76.44937133789062,0,1225.2275960170698,703,861335.0,1.2213196156549064,184490.0,3.6898,1802.434456928839,267,481250.0,1.3903841785911288,153080.0,3.0616,-11182873.0,-0.18961582140887123,-12.8684
57,176,1.0,0.75,316.25,55.70235824584961,0,1225.2275960170698,703,861335.0,1.2213196156549064,184490.0,3.6898,1802.434456928839,267,481250.0,1.3903841785911288,153080.0,3.0616,-11182873.0,-0.18961582140887123,-12.8684
58,177,1.0,0.75,377.5,108.52925872802734,0,1225.2275960170698,703,861335.0,1.2213196156549064,184490.0,3.6898,1802.434456928839,267,481250.0,1.3903841785911288,153080.0,3.0616,-11182873.0,-0.18961582140887123,-12.8684
59,178,1.0,0.75,438.75,87.31433868408203,0,1225.2275960170698,703,861335.0,1.2213196156549064,184490.0,3.6898,1802.434456928839,267,481250.0,1.3903841785911288,153080.0,3.0616,-11182873.0,-0.18961582140887123,-12.8684
60,179,1.0,0.75,500.0,-376.51025390625,0,1225.2275960170698,703,861335.0,1.2213196156549064,184490.0,3.6898,1802.434456928839,267,481250.0,1.3903841785911288,153080.0,3.0616,-11182873.0,-0.18961582140887123,-12.8684
61,30,0.5,1.005,10.0,230.2913360595703,0,1042.097812097812,777,809710.0,1.1831338871536456,219000.0,4.38,1421.6546762589928,278,395220.0,1.3076743425662105,149040.0,2.9808000000000003,-11268903.0,-0.27232565743378956,-12.9492
62,31,0.5,1.005,71.25,-120.5648422241211,0,1042.097812097812,777,809710.0,1.1831338871536456,219000.0,4.38,1421.6546762589928,278,395220.0,1.3076743425662105,149040.0,2.9808000000000003,-11268903.0,-0.27232565743378956,-12.9492
63,32,0.5,1.005,80.0,134.58175659179688,0,1042.097812097812,777,809710.0,1.1831338871536456,219000.0,4.38,1421.6546762589928,278,395220.0,1.3076743425662105,149040.0,2.9808000000000003,-11268903.0,-0.27232565743378956,-12.9492
64,33,0.5,1.005,132.5,296.53314208984375,0,1042.097812097812,777,809710.0,1.1831338871536456,219000.0,4.38,1421.6546762589928,278,395220.0,1.3076743425662105,149040.0,2.9808000000000003,-11268903.0,-0.27232565743378956,-12.9492
65,34,0.5,1.005,193.75,-143.4916229248047,0,1042.097812097812,777,809710.0,1.1831338871536456,219000.0,4.38,1421.6546762589928,278,395220.0,1.3076743425662105,149040.0,2.9808000000000003,-11268903.0,-0.27232565743378956,-12.9492
66,35,0.5,1.005,255.0,-46.985782623291016,0,1042.097812097812,777,809710.0,1.1831338871536456,219000.0,4.38,1421.6546762589928,278,395220.0,1.3076743425662105,149040.0,2.9808000000000003,-11268903.0,-0.27232565743378956,-12.9492
67,36,0.5,1.005,316.25,-65.72295379638672,0,1042.097812097812,777,809710.0,1.1831338871536456,219000.0,4.38,1421.6546762589928,278,395220.0,1.3076743425662105,149040.0,2.9808000000000003,-11268903.0,-0.27232565743378956,-12.9492
68,37,0.5,1.005,377.5,-16.294921875,0,1042.097812097812,777,809710.0,1.1831338871536456,219000.0,4.38,1421.6546762589928,278,395220.0,1.3076743425662105,149040.0,2.9808000000000003,-11268903.0,-0.27232565743378956,-12.9492
69,38,0.5,1.005,438.75,-98.64881896972656,0,1042.097812097812,777,809710.0,1.1831338871536456,219000.0,4.38,1421.6546762589928,278,395220.0,1.3076743425662105,149040.0,2.9808000000000003,-11268903.0,-0.27232565743378956,-12.9492
70,39,0.5,1.005,500.0,115.47999572753906,0,1042.097812097812,777,809710.0,1.1831338871536456,219000.0,4.38,1421.6546762589928,278,395220.0,1.3076743425662105,149040.0,2.9808000000000003,-11268903.0,-0.27232565743378956,-12.9492
71,20,0.5,1.0,10.0,2.0101776123046875,0,914.2376950780313,833,761560.0,1.1596724195227397,223620.0,4.4724,1293.4013605442176,294,380260.0,1.2678057059954504,169160.0,3.3832,-11283863.0,-0.3121942940045497,-12.5468
72,21,0.5,1.0,71.25,316.266845703125,0,914.2376950780313,833,761560.0,1.1596724195227397,223620.0,4.4724,1293.4013605442176,294,380260.0,1.2678057059954504,169160.0,3.3832,-11283863.0,-0.3121942940045497,-12.5468
73,22,0.5,1.0,80.0,-288.4019775390625,0,914.2376950780313,833,761560.0,1.1596724195227397,223620.0,4.4724,1293.4013605442176,294,380260.0,1.2678057059954504,169160.0,3.3832,-11283863.0,-0.3121942940045497,-12.5468
74,23,0.5,1.0,132.5,131.5,0,914.2376950780313,833,761560.0,1.1596724195227397,223620.0,4.4724,1293.4013605442176,294,380260.0,1.2678057059954504,169160.0,3.3832,-11283863.0,-0.3121942940045497,-12.5468
75,24,0.5,1.0,193.75,-99.02767944335938,0,914.2376950780313,833,761560.0,1.1596724195227397,223620.0,4.4724,1293.4013605442176,294,380260.0,1.2678057059954504,169160.0,3.3832,-11283863.0,-0.3121942940045497,-12.5468
76,25,0.5,1.0,255.0,-167.30099487304688,0,914.2376950780313,833,761560.0,1.1596724195227397,223620.0,4.4724,1293.4013605442176,294,380260.0,1.2678057059954504,169160.0,3.3832,-11283863.0,-0.3121942940045497,-12.5468
77,26,0.5,1.0,316.25,367.8720703125,0,914.2376950780313,833,761560.0,1.1596724195227397,223620.0,4.4724,1293.4013605442176,294,380260.0,1.2678057059954504,169160.0,3.3832,-11283863.0,-0.3121942940045497,-12.5468
78,27,0.5,1.0,377.5,353.0460510253906,0,914.2376950780313,833,761560.0,1.1596724195227397,223620.0,4.4724,1293.4013605442176,294,380260.0,1.2678057059954504,169160.0,3.3832,-11283863.0,-0.3121942940045497,-12.5468
79,28,0.5,1.0,438.75,-19.009414672851562,0,914.2376950780313,833,761560.0,1.1596724195227397,223620.0,4.4724,1293.4013605442176,294,380260.0,1.2678057059954504,169160.0,3.3832,-11283863.0,-0.3121942940045497,-12.5468
80,29,0.5,1.0,500.0,-35.818885803222656,0,914.2376950780313,833,761560.0,1.1596724195227397,223620.0,4.4724,1293.4013605442176,294,380260.0,1.2678057059954504,169160.0,3.3832,-11283863.0,-0.3121942940045497,-12.5468
81,110,0.75,1.005,10.0,-111.76045227050781,0,964.769820971867,782,754450.0,1.1688438409875725,228740.0,4.5748,1352.831541218638,279,377440.0,1.2898212420910375,149040.0,2.9808000000000003,-11286683.0,-0.2901787579089625,-12.9492
82,111,0.75,1.005,71.25,-140.7958984375,0,964.769820971867,782,754450.0,1.1688438409875725,228740.0,4.5748,1352.831541218638,279,377440.0,1.2898212420910375,149040.0,2.9808000000000003,-11286683.0,-0.2901787579089625,-12.9492
83,112,0.75,1.005,80.0,-357.6151428222656,0,964.769820971867,782,754450.0,1.1688438409875725,228740.0,4.5748,1352.831541218638,279,377440.0,1.2898212420910375,149040.0,2.9808000000000003,-11286683.0,-0.2901787579089625,-12.9492
84,113,0.75,1.005,132.5,191.27883911132812,0,964.769820971867,782,754450.0,1.1688438409875725,228740.0,4.5748,1352.831541218638,279,377440.0,1.2898212420910375,149040.0,2.9808000000000003,-11286683.0,-0.2901787579089625,-12.9492
85,114,0.75,1.005,193.75,-257.1541748046875,0,964.769820971867,782,754450.0,1.1688438409875725,228740.0,4.5748,1352.831541218638,279,377440.0,1.2898212420910375,149040.0,2.9808000000000003,-11286683.0,-0.2901787579089625,-12.9492
86,115,0.75,1.005,255.0,56.407020568847656,0,964.769820971867,782,754450.0,1.1688438409875725,228740.0,4.5748,1352.831541218638,279,377440.0,1.2898212420910375,149040.0,2.9808000000000003,-11286683.0,-0.2901787579089625,-12.9492
87,116,0.75,1.005,316.25,50.65578079223633,0,964.769820971867,782,754450.0,1.1688438409875725,228740.0,4.5748,1352.831541218638,279,377440.0,1.2898212420910375,149040.0,2.9808000000000003,-11286683.0,-0.2901787579089625,-12.9492
88,117,0.75,1.005,377.5,-18.3629150390625,0,964.769820971867,782,754450.0,1.1688438409875725,228740.0,4.5748,1352.831541218638,279,377440.0,1.2898212420910375,149040.0,2.9808000000000003,-11286683.0,-0.2901787579089625,-12.9492
89,118,0.75,1.005,438.75,175.99649047851562,0,964.769820971867,782,754450.0,1.1688438409875725,228740.0,4.5748,1352.831541218638,279,377440.0,1.2898212420910375,149040.0,2.9808000000000003,-11286683.0,-0.2901787579089625,-12.9492
90,119,0.75,1.005,500.0,256.8993225097656,0,964.769820971867,782,754450.0,1.1688438409875725,228740.0,4.5748,1352.831541218638,279,377440.0,1.2898212420910375,149040.0,2.9808000000000003,-11286683.0,-0.2901787579089625,-12.9492
91,100,0.75,1.0,10.0,-333.02947998046875,0,823.6233611442193,839,691020.0,1.143027606012781,244070.0,4.8814,1228.7457627118645,295,362480.0,1.2521266754307256,169160.0,3.3832,-11301643.0,-0.3278733245692744,-12.5468
92,101,0.75,1.0,71.25,-399.49310302734375,0,823.6233611442193,839,691020.0,1.143027606012781,244070.0,4.8814,1228.7457627118645,295,362480.0,1.2521266754307256,169160.0,3.3832,-11301643.0,-0.3278733245692744,-12.5468
93,102,0.75,1.0,80.0,177.47421264648438,0,823.6233611442193,839,691020.0,1.143027606012781,244070.0,4.8814,1228.7457627118645,295,362480.0,1.2521266754307256,169160.0,3.3832,-11301643.0,-0.3278733245692744,-12.5468
94,103,0.75,1.0,132.5,-118.15135955810547,0,823.6233611442193,839,691020.0,1.143027606012781,244070.0,4.8814,1228.7457627118645,295,362480.0,1.2521266754307256,169160.0,3.3832,-11301643.0,-0.3278733245692744,-12.5468
95,104,0.75,1.0,193.75,183.48851013183594,0,823.6233611442193,839,691020.0,1.143027606012781,244070.0,4.8814,1228.7457627118645,295,362480.0,1.2521266754307256,169160.0,3.3832,-11301643.0,-0.3278733245692744,-12.5468
96,105,0.75,1.0,255.0,-281.66107177734375,0,823.6233611442193,839,691020.0,1.143027606012781,244070.0,4.8814,1228.7457627118645,295,362480.0,1.2521266754307256,169160.0,3.3832,-11301643.0,-0.3278733245692744,-12.5468
97,106,0.75,1.0,316.25,-42.9943733215332,0,823.6233611442193,839,691020.0,1.143027606012781,244070.0,4.8814,1228.7457627118645,295,362480.0,1.2521266754307256,169160.0,3.3832,-11301643.0,-0.3278733245692744,-12.5468
98,107,0.75,1.0,377.5,-96.14550018310547,0,823.6233611442193,839,691020.0,1.143027606012781,244070.0,4.8814,1228.7457627118645,295,362480.0,1.2521266754307256,169160.0,3.3832,-11301643.0,-0.3278733245692744,-12.5468
99,108,0.75,1.0,438.75,-178.92401123046875,0,823.6233611442193,839,691020.0,1.143027606012781,244070.0,4.8814,1228.7457627118645,295,362480.0,1.2521266754307256,169160.0,3.3832,-11301643.0,-0.3278733245692744,-12.5468
100,109,0.75,1.0,500.0,150.0718994140625,0,823.6233611442193,839,691020.0,1.143027606012781,244070.0,4.8814,1228.7457627118645,295,362480.0,1.2521266754307256,169160.0,3.3832,-11301643.0,-0.3278733245692744,-12.5468
101,190,1.0,1.005,10.0,-12.201087951660156,0,1208.5429936305732,628,758965.0,1.2155547382337613,258145.0,5.1629000000000005,1317.3275862068965,232,305620.0,1.3038395005269123,170450.0,3.4090000000000003,-11358503.0,-0.27616049947308774,-12.520999999999999
102,191,1.0,1.005,71.25,190.15618896484375,0,1208.5429936305732,628,758965.0,1.2155547382337613,258145.0,5.1629000000000005,1317.3275862068965,232,305620.0,1.3038395005269123,170450.0,3.4090000000000003,-11358503.0,-0.27616049947308774,-12.520999999999999
103,192,1.0,1.005,80.0,80.65034484863281,0,1208.5429936305732,628,758965.0,1.2155547382337613,258145.0,5.1629000000000005,1317.3275862068965,232,305620.0,1.3038395005269123,170450.0,3.4090000000000003,-11358503.0,-0.27616049947308774,-12.520999999999999
104,193,1.0,1.005,132.5,-160.25543212890625,0,1208.5429936305732,628,758965.0,1.2155547382337613,258145.0,5.1629000000000005,1317.3275862068965,232,305620.0,1.3038395005269123,170450.0,3.4090000000000003,-11358503.0,-0.27616049947308774,-12.520999999999999
105,194,1.0,1.005,193.75,-86.8097915649414,0,1208.5429936305732,628,758965.0,1.2155547382337613,258145.0,5.1629000000000005,1317.3275862068965,232,305620.0,1.3038395005269123,170450.0,3.4090000000000003,-11358503.0,-0.27616049947308774,-12.520999999999999
106,195,1.0,1.005,255.0,102.55584716796875,0,1208.5429936305732,628,758965.0,1.2155547382337613,258145.0,5.1629000000000005,1317.3275862068965,232,305620.0,1.3038395005269123,170450.0,3.4090000000000003,-11358503.0,-0.27616049947308774,-12.520999999999999
107,196,1.0,1.005,316.25,-98.93497467041016,0,1208.5429936305732,628,758965.0,1.2155547382337613,258145.0,5.1629000000000005,1317.3275862068965,232,305620.0,1.3038395005269123,170450.0,3.4090000000000003,-11358503.0,-0.27616049947308774,-12.520999999999999
108,197,1.0,1.005,377.5,348.66357421875,0,1208.5429936305732,628,758965.0,1.2155547382337613,258145.0,5.1629000000000005,1317.3275862068965,232,305620.0,1.3038395005269123,170450.0,3.4090000000000003,-11358503.0,-0.27616049947308774,-12.520999999999999
109,198,1.0,1.005,438.75,139.92796325683594,0,1208.5429936305732,628,758965.0,1.2155547382337613,258145.0,5.1629000000000005,1317.3275862068965,232,305620.0,1.3038395005269123,170450.0,3.4090000000000003,-11358503.0,-0.27616049947308774,-12.520999999999999
110,199,1.0,1.005,500.0,206.38516235351562,0,1208.5429936305732,628,758965.0,1.2155547382337613,258145.0,5.1629000000000005,1317.3275862068965,232,305620.0,1.3038395005269123,170450.0,3.4090000000000003,-11358503.0,-0.27616049947308774,-12.520999999999999
111,180,1.0,1.0,10.0,30.66852569580078,0,945.8383233532934,668,631820.0,1.1653918442779585,242825.0,4.8565,1122.0675105485232,237,265930.0,1.249023775857064,170470.0,3.4093999999999998,-11398193.0,-0.33097622414293615,-12.5206
112,181,1.0,1.0,71.25,267.5779113769531,0,945.8383233532934,668,631820.0,1.1653918442779585,242825.0,4.8565,1122.0675105485232,237,265930.0,1.249023775857064,170470.0,3.4093999999999998,-11398193.0,-0.33097622414293615,-12.5206
113,182,1.0,1.0,80.0,58.88422393798828,0,945.8383233532934,668,631820.0,1.1653918442779585,242825.0,4.8565,1122.0675105485232,237,265930.0,1.249023775857064,170470.0,3.4093999999999998,-11398193.0,-0.33097622414293615,-12.5206
114,183,1.0,1.0,132.5,70.85851287841797,0,945.8383233532934,668,631820.0,1.1653918442779585,242825.0,4.8565,1122.0675105485232,237,265930.0,1.249023775857064,170470.0,3.4093999999999998,-11398193.0,-0.33097622414293615,-12.5206
115,184,1.0,1.0,193.75,-45.82074737548828,0,945.8383233532934,668,631820.0,1.1653918442779585,242825.0,4.8565,1122.0675105485232,237,265930.0,1.249023775857064,170470.0,3.4093999999999998,-11398193.0,-0.33097622414293615,-12.5206
116,185,1.0,1.0,255.0,108.148193359375,0,945.8383233532934,668,631820.0,1.1653918442779585,242825.0,4.8565,1122.0675105485232,237,265930.0,1.249023775857064,170470.0,3.4093999999999998,-11398193.0,-0.33097622414293615,-12.5206
117,186,1.0,1.0,316.25,102.46324157714844,0,945.8383233532934,668,631820.0,1.1653918442779585,242825.0,4.8565,1122.0675105485232,237,265930.0,1.249023775857064,170470.0,3.4093999999999998,-11398193.0,-0.33097622414293615,-12.5206
118,187,1.0,1.0,377.5,-351.0299072265625,0,945.8383233532934,668,631820.0,1.1653918442779585,242825.0,4.8565,1122.0675105485232,237,265930.0,1.249023775857064,170470.0,3.4093999999999998,-11398193.0,-0.33097622414293615,-12.5206
119,188,1.0,1.0,438.75,117.68905639648438,0,945.8383233532934,668,631820.0,1.1653918442779585,242825.0,4.8565,1122.0675105485232,237,265930.0,1.249023775857064,170470.0,3.4093999999999998,-11398193.0,-0.33097622414293615,-12.5206
120,189,1.0,1.0,500.0,161.26275634765625,0,945.8383233532934,668,631820.0,1.1653918442779585,242825.0,4.8565,1122.0675105485232,237,265930.0,1.249023775857064,170470.0,3.4093999999999998,-11398193.0,-0.33097622414293615,-12.5206
121,40,0.5,1.25,10.0,-479.20458984375,0,-100.0,0,0.0,0.0,0.0,0.0,-100.0,0,0.0,0.0,0.0,0.0,-11664123.0,-1.58,-15.93
122,41,0.5,1.25,71.25,106.47968292236328,0,-100.0,0,0.0,0.0,0.0,0.0,-100.0,0,0.0,0.0,0.0,0.0,-11664123.0,-1.58,-15.93
123,42,0.5,1.25,80.0,-149.8917694091797,0,-100.0,0,0.0,0.0,0.0,0.0,-100.0,0,0.0,0.0,0.0,0.0,-11664123.0,-1.58,-15.93
124,43,0.5,1.25,132.5,36.02056884765625,0,-100.0,0,0.0,0.0,0.0,0.0,-100.0,0,0.0,0.0,0.0,0.0,-11664123.0,-1.58,-15.93
125,44,0.5,1.25,193.75,330.6886901855469,0,-100.0,0,0.0,0.0,0.0,0.0,-100.0,0,0.0,0.0,0.0,0.0,-11664123.0,-1.58,-15.93
126,45,0.5,1.25,255.0,-67.23184204101562,0,-100.0,0,0.0,0.0,0.0,0.0,-100.0,0,0.0,0.0,0.0,0.0,-11664123.0,-1.58,-15.93
127,46,0.5,1.25,316.25,172.86073303222656,0,-100.0,0,0.0,0.0,0.0,0.0,-100.0,0,0.0,0.0,0.0,0.0,-11664123.0,-1.58,-15.93
128,47,0.5,1.25,377.5,54.56529235839844,0,-100.0,0,0.0,0.0,0.0,0.0,-100.0,0,0.0,0.0,0.0,0.0,-11664123.0,-1.58,-15.93
129,48,0.5,1.25,438.75,-33.796592712402344,0,-100.0,0,0.0,0.0,0.0,0.0,-100.0,0,0.0,0.0,0.0,0.0,-11664123.0,-1.58,-15.93
130,49,0.5,1.25,500.0,44.11177062988281,0,-100.0,0,0.0,0.0,0.0,0.0,-100.0,0,0.0,0.0,0.0,0.0,-11664123.0,-1.58,-15.93
131,50,0.5,1.5,10.0,-52.514488220214844,0,-100.0,0,0.0,0.0,0.0,0.0,-100.0,0,0.0,0.0,0.0,0.0,-11664123.0,-1.58,-15.93
132,51,0.5,1.5,71.25,-194.42576599121094,0,-100.0,0,0.0,0.0,0.0,0.0,-100.0,0,0.0,0.0,0.0,0.0,-11664123.0,-1.58,-15.93
133,52,0.5,1.5,80.0,-434.5838623046875,0,-100.0,0,0.0,0.0,0.0,0.0,-100.0,0,0.0,0.0,0.0,0.0,-11664123.0,-1.58,-15.93
134,53,0.5,1.5,132.5,-104.46344757080078,0,-100.0,0,0.0,0.0,0.0,0.0,-100.0,0,0.0,0.0,0.0,0.0,-11664123.0,-1.58,-15.93
135,54,0.5,1.5,193.75,-112.21035766601562,0,-100.0,0,0.0,0.0,0.0,0.0,-100.0,0,0.0,0.0,0.0,0.0,-11664123.0,-1.58,-15.93
136,55,0.5,1.5,255.0,-15.978958129882812,0,-100.0,0,0.0,0.0,0.0,0.0,-100.0,0,0.0,0.0,0.0,0.0,-11664123.0,-1.58,-15.93
137,56,0.5,1.5,316.25,426.6195373535156,0,-100.0,0,0.0,0.0,0.0,0.0,-100.0,0,0.0,0.0,0.0,0.0,-11664123.0,-1.58,-15.93
138,57,0.5,1.5,377.5,65.28366088867188,0,-100.0,0,0.0,0.0,0.0,0.0,-100.0,0,0.0,0.0,0.0,0.0,-11664123.0,-1.58,-15.93
139,58,0.5,1.5,438.75,-64.07599639892578,0,-100.0,0,0.0,0.0,0.0,0.0,-100.0,0,0.0,0.0,0.0,0.0,-11664123.0,-1.58,-15.93
140,59,0.5,1.5,500.0,43.55650329589844,0,-100.0,0,0.0,0.0,0.0,0.0,-100.0,0,0.0,0.0,0.0,0.0,-11664123.0,-1.58,-15.93
141,60,0.5,1.75,10.0,42.85539245605469,0,-100.0,0,0.0,0.0,0.0,0.0,-100.0,0,0.0,0.0,0.0,0.0,-11664123.0,-1.58,-15.93
142,61,0.5,1.75,71.25,-126.6230697631836,0,-100.0,0,0.0,0.0,0.0,0.0,-100.0,0,0.0,0.0,0.0,0.0,-11664123.0,-1.58,-15.93
143,62,0.5,1.75,80.0,429.5686340332031,0,-100.0,0,0.0,0.0,0.0,0.0,-100.0,0,0.0,0.0,0.0,0.0,-11664123.0,-1.58,-15.93
144,63,0.5,1.75,132.5,-292.38037109375,0,-100.0,0,0.0,0.0,0.0,0.0,-100.0,0,0.0,0.0,0.0,0.0,-11664123.0,-1.58,-15.93
145,64,0.5,1.75,193.75,-34.78590393066406,0,-100.0,0,0.0,0.0,0.0,0.0,-100.0,0,0.0,0.0,0.0,0.0,-11664123.0,-1.58,-15.93
146,65,0.5,1.75,255.0,206.24957275390625,0,-100.0,0,0.0,0.0,0.0,0.0,-100.0,0,0.0,0.0,0.0,0.0,-11664123.0,-1.58,-15.93
147,66,0.5,1.75,316.25,138.23837280273438,0,-100.0,0,0.0,0.0,0.0,0.0,-100.0,0,0.0,0.0,0.0,0.0,-11664123.0,-1.58,-15.93
148,67,0.5,1.75,377.5,-32.5809326171875,0,-100.0,0,0.0,0.0,0.0,0.0,-100.0,0,0.0,0.0,0.0,0.0,-11664123.0,-1.58,-15.93
149,68,0.5,1.75,438.75,18.5958194732666,0,-100.0,0,0.0,0.0,0.0,0.0,-100.0,0,0.0,0.0,0.0,0.0,-11664123.0,-1.58,-15.93
150,69,0.5,1.75,500.0,218.5811004638672,0,-100.0,0,0.0,0.0,0.0,0.0,-100.0,0,0.0,0.0,0.0,0.0,-11664123.0,-1.58,-15.93
151,70,0.5,2.0,10.0,209.91519165039062,0,-100.0,0,0.0,0.0,0.0,0.0,-100.0,0,0.0,0.0,0.0,0.0,-11664123.0,-1.58,-15.93
152,71,0.5,2.0,71.25,-141.4974365234375,0,-100.0,0,0.0,0.0,0.0,0.0,-100.0,0,0.0,0.0,0.0,0.0,-11664123.0,-1.58,-15.93
153,72,0.5,2.0,80.0,167.07241821289062,0,-100.0,0,0.0,0.0,0.0,0.0,-100.0,0,0.0,0.0,0.0,0.0,-11664123.0,-1.58,-15.93
154,73,0.5,2.0,132.5,-291.2657165527344,0,-100.0,0,0.0,0.0,0.0,0.0,-100.0,0,0.0,0.0,0.0,0.0,-11664123.0,-1.58,-15.93
155,74,0.5,2.0,193.75,-30.011436462402344,0,-100.0,0,0.0,0.0,0.0,0.0,-100.0,0,0.0,0.0,0.0,0.0,-11664123.0,-1.58,-15.93
156,75,0.5,2.0,255.0,182.21542358398438,0,-100.0,0,0.0,0.0,0.0,0.0,-100.0,0,0.0,0.0,0.0,0.0,-11664123.0,-1.58,-15.93
157,76,0.5,2.0,316.25,300.3778076171875,0,-100.0,0,0.0,0.0,0.0,0.0,-100.0,0,0.0,0.0,0.0,0.0,-11664123.0,-1.58,-15.93
158,77,0.5,2.0,377.5,93.350830078125,0,-100.0,0,0.0,0.0,0.0,0.0,-100.0,0,0.0,0.0,0.0,0.0,-11664123.0,-1.58,-15.93
159,78,0.5,2.0,438.75,244.5804443359375,0,-100.0,0,0.0,0.0,0.0,0.0,-100.0,0,0.0,0.0,0.0,0.0,-11664123.0,-1.58,-15.93
160,79,0.5,2.0,500.0,35.19959259033203,0,-100.0,0,0.0,0.0,0.0,0.0,-100.0,0,0.0,0.0,0.0,0.0,-11664123.0,-1.58,-15.93
161,120,0.75,1.25,10.0,-298.68927001953125,0,-100.0,0,0.0,0.0,0.0,0.0,-100.0,0,0.0,0.0,0.0,0.0,-11664123.0,-1.58,-15.93
162,121,0.75,1.25,71.25,-122.39085388183594,0,-100.0,0,0.0,0.0,0.0,0.0,-100.0,0,0.0,0.0,0.0,0.0,-11664123.0,-1.58,-15.93
163,122,0.75,1.25,80.0,370.36273193359375,0,-100.0,0,0.0,0.0,0.0,0.0,-100.0,0,0.0,0.0,0.0,0.0,-11664123.0,-1.58,-15.93
164,123,0.75,1.25,132.5,-95.26669311523438,0,-100.0,0,0.0,0.0,0.0,0.0,-100.0,0,0.0,0.0,0.0,0.0,-11664123.0,-1.58,-15.93
165,124,0.75,1.25,193.75,-287.7794494628906,0,-100.0,0,0.0,0.0,0.0,0.0,-100.0,0,0.0,0.0,0.0,0.0,-11664123.0,-1.58,-15.93
166,125,0.75,1.25,255.0,-113.46150970458984,0,-100.0,0,0.0,0.0,0.0,0.0,-100.0,0,0.0,0.0,0.0,0.0,-11664123.0,-1.58,-15.93
167,126,0.75,1.25,316.25,-130.10440063476562,0,-100.0,0,0.0,0.0,0.0,0.0,-100.0,0,0.0,0.0,0.0,0.0,-11664123.0,-1.58,-15.93
168,127,0.75,1.25,377.5,-199.34678649902344,0,-100.0,0,0.0,0.0,0.0,0.0,-100.0,0,0.0,0.0,0.0,0.0,-11664123.0,-1.58,-15.93
169,128,0.75,1.25,438.75,24.406848907470703,0,-100.0,0,0.0,0.0,0.0,0.0,-100.0,0,0.0,0.0,0.0,0.0,-11664123.0,-1.58,-15.93
170,129,0.75,1.25,500.0,9.789802551269531,0,-100.0,0,0.0,0.0,0.0,0.0,-100.0,0,0.0,0.0,0.0,0.0,-11664123.0,-1.58,-15.93
171,130,0.75,1.5,10.0,108.87580871582031,0,-100.0,0,0.0,0.0,0.0,0.0,-100.0,0,0.0,0.0,0.0,0.0,-11664123.0,-1.58,-15.93
172,131,0.75,1.5,71.25,-155.93797302246094,0,-100.0,0,0.0,0.0,0.0,0.0,-100.0,0,0.0,0.0,0.0,0.0,-11664123.0,-1.58,-15.93
173,132,0.75,1.5,80.0,283.57879638671875,0,-100.0,0,0.0,0.0,0.0,0.0,-100.0,0,0.0,0.0,0.0,0.0,-11664123.0,-1.58,-15.93
174,133,0.75,1.5,132.5,23.322824478149414,0,-100.0,0,0.0,0.0,0.0,0.0,-100.0,0,0.0,0.0,0.0,0.0,-11664123.0,-1.58,-15.93
175,134,0.75,1.5,193.75,121.96643829345703,0,-100.0,0,0.0,0.0,0.0,0.0,-100.0,0,0.0,0.0,0.0,0.0,-11664123.0,-1.58,-15.93
176,135,0.75,1.5,255.0,-184.77728271484375,0,-100.0,0,0.0,0.0,0.0,0.0,-100.0,0,0.0,0.0,0.0,0.0,-11664123.0,-1.58,-15.93
177,136,0.75,1.5,316.25,-6.653476715087891,0,-100.0,0,0.0,0.0,0.0,0.0,-100.0,0,0.0,0.0,0.0,0.0,-11664123.0,-1.58,-15.93
178,137,0.75,1.5,377.5,193.62423706054688,0,-100.0,0,0.0,0.0,0.0,0.0,-100.0,0,0.0,0.0,0.0,0.0,-11664123.0,-1.58,-15.93
179,138,0.75,1.5,438.75,-39.48408508300781,0,-100.0,0,0.0,0.0,0.0,0.0,-100.0,0,0.0,0.0,0.0,0.0,-11664123.0,-1.58,-15.93
180,139,0.75,1.5,500.0,-173.49037170410156,0,-100.0,0,0.0,0.0,0.0,0.0,-100.0,0,0.0,0.0,0.0,0.0,-11664123.0,-1.58,-15.93
181,140,0.75,1.75,10.0,-17.528228759765625,0,-100.0,0,0.0,0.0,0.0,0.0,-100.0,0,0.0,0.0,0.0,0.0,-11664123.0,-1.58,-15.93
182,141,0.75,1.75,71.25,7.4015092849731445,0,-100.0,0,0.0,0.0,0.0,0.0,-100.0,0,0.0,0.0,0.0,0.0,-11664123.0,-1.58,-15.93
183,142,0.75,1.75,80.0,116.97238159179688,0,-100.0,0,0.0,0.0,0.0,0.0,-100.0,0,0.0,0.0,0.0,0.0,-11664123.0,-1.58,-15.93
184,143,0.75,1.75,132.5,-247.04931640625,0,-100.0,0,0.0,0.0,0.0,0.0,-100.0,0,0.0,0.0,0.0,0.0,-11664123.0,-1.58,-15.93
185,144,0.75,1.75,193.75,-236.7448272705078,0,-100.0,0,0.0,0.0,0.0,0.0,-100.0,0,0.0,0.0,0.0,0.0,-11664123.0,-1.58,-15.93
186,145,0.75,1.75,255.0,142.6053466796875,0,-100.0,0,0.0,0.0,0.0,0.0,-100.0,0,0.0,0.0,0.0,0.0,-11664123.0,-1.58,-15.93
187,146,0.75,1.75,316.25,118.65245819091797,0,-100.0,0,0.0,0.0,0.0,0.0,-100.0,0,0.0,0.0,0.0,0.0,-11664123.0,-1.58,-15.93
188,147,0.75,1.75,377.5,-248.49952697753906,0,-100.0,0,0.0,0.0,0.0,0.0,-100.0,0,0.0,0.0,0.0,0.0,-11664123.0,-1.58,-15.93
189,148,0.75,1.75,438.75,-248.7317352294922,0,-100.0,0,0.0,0.0,0.0,0.0,-100.0,0,0.0,0.0,0.0,0.0,-11664123.0,-1.58,-15.93
190,149,0.75,1.75,500.0,-379.9132995605469,0,-100.0,0,0.0,0.0,0.0,0.0,-100.0,0,0.0,0.0,0.0,0.0,-11664123.0,-1.58,-15.93
191,150,0.75,2.0,10.0,-302.2611999511719,0,-100.0,0,0.0,0.0,0.0,0.0,-100.0,0,0.0,0.0,0.0,0.0,-11664123.0,-1.58,-15.93
192,151,0.75,2.0,71.25,123.68704223632812,0,-100.0,0,0.0,0.0,0.0,0.0,-100.0,0,0.0,0.0,0.0,0.0,-11664123.0,-1.58,-15.93
193,152,0.75,2.0,80.0,189.66200256347656,0,-100.0,0,0.0,0.0,0.0,0.0,-100.0,0,0.0,0.0,0.0,0.0,-11664123.0,-1.58,-15.93
194,153,0.75,2.0,132.5,-279.90740966796875,0,-100.0,0,0.0,0.0,0.0,0.0,-100.0,0,0.0,0.0,0.0,0.0,-11664123.0,-1.58,-15.93
195,154,0.75,2.0,193.75,-227.0985107421875,0,-100.0,0,0.0,0.0,0.0,0.0,-100.0,0,0.0,0.0,0.0,0.0,-11664123.0,-1.58,-15.93
196,155,0.75,2.0,255.0,-204.68524169921875,0,-100.0,0,0.0,0.0,0.0,0.0,-100.0,0,0.0,0.0,0.0,0.0,-11664123.0,-1.58,-15.93
197,156,0.75,2.0,316.25,83.63218688964844,0,-100.0,0,0.0,0.0,0.0,0.0,-100.0,0,0.0,0.0,0.0,0.0,-11664123.0,-1.58,-15.93
198,157,0.75,2.0,377.5,217.50360107421875,0,-100.0,0,0.0,0.0,0.0,0.0,-100.0,0,0.0,0.0,0.0,0.0,-11664123.0,-1.58,-15.93
199,158,0.75,2.0,438.75,-94.82240295410156,0,-100.0,0,0.0,0.0,0.0,0.0,-100.0,0,0.0,0.0,0.0,0.0,-11664123.0,-1.58,-15.93
200,159,0.75,2.0,500.0,-232.0385284423828,0,-100.0,0,0.0,0.0,0.0,0.0,-100.0,0,0.0,0.0,0.0,0.0,-11664123.0,-1.58,-15.93
201,200,1.0,1.25,10.0,-291.51837158203125,0,-100.0,0,0.0,0.0,0.0,0.0,-100.0,0,0.0,0.0,0.0,0.0,-11664123.0,-1.58,-15.93
202,201,1.0,1.25,71.25,302.2526550292969,0,-100.0,0,0.0,0.0,0.0,0.0,-100.0,0,0.0,0.0,0.0,0.0,-11664123.0,-1.58,-15.93
203,202,1.0,1.25,80.0,-100.07720947265625,0,-100.0,0,0.0,0.0,0.0,0.0,-100.0,0,0.0,0.0,0.0,0.0,-11664123.0,-1.58,-15.93
204,203,1.0,1.25,132.5,171.18960571289062,0,-100.0,0,0.0,0.0,0.0,0.0,-100.0,0,0.0,0.0,0.0,0.0,-11664123.0,-1.58,-15.93
205,204,1.0,1.25,193.75,425.7724304199219,0,-100.0,0,0.0,0.0,0.0,0.0,-100.0,0,0.0,0.0,0.0,0.0,-11664123.0,-1.58,-15.93
206,205,1.0,1.25,255.0,-89.5215835571289,0,-100.0,0,0.0,0.0,0.0,0.0,-100.0,0,0.0,0.0,0.0,0.0,-11664123.0,-1.58,-15.93
207,206,1.0,1.25,316.25,53.354393005371094,0,-100.0,0,0.0,0.0,0.0,0.0,-100.0,0,0.0,0.0,0.0,0.0,-11664123.0,-1.58,-15.93
208,207,1.0,1.25,377.5,-164.7246856689453,0,-100.0,0,0.0,0.0,0.0,0.0,-100.0,0,0.0,0.0,0.0,0.0,-11664123.0,-1.58,-15.93
209,208,1.0,1.25,438.75,-319.4018249511719,0,-100.0,0,0.0,0.0,0.0,0.0,-100.0,0,0.0,0.0,0.0,0.0,-11664123.0,-1.58,-15.93
210,209,1.0,1.25,500.0,80.259521484375,0,-100.0,0,0.0,0.0,0.0,0.0,-100.0,0,0.0,0.0,0.0,0.0,-11664123.0,-1.58,-15.93
211,210,1.0,1.5,10.0,358.9114074707031,0,-100.0,0,0.0,0.0,0.0,0.0,-100.0,0,0.0,0.0,0.0,0.0,-11664123.0,-1.58,-15.93
212,211,1.0,1.5,71.25,-36.63137435913086,0,-100.0,0,0.0,0.0,0.0,0.0,-100.0,0,0.0,0.0,0.0,0.0,-11664123.0,-1.58,-15.93
213,212,1.0,1.5,80.0,-27.776004791259766,0,-100.0,0,0.0,0.0,0.0,0.0,-100.0,0,0.0,0.0,0.0,0.0,-11664123.0,-1.58,-15.93
214,213,1.0,1.5,132.5,46.63853454589844,0,-100.0,0,0.0,0.0,0.0,0.0,-100.0,0,0.0,0.0,0.0,0.0,-11664123.0,-1.58,-15.93
215,214,1.0,1.5,193.75,85.24076080322266,0,-100.0,0,0.0,0.0,0.0,0.0,-100.0,0,0.0,0.0,0.0,0.0,-11664123.0,-1.58,-15.93
216,215,1.0,1.5,255.0,-194.2681884765625,0,-100.0,0,0.0,0.0,0.0,0.0,-100.0,0,0.0,0.0,0.0,0.0,-11664123.0,-1.58,-15.93
217,216,1.0,1.5,316.25,-144.58905029296875,0,-100.0,0,0.0,0.0,0.0,0.0,-100.0,0,0.0,0.0,0.0,0.0,-11664123.0,-1.58,-15.93
218,217,1.0,1.5,377.5,-68.37369537353516,0,-100.0,0,0.0,0.0,0.0,0.0,-100.0,0,0.0,0.0,0.0,0.0,-11664123.0,-1.58,-15.93
219,218,1.0,1.5,438.75,313.4316711425781,0,-100.0,0,0.0,0.0,0.0,0.0,-100.0,0,0.0,0.0,0.0,0.0,-11664123.0,-1.58,-15.93
220,219,1.0,1.5,500.0,14.888282775878906,0,-100.0,0,0.0,0.0,0.0,0.0,-100.0,0,0.0,0.0,0.0,0.0,-11664123.0,-1.58,-15.93
221,220,1.0,1.75,10.0,111.865966796875,0,-100.0,0,0.0,0.0,0.0,0.0,-100.0,0,0.0,0.0,0.0,0.0,-11664123.0,-1.58,-15.93
222,221,1.0,1.75,71.25,82.552978515625,0,-100.0,0,0.0,0.0,0.0,0.0,-100.0,0,0.0,0.0,0.0,0.0,-11664123.0,-1.58,-15.93
223,222,1.0,1.75,80.0,-115.70368194580078,0,-100.0,0,0.0,0.0,0.0,0.0,-100.0,0,0.0,0.0,0.0,0.0,-11664123.0,-1.58,-15.93
224,223,1.0,1.75,132.5,72.47076416015625,0,-100.0,0,0.0,0.0,0.0,0.0,-100.0,0,0.0,0.0,0.0,0.0,-11664123.0,-1.58,-15.93
225,224,1.0,1.75,193.75,-430.5722351074219,0,-100.0,0,0.0,0.0,0.0,0.0,-100.0,0,0.0,0.0,0.0,0.0,-11664123.0,-1.58,-15.93
226,225,1.0,1.75,255.0,-153.69456481933594,0,-100.0,0,0.0,0.0,0.0,0.0,-100.0,0,0.0,0.0,0.0,0.0,-11664123.0,-1.58,-15.93
227,226,1.0,1.75,316.25,128.67117309570312,0,-100.0,0,0.0,0.0,0.0,0.0,-100.0,0,0.0,0.0,0.0,0.0,-11664123.0,-1.58,-15.93
228,227,1.0,1.75,377.5,-244.06910705566406,0,-100.0,0,0.0,0.0,0.0,0.0,-100.0,0,0.0,0.0,0.0,0.0,-11664123.0,-1.58,-15.93
229,228,1.0,1.75,438.75,130.21926879882812,0,-100.0,0,0.0,0.0,0.0,0.0,-100.0,0,0.0,0.0,0.0,0.0,-11664123.0,-1.58,-15.93
230,229,1.0,1.75,500.0,-116.61165618896484,0,-100.0,0,0.0,0.0,0.0,0.0,-100.0,0,0.0,0.0,0.0,0.0,-11664123.0,-1.58,-15.93
231,230,1.0,2.0,10.0,-117.13933563232422,0,-100.0,0,0.0,0.0,0.0,0.0,-100.0,0,0.0,0.0,0.0,0.0,-11664123.0,-1.58,-15.93
232,231,1.0,2.0,71.25,-233.51483154296875,0,-100.0,0,0.0,0.0,0.0,0.0,-100.0,0,0.0,0.0,0.0,0.0,-11664123.0,-1.58,-15.93
233,232,1.0,2.0,80.0,182.4728546142578,0,-100.0,0,0.0,0.0,0.0,0.0,-100.0,0,0.0,0.0,0.0,0.0,-11664123.0,-1.58,-15.93
234,233,1.0,2.0,132.5,-13.520652770996094,0,-100.0,0,0.0,0.0,0.0,0.0,-100.0,0,0.0,0.0,0.0,0.0,-11664123.0,-1.58,-15.93
235,234,1.0,2.0,193.75,-254.54605102539062,0,-100.0,0,0.0,0.0,0.0,0.0,-100.0,0,0.0,0.0,0.0,0.0,-11664123.0,-1.58,-15.93
236,235,1.0,2.0,255.0,-123.15110778808594,0,-100.0,0,0.0,0.0,0.0,0.0,-100.0,0,0.0,0.0,0.0,0.0,-11664123.0,-1.58,-15.93
237,236,1.0,2.0,316.25,8.057384490966797,0,-100.0,0,0.0,0.0,0.0,0.0,-100.0,0,0.0,0.0,0.0,0.0,-11664123.0,-1.58,-15.93
238,237,1.0,2.0,377.5,157.51632690429688,0,-100.0,0,0.0,0.0,0.0,0.0,-100.0,0,0.0,0.0,0.0,0.0,-11664123.0,-1.58,-15.93
239,238,1.0,2.0,438.75,-237.42645263671875,0,-100.0,0,0.0,0.0,0.0,0.0,-100.0,0,0.0,0.0,0.0,0.0,-11664123.0,-1.58,-15.93
240,239,1.0,2.0,500.0,112.32991790771484,0,-100.0,0,0.0,0.0,0.0,0.0,-100.0,0,0.0,0.0,0.0,0.0,-11664123.0,-1.58,-15.93
241,240,1.25,0.5,10.0,65.14839935302734,0,-100.0,0,0.0,0.0,0.0,0.0,-100.0,0,0.0,0.0,0.0,0.0,-11664123.0,-1.58,-15.93
242,241,1.25,0.5,71.25,-232.88156127929688,0,-100.0,0,0.0,0.0,0.0,0.0,-100.0,0,0.0,0.0,0.0,0.0,-11664123.0,-1.58,-15.93
243,242,1.25,0.5,80.0,30.95352554321289,0,-100.0,0,0.0,0.0,0.0,0.0,-100.0,0,0.0,0.0,0.0,0.0,-11664123.0,-1.58,-15.93
244,243,1.25,0.5,132.5,-95.08839416503906,0,-100.0,0,0.0,0.0,0.0,0.0,-100.0,0,0.0,0.0,0.0,0.0,-11664123.0,-1.58,-15.93
245,244,1.25,0.5,193.75,-330.0166931152344,0,-100.0,0,0.0,0.0,0.0,0.0,-100.0,0,0.0,0.0,0.0,0.0,-11664123.0,-1.58,-15.93
246,245,1.25,0.5,255.0,-225.3695526123047,0,-100.0,0,0.0,0.0,0.0,0.0,-100.0,0,0.0,0.0,0.0,0.0,-11664123.0,-1.58,-15.93
247,246,1.25,0.5,316.25,-32.346702575683594,0,-100.0,0,0.0,0.0,0.0,0.0,-100.0,0,0.0,0.0,0.0,0.0,-11664123.0,-1.58,-15.93
248,247,1.25,0.5,377.5,-33.76847457885742,0,-100.0,0,0.0,0.0,0.0,0.0,-100.0,0,0.0,0.0,0.0,0.0,-11664123.0,-1.58,-15.93
249,248,1.25,0.5,438.75,-126.18527221679688,0,-100.0,0,0.0,0.0,0.0,0.0,-100.0,0,0.0,0.0,0.0,0.0,-11664123.0,-1.58,-15.93
250,249,1.25,0.5,500.0,-299.57110595703125,0,-100.0,0,0.0,0.0,0.0,0.0,-100.0,0,0.0,0.0,0.0,0.0,-11664123.0,-1.58,-15.93
251,250,1.25,0.75,10.0,-202.5727996826172,0,-100.0,0,0.0,0.0,0.0,0.0,-100.0,0,0.0,0.0,0.0,0.0,-11664123.0,-1.58,-15.93
252,251,1.25,0.75,71.25,-443.7471923828125,0,-100.0,0,0.0,0.0,0.0,0.0,-100.0,0,0.0,0.0,0.0,0.0,-11664123.0,-1.58,-15.93
253,252,1.25,0.75,80.0,-92.42253875732422,0,-100.0,0,0.0,0.0,0.0,0.0,-100.0,0,0.0,0.0,0.0,0.0,-11664123.0,-1.58,-15.93
254,253,1.25,0.75,132.5,213.29202270507812,0,-100.0,0,0.0,0.0,0.0,0.0,-100.0,0,0.0,0.0,0.0,0.0,-11664123.0,-1.58,-15.93
255,254,1.25,0.75,193.75,-226.75894165039062,0,-100.0,0,0.0,0.0,0.0,0.0,-100.0,0,0.0,0.0,0.0,0.0,-11664123.0,-1.58,-15.93
256,255,1.25,0.75,255.0,94.03593444824219,0,-100.0,0,0.0,0.0,0.0,0.0,-100.0,0,0.0,0.0,0.0,0.0,-11664123.0,-1.58,-15.93
257,256,1.25,0.75,316.25,-158.45608520507812,0,-100.0,0,0.0,0.0,0.0,0.0,-100.0,0,0.0,0.0,0.0,0.0,-11664123.0,-1.58,-15.93
258,257,1.25,0.75,377.5,88.62718200683594,0,-100.0,0,0.0,0.0,0.0,0.0,-100.0,0,0.0,0.0,0.0,0.0,-11664123.0,-1.58,-15.93
259,258,1.25,0.75,438.75,-77.15620422363281,0,-100.0,0,0.0,0.0,0.0,0.0,-100.0,0,0.0,0.0,0.0,0.0,-11664123.0,-1.58,-15.93
260,259,1.25,0.75,500.0,-345.7263488769531,0,-100.0,0,0.0,0.0,0.0,0.0,-100.0,0,0.0,0.0,0.0,0.0,-11664123.0,-1.58,-15.93
261,260,1.25,1.0,10.0,-66.30642700195312,0,-100.0,0,0.0,0.0,0.0,0.0,-100.0,0,0.0,0.0,0.0,0.0,-11664123.0,-1.58,-15.93
262,261,1.25,1.0,71.25,-243.1558837890625,0,-100.0,0,0.0,0.0,0.0,0.0,-100.0,0,0.0,0.0,0.0,0.0,-11664123.0,-1.58,-15.93
263,262,1.25,1.0,80.0,293.6343994140625,0,-100.0,0,0.0,0.0,0.0,0.0,-100.0,0,0.0,0.0,0.0,0.0,-11664123.0,-1.58,-15.93
264,263,1.25,1.0,132.5,-331.37286376953125,0,-100.0,0,0.0,0.0,0.0,0.0,-100.0,0,0.0,0.0,0.0,0.0,-11664123.0,-1.58,-15.93
265,264,1.25,1.0,193.75,-30.582672119140625,0,-100.0,0,0.0,0.0,0.0,0.0,-100.0,0,0.0,0.0,0.0,0.0,-11664123.0,-1.58,-15.93
266,265,1.25,1.0,255.0,-17.335556030273438,0,-100.0,0,0.0,0.0,0.0,0.0,-100.0,0,0.0,0.0,0.0,0.0,-11664123.0,-1.58,-15.93
267,266,1.25,1.0,316.25,136.48269653320312,0,-100.0,0,0.0,0.0,0.0,0.0,-100.0,0,0.0,0.0,0.0,0.0,-11664123.0,-1.58,-15.93
268,267,1.25,1.0,377.5,371.52459716796875,0,-100.0,0,0.0,0.0,0.0,0.0,-100.0,0,0.0,0.0,0.0,0.0,-11664123.0,-1.58,-15.93
269,268,1.25,1.0,438.75,20.819656372070312,0,-100.0,0,0.0,0.0,0.0,0.0,-100.0,0,0.0,0.0,0.0,0.0,-11664123.0,-1.58,-15.93
270,269,1.25,1.0,500.0,-136.05520629882812,0,-100.0,0,0.0,0.0,0.0,0.0,-100.0,0,0.0,0.0,0.0,0.0,-11664123.0,-1.58,-15.93
271,270,1.25,1.005,10.0,19.329326629638672,0,-100.0,0,0.0,0.0,0.0,0.0,-100.0,0,0.0,0.0,0.0,0.0,-11664123.0,-1.58,-15.93
272,271,1.25,1.005,71.25,72.02471160888672,0,-100.0,0,0.0,0.0,0.0,0.0,-100.0,0,0.0,0.0,0.0,0.0,-11664123.0,-1.58,-15.93
273,272,1.25,1.005,80.0,124.31239318847656,0,-100.0,0,0.0,0.0,0.0,0.0,-100.0,0,0.0,0.0,0.0,0.0,-11664123.0,-1.58,-15.93
274,273,1.25,1.005,132.5,-130.84645080566406,0,-100.0,0,0.0,0.0,0.0,0.0,-100.0,0,0.0,0.0,0.0,0.0,-11664123.0,-1.58,-15.93
275,274,1.25,1.005,193.75,73.13667297363281,0,-100.0,0,0.0,0.0,0.0,0.0,-100.0,0,0.0,0.0,0.0,0.0,-11664123.0,-1.58,-15.93
276,275,1.25,1.005,255.0,-168.35440063476562,0,-100.0,0,0.0,0.0,0.0,0.0,-100.0,0,0.0,0.0,0.0,0.0,-11664123.0,-1.58,-15.93
277,276,1.25,1.005,316.25,192.7303466796875,0,-100.0,0,0.0,0.0,0.0,0.0,-100.0,0,0.0,0.0,0.0,0.0,-11664123.0,-1.58,-15.93
278,277,1.25,1.005,377.5,331.8587646484375,0,-100.0,0,0.0,0.0,0.0,0.0,-100.0,0,0.0,0.0,0.0,0.0,-11664123.0,-1.58,-15.93
279,278,1.25,1.005,438.75,104.9171142578125,0,-100.0,0,0.0,0.0,0.0,0.0,-100.0,0,0.0,0.0,0.0,0.0,-11664123.0,-1.58,-15.93
280,279,1.25,1.005,500.0,-61.24698257446289,0,-100.0,0,0.0,0.0,0.0,0.0,-100.0,0,0.0,0.0,0.0,0.0,-11664123.0,-1.58,-15.93
281,280,1.25,1.25,10.0,187.38739013671875,0,-100.0,0,0.0,0.0,0.0,0.0,-100.0,0,0.0,0.0,0.0,0.0,-11664123.0,-1.58,-15.93
282,281,1.25,1.25,71.25,-217.2445068359375,0,-100.0,0,0.0,0.0,0.0,0.0,-100.0,0,0.0,0.0,0.0,0.0,-11664123.0,-1.58,-15.93
283,282,1.25,1.25,80.0,-82.22317504882812,0,-100.0,0,0.0,0.0,0.0,0.0,-100.0,0,0.0,0.0,0.0,0.0,-11664123.0,-1.58,-15.93
284,283,1.25,1.25,132.5,153.52435302734375,0,-100.0,0,0.0,0.0,0.0,0.0,-100.0,0,0.0,0.0,0.0,0.0,-11664123.0,-1.58,-15.93
285,284,1.25,1.25,193.75,-6.561515808105469,0,-100.0,0,0.0,0.0,0.0,0.0,-100.0,0,0.0,0.0,0.0,0.0,-11664123.0,-1.58,-15.93
286,285,1.25,1.25,255.0,-78.71253967285156,0,-100.0,0,0.0,0.0,0.0,0.0,-100.0,0,0.0,0.0,0.0,0.0,-11664123.0,-1.58,-15.93
287,286,1.25,1.25,316.25,60.19282531738281,0,-100.0,0,0.0,0.0,0.0,0.0,-100.0,0,0.0,0.0,0.0,0.0,-11664123.0,-1.58,-15.93
288,287,1.25,1.25,377.5,-55.87480926513672,0,-100.0,0,0.0,0.0,0.0,0.0,-100.0,0,0.0,0.0,0.0,0.0,-11664123.0,-1.58,-15.93
289,288,1.25,1.25,438.75,-250.6238555908203,0,-100.0,0,0.0,0.0,0.0,0.0,-100.0,0,0.0,0.0,0.0,0.0,-11664123.0,-1.58,-15.93
290,289,1.25,1.25,500.0,59.679927825927734,0,-100.0,0,0.0,0.0,0.0,0.0,-100.0,0,0.0,0.0,0.0,0.0,-11664123.0,-1.58,-15.93
291,290,1.25,1.5,10.0,-174.70703125,0,-100.0,0,0.0,0.0,0.0,0.0,-100.0,0,0.0,0.0,0.0,0.0,-11664123.0,-1.58,-15.93
292,291,1.25,1.5,71.25,13.267784118652344,0,-100.0,0,0.0,0.0,0.0,0.0,-100.0,0,0.0,0.0,0.0,0.0,-11664123.0,-1.58,-15.93
293,292,1.25,1.5,80.0,-35.59257507324219,0,-100.0,0,0.0,0.0,0.0,0.0,-100.0,0,0.0,0.0,0.0,0.0,-11664123.0,-1.58,-15.93
294,293,1.25,1.5,132.5,227.74264526367188,0,-100.0,0,0.0,0.0,0.0,0.0,-100.0,0,0.0,0.0,0.0,0.0,-11664123.0,-1.58,-15.93
295,294,1.25,1.5,193.75,-120.77508544921875,0,-100.0,0,0.0,0.0,0.0,0.0,-100.0,0,0.0,0.0,0.0,0.0,-11664123.0,-1.58,-15.93
296,295,1.25,1.5,255.0,-191.5491943359375,0,-100.0,0,0.0,0.0,0.0,0.0,-100.0,0,0.0,0.0,0.0,0.0,-11664123.0,-1.58,-15.93
297,296,1.25,1.5,316.25,248.09371948242188,0,-100.0,0,0.0,0.0,0.0,0.0,-100.0,0,0.0,0.0,0.0,0.0,-11664123.0,-1.58,-15.93
298,297,1.25,1.5,377.5,220.8238525390625,0,-100.0,0,0.0,0.0,0.0,0.0,-100.0,0,0.0,0.0,0.0,0.0,-11664123.0,-1.58,-15.93
299,298,1.25,1.5,438.75,-48.84477996826172,0,-100.0,0,0.0,0.0,0.0,0.0,-100.0,0,0.0,0.0,0.0,0.0,-11664123.0,-1.58,-15.93
300,299,1.25,1.5,500.0,-85.51393127441406,0,-100.0,0,0.0,0.0,0.0,0.0,-100.0,0,0.0,0.0,0.0,0.0,-11664123.0,-1.58,-15.93
301,300,1.25,1.75,10.0,165.3511199951172,0,-100.0,0,0.0,0.0,0.0,0.0,-100.0,0,0.0,0.0,0.0,0.0,-11664123.0,-1.58,-15.93
302,301,1.25,1.75,71.25,-83.91165924072266,0,-100.0,0,0.0,0.0,0.0,0.0,-100.0,0,0.0,0.0,0.0,0.0,-11664123.0,-1.58,-15.93
303,302,1.25,1.75,80.0,-64.35232543945312,0,-100.0,0,0.0,0.0,0.0,0.0,-100.0,0,0.0,0.0,0.0,0.0,-11664123.0,-1.58,-15.93
304,303,1.25,1.75,132.5,5.181217193603516,0,-100.0,0,0.0,0.0,0.0,0.0,-100.0,0,0.0,0.0,0.0,0.0,-11664123.0,-1.58,-15.93
305,304,1.25,1.75,193.75,107.2901840209961,0,-100.0,0,0.0,0.0,0.0,0.0,-100.0,0,0.0,0.0,0.0,0.0,-11664123.0,-1.58,-15.93
306,305,1.25,1.75,255.0,156.97259521484375,0,-100.0,0,0.0,0.0,0.0,0.0,-100.0,0,0.0,0.0,0.0,0.0,-11664123.0,-1.58,-15.93
307,306,1.25,1.75,316.25,105.27947998046875,0,-100.0,0,0.0,0.0,0.0,0.0,-100.0,0,0.0,0.0,0.0,0.0,-11664123.0,-1.58,-15.93
308,307,1.25,1.75,377.5,-153.92889404296875,0,-100.0,0,0.0,0.0,0.0,0.0,-100.0,0,0.0,0.0,0.0,0.0,-11664123.0,-1.58,-15.93
309,308,1.25,1.75,438.75,201.75071716308594,0,-100.0,0,0.0,0.0,0.0,0.0,-100.0,0,0.0,0.0,0.0,0.0,-11664123.0,-1.58,-15.93
310,309,1.25,1.75,500.0,-336.7734375,0,-100.0,0,0.0,0.0,0.0,0.0,-100.0,0,0.0,0.0,0.0,0.0,-11664123.0,-1.58,-15.93
311,310,1.25,2.0,10.0,116.92786407470703,0,-100.0,0,0.0,0.0,0.0,0.0,-100.0,0,0.0,0.0,0.0,0.0,-11664123.0,-1.58,-15.93
312,311,1.25,2.0,71.25,-76.92537689208984,0,-100.0,0,0.0,0.0,0.0,0.0,-100.0,0,0.0,0.0,0.0,0.0,-11664123.0,-1.58,-15.93
313,312,1.25,2.0,80.0,-209.78518676757812,0,-100.0,0,0.0,0.0,0.0,0.0,-100.0,0,0.0,0.0,0.0,0.0,-11664123.0,-1.58,-15.93
314,313,1.25,2.0,132.5,8.815109252929688,0,-100.0,0,0.0,0.0,0.0,0.0,-100.0,0,0.0,0.0,0.0,0.0,-11664123.0,-1.58,-15.93
315,314,1.25,2.0,193.75,-146.89901733398438,0,-100.0,0,0.0,0.0,0.0,0.0,-100.0,0,0.0,0.0,0.0,0.0,-11664123.0,-1.58,-15.93
316,315,1.25,2.0,255.0,-47.38276672363281,0,-100.0,0,0.0,0.0,0.0,0.0,-100.0,0,0.0,0.0,0.0,0.0,-11664123.0,-1.58,-15.93
317,316,1.25,2.0,316.25,17.82539939880371,0,-100.0,0,0.0,0.0,0.0,0.0,-100.0,0,0.0,0.0,0.0,0.0,-11664123.0,-1.58,-15.93
318,317,1.25,2.0,377.5,-6.810260772705078,0,-100.0,0,0.0,0.0,0.0,0.0,-100.0,0,0.0,0.0,0.0,0.0,-11664123.0,-1.58,-15.93
319,318,1.25,2.0,438.75,86.87874603271484,0,-100.0,0,0.0,0.0,0.0,0.0,-100.0,0,0.0,0.0,0.0,0.0,-11664123.0,-1.58,-15.93
320,319,1.25,2.0,500.0,-157.11428833007812,0,-100.0,0,0.0,0.0,0.0,0.0,-100.0,0,0.0,0.0,0.0,0.0,-11664123.0,-1.58,-15.93
321,320,1.5,0.5,10.0,-485.2811279296875,0,-100.0,0,0.0,0.0,0.0,0.0,-100.0,0,0.0,0.0,0.0,0.0,-11664123.0,-1.58,-15.93
322,321,1.5,0.5,71.25,-174.45474243164062,0,-100.0,0,0.0,0.0,0.0,0.0,-100.0,0,0.0,0.0,0.0,0.0,-11664123.0,-1.58,-15.93
323,322,1.5,0.5,80.0,-268.1020202636719,0,-100.0,0,0.0,0.0,0.0,0.0,-100.0,0,0.0,0.0,0.0,0.0,-11664123.0,-1.58,-15.93
324,323,1.5,0.5,132.5,-45.98188781738281,0,-100.0,0,0.0,0.0,0.0,0.0,-100.0,0,0.0,0.0,0.0,0.0,-11664123.0,-1.58,-15.93
325,324,1.5,0.5,193.75,302.1833801269531,0,-100.0,0,0.0,0.0,0.0,0.0,-100.0,0,0.0,0.0,0.0,0.0,-11664123.0,-1.58,-15.93
326,325,1.5,0.5,255.0,329.95013427734375,0,-100.0,0,0.0,0.0,0.0,0.0,-100.0,0,0.0,0.0,0.0,0.0,-11664123.0,-1.58,-15.93
327,326,1.5,0.5,316.25,28.738319396972656,0,-100.0,0,0.0,0.0,0.0,0.0,-100.0,0,0.0,0.0,0.0,0.0,-11664123.0,-1.58,-15.93
328,327,1.5,0.5,377.5,185.07118225097656,0,-100.0,0,0.0,0.0,0.0,0.0,-100.0,0,0.0,0.0,0.0,0.0,-11664123.0,-1.58,-15.93
329,328,1.5,0.5,438.75,-66.20854187011719,0,-100.0,0,0.0,0.0,0.0,0.0,-100.0,0,0.0,0.0,0.0,0.0,-11664123.0,-1.58,-15.93
330,329,1.5,0.5,500.0,-72.5539779663086,0,-100.0,0,0.0,0.0,0.0,0.0,-100.0,0,0.0,0.0,0.0,0.0,-11664123.0,-1.58,-15.93
331,330,1.5,0.75,10.0,5.810756683349609,0,-100.0,0,0.0,0.0,0.0,0.0,-100.0,0,0.0,0.0,0.0,0.0,-11664123.0,-1.58,-15.93
332,331,1.5,0.75,71.25,-119.6968765258789,0,-100.0,0,0.0,0.0,0.0,0.0,-100.0,0,0.0,0.0,0.0,0.0,-11664123.0,-1.58,-15.93
333,332,1.5,0.75,80.0,-239.54905700683594,0,-100.0,0,0.0,0.0,0.0,0.0,-100.0,0,0.0,0.0,0.0,0.0,-11664123.0,-1.58,-15.93
334,333,1.5,0.75,132.5,264.8890380859375,0,-100.0,0,0.0,0.0,0.0,0.0,-100.0,0,0.0,0.0,0.0,0.0,-11664123.0,-1.58,-15.93
335,334,1.5,0.75,193.75,215.27569580078125,0,-100.0,0,0.0,0.0,0.0,0.0,-100.0,0,0.0,0.0,0.0,0.0,-11664123.0,-1.58,-15.93
336,335,1.5,0.75,255.0,528.132080078125,0,-100.0,0,0.0,0.0,0.0,0.0,-100.0,0,0.0,0.0,0.0,0.0,-11664123.0,-1.58,-15.93
337,336,1.5,0.75,316.25,-22.150230407714844,0,-100.0,0,0.0,0.0,0.0,0.0,-100.0,0,0.0,0.0,0.0,0.0,-11664123.0,-1.58,-15.93
338,337,1.5,0.75,377.5,-363.0894775390625,0,-100.0,0,0.0,0.0,0.0,0.0,-100.0,0,0.0,0.0,0.0,0.0,-11664123.0,-1.58,-15.93
339,338,1.5,0.75,438.75,12.223819732666016,0,-100.0,0,0.0,0.0,0.0,0.0,-100.0,0,0.0,0.0,0.0,0.0,-11664123.0,-1.58,-15.93
340,339,1.5,0.75,500.0,-129.27012634277344,0,-100.0,0,0.0,0.0,0.0,0.0,-100.0,0,0.0,0.0,0.0,0.0,-11664123.0,-1.58,-15.93
341,340,1.5,1.0,10.0,47.37733840942383,0,-100.0,0,0.0,0.0,0.0,0.0,-100.0,0,0.0,0.0,0.0,0.0,-11664123.0,-1.58,-15.93
342,341,1.5,1.0,71.25,163.27105712890625,0,-100.0,0,0.0,0.0,0.0,0.0,-100.0,0,0.0,0.0,0.0,0.0,-11664123.0,-1.58,-15.93
343,342,1.5,1.0,80.0,20.714874267578125,0,-100.0,0,0.0,0.0,0.0,0.0,-100.0,0,0.0,0.0,0.0,0.0,-11664123.0,-1.58,-15.93
344,343,1.5,1.0,132.5,433.6855773925781,0,-100.0,0,0.0,0.0,0.0,0.0,-100.0,0,0.0,0.0,0.0,0.0,-11664123.0,-1.58,-15.93
345,344,1.5,1.0,193.75,73.05550384521484,0,-100.0,0,0.0,0.0,0.0,0.0,-100.0,0,0.0,0.0,0.0,0.0,-11664123.0,-1.58,-15.93
346,345,1.5,1.0,255.0,233.58840942382812,0,-100.0,0,0.0,0.0,0.0,0.0,-100.0,0,0.0,0.0,0.0,0.0,-11664123.0,-1.58,-15.93
347,346,1.5,1.0,316.25,-9.436485290527344,0,-100.0,0,0.0,0.0,0.0,0.0,-100.0,0,0.0,0.0,0.0,0.0,-11664123.0,-1.58,-15.93
348,347,1.5,1.0,377.5,2.42474365234375,0,-100.0,0,0.0,0.0,0.0,0.0,-100.0,0,0.0,0.0,0.0,0.0,-11664123.0,-1.58,-15.93
349,348,1.5,1.0,438.75,-14.696304321289062,0,-100.0,0,0.0,0.0,0.0,0.0,-100.0,0,0.0,0.0,0.0,0.0,-11664123.0,-1.58,-15.93
350,349,1.5,1.0,500.0,-110.24365234375,0,-100.0,0,0.0,0.0,0.0,0.0,-100.0,0,0.0,0.0,0.0,0.0,-11664123.0,-1.58,-15.93
351,350,1.5,1.005,10.0,61.28731918334961,0,-100.0,0,0.0,0.0,0.0,0.0,-100.0,0,0.0,0.0,0.0,0.0,-11664123.0,-1.58,-15.93
352,351,1.5,1.005,71.25,-43.428504943847656,0,-100.0,0,0.0,0.0,0.0,0.0,-100.0,0,0.0,0.0,0.0,0.0,-11664123.0,-1.58,-15.93
353,352,1.5,1.005,80.0,166.75308227539062,0,-100.0,0,0.0,0.0,0.0,0.0,-100.0,0,0.0,0.0,0.0,0.0,-11664123.0,-1.58,-15.93
354,353,1.5,1.005,132.5,-329.9413757324219,0,-100.0,0,0.0,0.0,0.0,0.0,-100.0,0,0.0,0.0,0.0,0.0,-11664123.0,-1.58,-15.93
355,354,1.5,1.005,193.75,64.16154479980469,0,-100.0,0,0.0,0.0,0.0,0.0,-100.0,0,0.0,0.0,0.0,0.0,-11664123.0,-1.58,-15.93
356,355,1.5,1.005,255.0,102.96153259277344,0,-100.0,0,0.0,0.0,0.0,0.0,-100.0,0,0.0,0.0,0.0,0.0,-11664123.0,-1.58,-15.93
357,356,1.5,1.005,316.25,-158.47259521484375,0,-100.0,0,0.0,0.0,0.0,0.0,-100.0,0,0.0,0.0,0.0,0.0,-11664123.0,-1.58,-15.93
358,357,1.5,1.005,377.5,48.21593475341797,0,-100.0,0,0.0,0.0,0.0,0.0,-100.0,0,0.0,0.0,0.0,0.0,-11664123.0,-1.58,-15.93
359,358,1.5,1.005,438.75,-184.02978515625,0,-100.0,0,0.0,0.0,0.0,0.0,-100.0,0,0.0,0.0,0.0,0.0,-11664123.0,-1.58,-15.93
360,359,1.5,1.005,500.0,198.99986267089844,0,-100.0,0,0.0,0.0,0.0,0.0,-100.0,0,0.0,0.0,0.0,0.0,-11664123.0,-1.58,-15.93
361,360,1.5,1.25,10.0,7.654182434082031,0,-100.0,0,0.0,0.0,0.0,0.0,-100.0,0,0.0,0.0,0.0,0.0,-11664123.0,-1.58,-15.93
362,361,1.5,1.25,71.25,244.78793334960938,0,-100.0,0,0.0,0.0,0.0,0.0,-100.0,0,0.0,0.0,0.0,0.0,-11664123.0,-1.58,-15.93
363,362,1.5,1.25,80.0,206.3103790283203,0,-100.0,0,0.0,0.0,0.0,0.0,-100.0,0,0.0,0.0,0.0,0.0,-11664123.0,-1.58,-15.93
364,363,1.5,1.25,132.5,32.74374008178711,0,-100.0,0,0.0,0.0,0.0,0.0,-100.0,0,0.0,0.0,0.0,0.0,-11664123.0,-1.58,-15.93
365,364,1.5,1.25,193.75,-130.129638671875,0,-100.0,0,0.0,0.0,0.0,0.0,-100.0,0,0.0,0.0,0.0,0.0,-11664123.0,-1.58,-15.93
366,365,1.5,1.25,255.0,-210.2270965576172,0,-100.0,0,0.0,0.0,0.0,0.0,-100.0,0,0.0,0.0,0.0,0.0,-11664123.0,-1.58,-15.93
367,366,1.5,1.25,316.25,424.66534423828125,0,-100.0,0,0.0,0.0,0.0,0.0,-100.0,0,0.0,0.0,0.0,0.0,-11664123.0,-1.58,-15.93
368,367,1.5,1.25,377.5,210.17263793945312,0,-100.0,0,0.0,0.0,0.0,0.0,-100.0,0,0.0,0.0,0.0,0.0,-11664123.0,-1.58,-15.93
369,368,1.5,1.25,438.75,-428.55908203125,0,-100.0,0,0.0,0.0,0.0,0.0,-100.0,0,0.0,0.0,0.0,0.0,-11664123.0,-1.58,-15.93
370,369,1.5,1.25,500.0,88.30784606933594,0,-100.0,0,0.0,0.0,0.0,0.0,-100.0,0,0.0,0.0,0.0,0.0,-11664123.0,-1.58,-15.93
371,370,1.5,1.5,10.0,165.34967041015625,0,-100.0,0,0.0,0.0,0.0,0.0,-100.0,0,0.0,0.0,0.0,0.0,-11664123.0,-1.58,-15.93
372,371,1.5,1.5,71.25,-52.793701171875,0,-100.0,0,0.0,0.0,0.0,0.0,-100.0,0,0.0,0.0,0.0,0.0,-11664123.0,-1.58,-15.93
373,372,1.5,1.5,80.0,-15.55124282836914,0,-100.0,0,0.0,0.0,0.0,0.0,-100.0,0,0.0,0.0,0.0,0.0,-11664123.0,-1.58,-15.93
374,373,1.5,1.5,132.5,257.85906982421875,0,-100.0,0,0.0,0.0,0.0,0.0,-100.0,0,0.0,0.0,0.0,0.0,-11664123.0,-1.58,-15.93
375,374,1.5,1.5,193.75,-209.9558563232422,0,-100.0,0,0.0,0.0,0.0,0.0,-100.0,0,0.0,0.0,0.0,0.0,-11664123.0,-1.58,-15.93
376,375,1.5,1.5,255.0,143.91378784179688,0,-100.0,0,0.0,0.0,0.0,0.0,-100.0,0,0.0,0.0,0.0,0.0,-11664123.0,-1.58,-15.93
377,376,1.5,1.5,316.25,117.58456420898438,0,-100.0,0,0.0,0.0,0.0,0.0,-100.0,0,0.0,0.0,0.0,0.0,-11664123.0,-1.58,-15.93
378,377,1.5,1.5,377.5,133.55958557128906,0,-100.0,0,0.0,0.0,0.0,0.0,-100.0,0,0.0,0.0,0.0,0.0,-11664123.0,-1.58,-15.93
379,378,1.5,1.5,438.75,87.56958770751953,0,-100.0,0,0.0,0.0,0.0,0.0,-100.0,0,0.0,0.0,0.0,0.0,-11664123.0,-1.58,-15.93
380,379,1.5,1.5,500.0,310.1985778808594,0,-100.0,0,0.0,0.0,0.0,0.0,-100.0,0,0.0,0.0,0.0,0.0,-11664123.0,-1.58,-15.93
381,380,1.5,1.75,10.0,-113.54269409179688,0,-100.0,0,0.0,0.0,0.0,0.0,-100.0,0,0.0,0.0,0.0,0.0,-11664123.0,-1.58,-15.93
382,381,1.5,1.75,71.25,130.61749267578125,0,-100.0,0,0.0,0.0,0.0,0.0,-100.0,0,0.0,0.0,0.0,0.0,-11664123.0,-1.58,-15.93
383,382,1.5,1.75,80.0,22.549541473388672,0,-100.0,0,0.0,0.0,0.0,0.0,-100.0,0,0.0,0.0,0.0,0.0,-11664123.0,-1.58,-15.93
384,383,1.5,1.75,132.5,-144.41531372070312,0,-100.0,0,0.0,0.0,0.0,0.0,-100.0,0,0.0,0.0,0.0,0.0,-11664123.0,-1.58,-15.93
385,384,1.5,1.75,193.75,102.23930358886719,0,-100.0,0,0.0,0.0,0.0,0.0,-100.0,0,0.0,0.0,0.0,0.0,-11664123.0,-1.58,-15.93
386,385,1.5,1.75,255.0,53.102176666259766,0,-100.0,0,0.0,0.0,0.0,0.0,-100.0,0,0.0,0.0,0.0,0.0,-11664123.0,-1.58,-15.93
387,386,1.5,1.75,316.25,220.32852172851562,0,-100.0,0,0.0,0.0,0.0,0.0,-100.0,0,0.0,0.0,0.0,0.0,-11664123.0,-1.58,-15.93
388,387,1.5,1.75,377.5,328.2754211425781,0,-100.0,0,0.0,0.0,0.0,0.0,-100.0,0,0.0,0.0,0.0,0.0,-11664123.0,-1.58,-15.93
389,388,1.5,1.75,438.75,131.05674743652344,0,-100.0,0,0.0,0.0,0.0,0.0,-100.0,0,0.0,0.0,0.0,0.0,-11664123.0,-1.58,-15.93
390,389,1.5,1.75,500.0,97.98637390136719,0,-100.0,0,0.0,0.0,0.0,0.0,-100.0,0,0.0,0.0,0.0,0.0,-11664123.0,-1.58,-15.93
391,390,1.5,2.0,10.0,-84.9896240234375,0,-100.0,0,0.0,0.0,0.0,0.0,-100.0,0,0.0,0.0,0.0,0.0,-11664123.0,-1.58,-15.93
392,391,1.5,2.0,71.25,-8.216870307922363,0,-100.0,0,0.0,0.0,0.0,0.0,-100.0,0,0.0,0.0,0.0,0.0,-11664123.0,-1.58,-15.93
393,392,1.5,2.0,80.0,44.408687591552734,0,-100.0,0,0.0,0.0,0.0,0.0,-100.0,0,0.0,0.0,0.0,0.0,-11664123.0,-1.58,-15.93
394,393,1.5,2.0,132.5,-122.7027587890625,0,-100.0,0,0.0,0.0,0.0,0.0,-100.0,0,0.0,0.0,0.0,0.0,-11664123.0,-1.58,-15.93
395,394,1.5,2.0,193.75,-140.4928741455078,0,-100.0,0,0.0,0.0,0.0,0.0,-100.0,0,0.0,0.0,0.0,0.0,-11664123.0,-1.58,-15.93
396,395,1.5,2.0,255.0,11.972328186035156,0,-100.0,0,0.0,0.0,0.0,0.0,-100.0,0,0.0,0.0,0.0,0.0,-11664123.0,-1.58,-15.93
397,396,1.5,2.0,316.25,144.02008056640625,0,-100.0,0,0.0,0.0,0.0,0.0,-100.0,0,0.0,0.0,0.0,0.0,-11664123.0,-1.58,-15.93
398,397,1.5,2.0,377.5,303.56549072265625,0,-100.0,0,0.0,0.0,0.0,0.0,-100.0,0,0.0,0.0,0.0,0.0,-11664123.0,-1.58,-15.93
399,398,1.5,2.0,438.75,135.86849975585938,0,-100.0,0,0.0,0.0,0.0,0.0,-100.0,0,0.0,0.0,0.0,0.0,-11664123.0,-1.58,-15.93
400,399,1.5,2.0,500.0,214.65953063964844,0,-100.0,0,0.0,0.0,0.0,0.0,-100.0,0,0.0,0.0,0.0,0.0,-11664123.0,-1.58,-15.93
401,400,1.75,0.5,10.0,110.12528228759766,0,-100.0,0,0.0,0.0,0.0,0.0,-100.0,0,0.0,0.0,0.0,0.0,-11664123.0,-1.58,-15.93
402,401,1.75,0.5,71.25,-50.48960494995117,0,-100.0,0,0.0,0.0,0.0,0.0,-100.0,0,0.0,0.0,0.0,0.0,-11664123.0,-1.58,-15.93
403,402,1.75,0.5,80.0,-16.122177124023438,0,-100.0,0,0.0,0.0,0.0,0.0,-100.0,0,0.0,0.0,0.0,0.0,-11664123.0,-1.58,-15.93
404,403,1.75,0.5,132.5,-43.79356384277344,0,-100.0,0,0.0,0.0,0.0,0.0,-100.0,0,0.0,0.0,0.0,0.0,-11664123.0,-1.58,-15.93
405,404,1.75,0.5,193.75,-35.87628173828125,0,-100.0,0,0.0,0.0,0.0,0.0,-100.0,0,0.0,0.0,0.0,0.0,-11664123.0,-1.58,-15.93
406,405,1.75,0.5,255.0,112.4979248046875,0,-100.0,0,0.0,0.0,0.0,0.0,-100.0,0,0.0,0.0,0.0,0.0,-11664123.0,-1.58,-15.93
407,406,1.75,0.5,316.25,307.23004150390625,0,-100.0,0,0.0,0.0,0.0,0.0,-100.0,0,0.0,0.0,0.0,0.0,-11664123.0,-1.58,-15.93
408,407,1.75,0.5,377.5,195.9104766845703,0,-100.0,0,0.0,0.0,0.0,0.0,-100.0,0,0.0,0.0,0.0,0.0,-11664123.0,-1.58,-15.93
409,408,1.75,0.5,438.75,33.204078674316406,0,-100.0,0,0.0,0.0,0.0,0.0,-100.0,0,0.0,0.0,0.0,0.0,-11664123.0,-1.58,-15.93
410,409,1.75,0.5,500.0,-256.29595947265625,0,-100.0,0,0.0,0.0,0.0,0.0,-100.0,0,0.0,0.0,0.0,0.0,-11664123.0,-1.58,-15.93
411,410,1.75,0.75,10.0,79.50032043457031,0,-100.0,0,0.0,0.0,0.0,0.0,-100.0,0,0.0,0.0,0.0,0.0,-11664123.0,-1.58,-15.93
412,411,1.75,0.75,71.25,-599.5706176757812,0,-100.0,0,0.0,0.0,0.0,0.0,-100.0,0,0.0,0.0,0.0,0.0,-11664123.0,-1.58,-15.93
413,412,1.75,0.75,80.0,149.9626007080078,0,-100.0,0,0.0,0.0,0.0,0.0,-100.0,0,0.0,0.0,0.0,0.0,-11664123.0,-1.58,-15.93
414,413,1.75,0.75,132.5,-129.84796142578125,0,-100.0,0,0.0,0.0,0.0,0.0,-100.0,0,0.0,0.0,0.0,0.0,-11664123.0,-1.58,-15.93
415,414,1.75,0.75,193.75,-385.50885009765625,0,-100.0,0,0.0,0.0,0.0,0.0,-100.0,0,0.0,0.0,0.0,0.0,-11664123.0,-1.58,-15.93
416,415,1.75,0.75,255.0,14.946895599365234,0,-100.0,0,0.0,0.0,0.0,0.0,-100.0,0,0.0,0.0,0.0,0.0,-11664123.0,-1.58,-15.93
417,416,1.75,0.75,316.25,94.39544677734375,0,-100.0,0,0.0,0.0,0.0,0.0,-100.0,0,0.0,0.0,0.0,0.0,-11664123.0,-1.58,-15.93
418,417,1.75,0.75,377.5,69.21570587158203,0,-100.0,0,0.0,0.0,0.0,0.0,-100.0,0,0.0,0.0,0.0,0.0,-11664123.0,-1.58,-15.93
419,418,1.75,0.75,438.75,-239.28643798828125,0,-100.0,0,0.0,0.0,0.0,0.0,-100.0,0,0.0,0.0,0.0,0.0,-11664123.0,-1.58,-15.93
420,419,1.75,0.75,500.0,-199.77340698242188,0,-100.0,0,0.0,0.0,0.0,0.0,-100.0,0,0.0,0.0,0.0,0.0,-11664123.0,-1.58,-15.93
421,420,1.75,1.0,10.0,110.15724182128906,0,-100.0,0,0.0,0.0,0.0,0.0,-100.0,0,0.0,0.0,0.0,0.0,-11664123.0,-1.58,-15.93
422,421,1.75,1.0,71.25,-174.5064239501953,0,-100.0,0,0.0,0.0,0.0,0.0,-100.0,0,0.0,0.0,0.0,0.0,-11664123.0,-1.58,-15.93
423,422,1.75,1.0,80.0,-146.98663330078125,0,-100.0,0,0.0,0.0,0.0,0.0,-100.0,0,0.0,0.0,0.0,0.0,-11664123.0,-1.58,-15.93
424,423,1.75,1.0,132.5,110.7868881225586,0,-100.0,0,0.0,0.0,0.0,0.0,-100.0,0,0.0,0.0,0.0,0.0,-11664123.0,-1.58,-15.93
425,424,1.75,1.0,193.75,55.35553741455078,0,-100.0,0,0.0,0.0,0.0,0.0,-100.0,0,0.0,0.0,0.0,0.0,-11664123.0,-1.58,-15.93
426,425,1.75,1.0,255.0,-696.1356201171875,0,-100.0,0,0.0,0.0,0.0,0.0,-100.0,0,0.0,0.0,0.0,0.0,-11664123.0,-1.58,-15.93
427,426,1.75,1.0,316.25,-122.11473083496094,0,-100.0,0,0.0,0.0,0.0,0.0,-100.0,0,0.0,0.0,0.0,0.0,-11664123.0,-1.58,-15.93
428,427,1.75,1.0,377.5,170.83103942871094,0,-100.0,0,0.0,0.0,0.0,0.0,-100.0,0,0.0,0.0,0.0,0.0,-11664123.0,-1.58,-15.93
429,428,1.75,1.0,438.75,-260.3507385253906,0,-100.0,0,0.0,0.0,0.0,0.0,-100.0,0,0.0,0.0,0.0,0.0,-11664123.0,-1.58,-15.93
430,429,1.75,1.0,500.0,349.76861572265625,0,-100.0,0,0.0,0.0,0.0,0.0,-100.0,0,0.0,0.0,0.0,0.0,-11664123.0,-1.58,-15.93
431,430,1.75,1.005,10.0,-122.93115997314453,0,-100.0,0,0.0,0.0,0.0,0.0,-100.0,0,0.0,0.0,0.0,0.0,-11664123.0,-1.58,-15.93
432,431,1.75,1.005,71.25,-308.20550537109375,0,-100.0,0,0.0,0.0,0.0,0.0,-100.0,0,0.0,0.0,0.0,0.0,-11664123.0,-1.58,-15.93
433,432,1.75,1.005,80.0,40.61193084716797,0,-100.0,0,0.0,0.0,0.0,0.0,-100.0,0,0.0,0.0,0.0,0.0,-11664123.0,-1.58,-15.93
434,433,1.75,1.005,132.5,99.16607666015625,0,-100.0,0,0.0,0.0,0.0,0.0,-100.0,0,0.0,0.0,0.0,0.0,-11664123.0,-1.58,-15.93
435,434,1.75,1.005,193.75,262.5982666015625,0,-100.0,0,0.0,0.0,0.0,0.0,-100.0,0,0.0,0.0,0.0,0.0,-11664123.0,-1.58,-15.93
436,435,1.75,1.005,255.0,-262.15386962890625,0,-100.0,0,0.0,0.0,0.0,0.0,-100.0,0,0.0,0.0,0.0,0.0,-11664123.0,-1.58,-15.93
437,436,1.75,1.005,316.25,-67.15725708007812,0,-100.0,0,0.0,0.0,0.0,0.0,-100.0,0,0.0,0.0,0.0,0.0,-11664123.0,-1.58,-15.93
438,437,1.75,1.005,377.5,-113.6680908203125,0,-100.0,0,0.0,0.0,0.0,0.0,-100.0,0,0.0,0.0,0.0,0.0,-11664123.0,-1.58,-15.93
439,438,1.75,1.005,438.75,214.5027313232422,0,-100.0,0,0.0,0.0,0.0,0.0,-100.0,0,0.0,0.0,0.0,0.0,-11664123.0,-1.58,-15.93
440,439,1.75,1.005,500.0,-61.10468292236328,0,-100.0,0,0.0,0.0,0.0,0.0,-100.0,0,0.0,0.0,0.0,0.0,-11664123.0,-1.58,-15.93
441,440,1.75,1.25,10.0,73.79425811767578,0,-100.0,0,0.0,0.0,0.0,0.0,-100.0,0,0.0,0.0,0.0,0.0,-11664123.0,-1.58,-15.93
442,441,1.75,1.25,71.25,-164.8317413330078,0,-100.0,0,0.0,0.0,0.0,0.0,-100.0,0,0.0,0.0,0.0,0.0,-11664123.0,-1.58,-15.93
443,442,1.75,1.25,80.0,-371.9635925292969,0,-100.0,0,0.0,0.0,0.0,0.0,-100.0,0,0.0,0.0,0.0,0.0,-11664123.0,-1.58,-15.93
444,443,1.75,1.25,132.5,-148.6138916015625,0,-100.0,0,0.0,0.0,0.0,0.0,-100.0,0,0.0,0.0,0.0,0.0,-11664123.0,-1.58,-15.93
445,444,1.75,1.25,193.75,411.0764465332031,0,-100.0,0,0.0,0.0,0.0,0.0,-100.0,0,0.0,0.0,0.0,0.0,-11664123.0,-1.58,-15.93
446,445,1.75,1.25,255.0,323.7513427734375,0,-100.0,0,0.0,0.0,0.0,0.0,-100.0,0,0.0,0.0,0.0,0.0,-11664123.0,-1.58,-15.93
447,446,1.75,1.25,316.25,-251.70875549316406,0,-100.0,0,0.0,0.0,0.0,0.0,-100.0,0,0.0,0.0,0.0,0.0,-11664123.0,-1.58,-15.93
448,447,1.75,1.25,377.5,-249.0218963623047,0,-100.0,0,0.0,0.0,0.0,0.0,-100.0,0,0.0,0.0,0.0,0.0,-11664123.0,-1.58,-15.93
449,448,1.75,1.25,438.75,-73.30787658691406,0,-100.0,0,0.0,0.0,0.0,0.0,-100.0,0,0.0,0.0,0.0,0.0,-11664123.0,-1.58,-15.93
450,449,1.75,1.25,500.0,186.0648193359375,0,-100.0,0,0.0,0.0,0.0,0.0,-100.0,0,0.0,0.0,0.0,0.0,-11664123.0,-1.58,-15.93
451,450,1.75,1.5,10.0,-123.47227478027344,0,-100.0,0,0.0,0.0,0.0,0.0,-100.0,0,0.0,0.0,0.0,0.0,-11664123.0,-1.58,-15.93
452,451,1.75,1.5,71.25,247.46365356445312,0,-100.0,0,0.0,0.0,0.0,0.0,-100.0,0,0.0,0.0,0.0,0.0,-11664123.0,-1.58,-15.93
453,452,1.75,1.5,80.0,-22.564010620117188,0,-100.0,0,0.0,0.0,0.0,0.0,-100.0,0,0.0,0.0,0.0,0.0,-11664123.0,-1.58,-15.93
454,453,1.75,1.5,132.5,68.81602478027344,0,-100.0,0,0.0,0.0,0.0,0.0,-100.0,0,0.0,0.0,0.0,0.0,-11664123.0,-1.58,-15.93
455,454,1.75,1.5,193.75,189.93902587890625,0,-100.0,0,0.0,0.0,0.0,0.0,-100.0,0,0.0,0.0,0.0,0.0,-11664123.0,-1.58,-15.93
456,455,1.75,1.5,255.0,94.21078491210938,0,-100.0,0,0.0,0.0,0.0,0.0,-100.0,0,0.0,0.0,0.0,0.0,-11664123.0,-1.58,-15.93
457,456,1.75,1.5,316.25,302.9208068847656,0,-100.0,0,0.0,0.0,0.0,0.0,-100.0,0,0.0,0.0,0.0,0.0,-11664123.0,-1.58,-15.93
458,457,1.75,1.5,377.5,63.358917236328125,0,-100.0,0,0.0,0.0,0.0,0.0,-100.0,0,0.0,0.0,0.0,0.0,-11664123.0,-1.58,-15.93
459,458,1.75,1.5,438.75,75.81967163085938,0,-100.0,0,0.0,0.0,0.0,0.0,-100.0,0,0.0,0.0,0.0,0.0,-11664123.0,-1.58,-15.93
460,459,1.75,1.5,500.0,-92.34439086914062,0,-100.0,0,0.0,0.0,0.0,0.0,-100.0,0,0.0,0.0,0.0,0.0,-11664123.0,-1.58,-15.93
461,460,1.75,1.75,10.0,81.99530029296875,0,-100.0,0,0.0,0.0,0.0,0.0,-100.0,0,0.0,0.0,0.0,0.0,-11664123.0,-1.58,-15.93
462,461,1.75,1.75,71.25,-38.11079406738281,0,-100.0,0,0.0,0.0,0.0,0.0,-100.0,0,0.0,0.0,0.0,0.0,-11664123.0,-1.58,-15.93
463,462,1.75,1.75,80.0,-194.61297607421875,0,-100.0,0,0.0,0.0,0.0,0.0,-100.0,0,0.0,0.0,0.0,0.0,-11664123.0,-1.58,-15.93
464,463,1.75,1.75,132.5,-44.377593994140625,0,-100.0,0,0.0,0.0,0.0,0.0,-100.0,0,0.0,0.0,0.0,0.0,-11664123.0,-1.58,-15.93
465,464,1.75,1.75,193.75,281.7809753417969,0,-100.0,0,0.0,0.0,0.0,0.0,-100.0,0,0.0,0.0,0.0,0.0,-11664123.0,-1.58,-15.93
466,465,1.75,1.75,255.0,139.1483154296875,0,-100.0,0,0.0,0.0,0.0,0.0,-100.0,0,0.0,0.0,0.0,0.0,-11664123.0,-1.58,-15.93
467,466,1.75,1.75,316.25,-365.0553283691406,0,-100.0,0,0.0,0.0,0.0,0.0,-100.0,0,0.0,0.0,0.0,0.0,-11664123.0,-1.58,-15.93
468,467,1.75,1.75,377.5,-9.235454559326172,0,-100.0,0,0.0,0.0,0.0,0.0,-100.0,0,0.0,0.0,0.0,0.0,-11664123.0,-1.58,-15.93
469,468,1.75,1.75,438.75,114.18598937988281,0,-100.0,0,0.0,0.0,0.0,0.0,-100.0,0,0.0,0.0,0.0,0.0,-11664123.0,-1.58,-15.93
470,469,1.75,1.75,500.0,48.08123779296875,0,-100.0,0,0.0,0.0,0.0,0.0,-100.0,0,0.0,0.0,0.0,0.0,-11664123.0,-1.58,-15.93
471,470,1.75,2.0,10.0,532.44091796875,0,-100.0,0,0.0,0.0,0.0,0.0,-100.0,0,0.0,0.0,0.0,0.0,-11664123.0,-1.58,-15.93
472,471,1.75,2.0,71.25,-109.03720092773438,0,-100.0,0,0.0,0.0,0.0,0.0,-100.0,0,0.0,0.0,0.0,0.0,-11664123.0,-1.58,-15.93
473,472,1.75,2.0,80.0,191.35647583007812,0,-100.0,0,0.0,0.0,0.0,0.0,-100.0,0,0.0,0.0,0.0,0.0,-11664123.0,-1.58,-15.93
474,473,1.75,2.0,132.5,124.34343719482422,0,-100.0,0,0.0,0.0,0.0,0.0,-100.0,0,0.0,0.0,0.0,0.0,-11664123.0,-1.58,-15.93
475,474,1.75,2.0,193.75,230.165771484375,0,-100.0,0,0.0,0.0,0.0,0.0,-100.0,0,0.0,0.0,0.0,0.0,-11664123.0,-1.58,-15.93
476,475,1.75,2.0,255.0,24.476940155029297,0,-100.0,0,0.0,0.0,0.0,0.0,-100.0,0,0.0,0.0,0.0,0.0,-11664123.0,-1.58,-15.93
477,476,1.75,2.0,316.25,-199.60955810546875,0,-100.0,0,0.0,0.0,0.0,0.0,-100.0,0,0.0,0.0,0.0,0.0,-11664123.0,-1.58,-15.93
478,477,1.75,2.0,377.5,-216.319091796875,0,-100.0,0,0.0,0.0,0.0,0.0,-100.0,0,0.0,0.0,0.0,0.0,-11664123.0,-1.58,-15.93
479,478,1.75,2.0,438.75,18.473434448242188,0,-100.0,0,0.0,0.0,0.0,0.0,-100.0,0,0.0,0.0,0.0,0.0,-11664123.0,-1.58,-15.93
480,479,1.75,2.0,500.0,55.934532165527344,0,-100.0,0,0.0,0.0,0.0,0.0,-100.0,0,0.0,0.0,0.0,0.0,-11664123.0,-1.58,-15.93
481,480,2.0,0.5,10.0,-58.48777770996094,0,-100.0,0,0.0,0.0,0.0,0.0,-100.0,0,0.0,0.0,0.0,0.0,-11664123.0,-1.58,-15.93
482,481,2.0,0.5,71.25,151.56292724609375,0,-100.0,0,0.0,0.0,0.0,0.0,-100.0,0,0.0,0.0,0.0,0.0,-11664123.0,-1.58,-15.93
483,482,2.0,0.5,80.0,-242.26954650878906,0,-100.0,0,0.0,0.0,0.0,0.0,-100.0,0,0.0,0.0,0.0,0.0,-11664123.0,-1.58,-15.93
484,483,2.0,0.5,132.5,156.05484008789062,0,-100.0,0,0.0,0.0,0.0,0.0,-100.0,0,0.0,0.0,0.0,0.0,-11664123.0,-1.58,-15.93
485,484,2.0,0.5,193.75,-200.72137451171875,0,-100.0,0,0.0,0.0,0.0,0.0,-100.0,0,0.0,0.0,0.0,0.0,-11664123.0,-1.58,-15.93
486,485,2.0,0.5,255.0,-339.22027587890625,0,-100.0,0,0.0,0.0,0.0,0.0,-100.0,0,0.0,0.0,0.0,0.0,-11664123.0,-1.58,-15.93
487,486,2.0,0.5,316.25,-264.3794860839844,0,-100.0,0,0.0,0.0,0.0,0.0,-100.0,0,0.0,0.0,0.0,0.0,-11664123.0,-1.58,-15.93
488,487,2.0,0.5,377.5,17.160903930664062,0,-100.0,0,0.0,0.0,0.0,0.0,-100.0,0,0.0,0.0,0.0,0.0,-11664123.0,-1.58,-15.93
489,488,2.0,0.5,438.75,-38.330322265625,0,-100.0,0,0.0,0.0,0.0,0.0,-100.0,0,0.0,0.0,0.0,0.0,-11664123.0,-1.58,-15.93
490,489,2.0,0.5,500.0,-52.37791442871094,0,-100.0,0,0.0,0.0,0.0,0.0,-100.0,0,0.0,0.0,0.0,0.0,-11664123.0,-1.58,-15.93
491,490,2.0,0.75,10.0,-132.34213256835938,0,-100.0,0,0.0,0.0,0.0,0.0,-100.0,0,0.0,0.0,0.0,0.0,-11664123.0,-1.58,-15.93
492,491,2.0,0.75,71.25,34.721412658691406,0,-100.0,0,0.0,0.0,0.0,0.0,-100.0,0,0.0,0.0,0.0,0.0,-11664123.0,-1.58,-15.93
493,492,2.0,0.75,80.0,-41.11566925048828,0,-100.0,0,0.0,0.0,0.0,0.0,-100.0,0,0.0,0.0,0.0,0.0,-11664123.0,-1.58,-15.93
494,493,2.0,0.75,132.5,115.05563354492188,0,-100.0,0,0.0,0.0,0.0,0.0,-100.0,0,0.0,0.0,0.0,0.0,-11664123.0,-1.58,-15.93
495,494,2.0,0.75,193.75,303.966552734375,0,-100.0,0,0.0,0.0,0.0,0.0,-100.0,0,0.0,0.0,0.0,0.0,-11664123.0,-1.58,-15.93
496,495,2.0,0.75,255.0,-211.69293212890625,0,-100.0,0,0.0,0.0,0.0,0.0,-100.0,0,0.0,0.0,0.0,0.0,-11664123.0,-1.58,-15.93
497,496,2.0,0.75,316.25,-160.01065063476562,0,-100.0,0,0.0,0.0,0.0,0.0,-100.0,0,0.0,0.0,0.0,0.0,-11664123.0,-1.58,-15.93
498,497,2.0,0.75,377.5,-353.6439208984375,0,-100.0,0,0.0,0.0,0.0,0.0,-100.0,0,0.0,0.0,0.0,0.0,-11664123.0,-1.58,-15.93
499,498,2.0,0.75,438.75,206.76051330566406,0,-100.0,0,0.0,0.0,0.0,0.0,-100.0,0,0.0,0.0,0.0,0.0,-11664123.0,-1.58,-15.93
500,499,2.0,0.75,500.0,365.325927734375,0,-100.0,0,0.0,0.0,0.0,0.0,-100.0,0,0.0,0.0,0.0,0.0,-11664123.0,-1.58,-15.93
501,500,2.0,1.0,10.0,-85.40916442871094,0,-100.0,0,0.0,0.0,0.0,0.0,-100.0,0,0.0,0.0,0.0,0.0,-11664123.0,-1.58,-15.93
502,501,2.0,1.0,71.25,-172.72720336914062,0,-100.0,0,0.0,0.0,0.0,0.0,-100.0,0,0.0,0.0,0.0,0.0,-11664123.0,-1.58,-15.93
503,502,2.0,1.0,80.0,-157.66445922851562,0,-100.0,0,0.0,0.0,0.0,0.0,-100.0,0,0.0,0.0,0.0,0.0,-11664123.0,-1.58,-15.93
504,503,2.0,1.0,132.5,-364.3847961425781,0,-100.0,0,0.0,0.0,0.0,0.0,-100.0,0,0.0,0.0,0.0,0.0,-11664123.0,-1.58,-15.93
505,504,2.0,1.0,193.75,-42.024818420410156,0,-100.0,0,0.0,0.0,0.0,0.0,-100.0,0,0.0,0.0,0.0,0.0,-11664123.0,-1.58,-15.93
506,505,2.0,1.0,255.0,-51.96414566040039,0,-100.0,0,0.0,0.0,0.0,0.0,-100.0,0,0.0,0.0,0.0,0.0,-11664123.0,-1.58,-15.93
507,506,2.0,1.0,316.25,277.3486022949219,0,-100.0,0,0.0,0.0,0.0,0.0,-100.0,0,0.0,0.0,0.0,0.0,-11664123.0,-1.58,-15.93
508,507,2.0,1.0,377.5,-268.2210388183594,0,-100.0,0,0.0,0.0,0.0,0.0,-100.0,0,0.0,0.0,0.0,0.0,-11664123.0,-1.58,-15.93
509,508,2.0,1.0,438.75,127.1904067993164,0,-100.0,0,0.0,0.0,0.0,0.0,-100.0,0,0.0,0.0,0.0,0.0,-11664123.0,-1.58,-15.93
510,509,2.0,1.0,500.0,67.53306579589844,0,-100.0,0,0.0,0.0,0.0,0.0,-100.0,0,0.0,0.0,0.0,0.0,-11664123.0,-1.58,-15.93
511,510,2.0,1.005,10.0,156.95327758789062,0,-100.0,0,0.0,0.0,0.0,0.0,-100.0,0,0.0,0.0,0.0,0.0,-11664123.0,-1.58,-15.93
512,511,2.0,1.005,71.25,77.05570220947266,0,-100.0,0,0.0,0.0,0.0,0.0,-100.0,0,0.0,0.0,0.0,0.0,-11664123.0,-1.58,-15.93
513,512,2.0,1.005,80.0,94.04166412353516,0,-100.0,0,0.0,0.0,0.0,0.0,-100.0,0,0.0,0.0,0.0,0.0,-11664123.0,-1.58,-15.93
514,513,2.0,1.005,132.5,-121.80001831054688,0,-100.0,0,0.0,0.0,0.0,0.0,-100.0,0,0.0,0.0,0.0,0.0,-11664123.0,-1.58,-15.93
515,514,2.0,1.005,193.75,189.13116455078125,0,-100.0,0,0.0,0.0,0.0,0.0,-100.0,0,0.0,0.0,0.0,0.0,-11664123.0,-1.58,-15.93
516,515,2.0,1.005,255.0,42.16770935058594,0,-100.0,0,0.0,0.0,0.0,0.0,-100.0,0,0.0,0.0,0.0,0.0,-11664123.0,-1.58,-15.93
517,516,2.0,1.005,316.25,-406.1532287597656,0,-100.0,0,0.0,0.0,0.0,0.0,-100.0,0,0.0,0.0,0.0,0.0,-11664123.0,-1.58,-15.93
518,517,2.0,1.005,377.5,6.44140625,0,-100.0,0,0.0,0.0,0.0,0.0,-100.0,0,0.0,0.0,0.0,0.0,-11664123.0,-1.58,-15.93
519,518,2.0,1.005,438.75,-318.9783935546875,0,-100.0,0,0.0,0.0,0.0,0.0,-100.0,0,0.0,0.0,0.0,0.0,-11664123.0,-1.58,-15.93
520,519,2.0,1.005,500.0,-39.505062103271484,0,-100.0,0,0.0,0.0,0.0,0.0,-100.0,0,0.0,0.0,0.0,0.0,-11664123.0,-1.58,-15.93
521,520,2.0,1.25,10.0,-48.51642608642578,0,-100.0,0,0.0,0.0,0.0,0.0,-100.0,0,0.0,0.0,0.0,0.0,-11664123.0,-1.58,-15.93
522,521,2.0,1.25,71.25,88.81354522705078,0,-100.0,0,0.0,0.0,0.0,0.0,-100.0,0,0.0,0.0,0.0,0.0,-11664123.0,-1.58,-15.93
523,522,2.0,1.25,80.0,-207.79916381835938,0,-100.0,0,0.0,0.0,0.0,0.0,-100.0,0,0.0,0.0,0.0,0.0,-11664123.0,-1.58,-15.93
524,523,2.0,1.25,132.5,-119.46422576904297,0,-100.0,0,0.0,0.0,0.0,0.0,-100.0,0,0.0,0.0,0.0,0.0,-11664123.0,-1.58,-15.93
525,524,2.0,1.25,193.75,267.79107666015625,0,-100.0,0,0.0,0.0,0.0,0.0,-100.0,0,0.0,0.0,0.0,0.0,-11664123.0,-1.58,-15.93
526,525,2.0,1.25,255.0,-137.92684936523438,0,-100.0,0,0.0,0.0,0.0,0.0,-100.0,0,0.0,0.0,0.0,0.0,-11664123.0,-1.58,-15.93
527,526,2.0,1.25,316.25,-219.5621337890625,0,-100.0,0,0.0,0.0,0.0,0.0,-100.0,0,0.0,0.0,0.0,0.0,-11664123.0,-1.58,-15.93
528,527,2.0,1.25,377.5,-33.26757049560547,0,-100.0,0,0.0,0.0,0.0,0.0,-100.0,0,0.0,0.0,0.0,0.0,-11664123.0,-1.58,-15.93
529,528,2.0,1.25,438.75,135.40032958984375,0,-100.0,0,0.0,0.0,0.0,0.0,-100.0,0,0.0,0.0,0.0,0.0,-11664123.0,-1.58,-15.93
530,529,2.0,1.25,500.0,48.78390884399414,0,-100.0,0,0.0,0.0,0.0,0.0,-100.0,0,0.0,0.0,0.0,0.0,-11664123.0,-1.58,-15.93
531,530,2.0,1.5,10.0,212.91937255859375,0,-100.0,0,0.0,0.0,0.0,0.0,-100.0,0,0.0,0.0,0.0,0.0,-11664123.0,-1.58,-15.93
532,531,2.0,1.5,71.25,183.6290283203125,0,-100.0,0,0.0,0.0,0.0,0.0,-100.0,0,0.0,0.0,0.0,0.0,-11664123.0,-1.58,-15.93
533,532,2.0,1.5,80.0,30.215225219726562,0,-100.0,0,0.0,0.0,0.0,0.0,-100.0,0,0.0,0.0,0.0,0.0,-11664123.0,-1.58,-15.93
534,533,2.0,1.5,132.5,-90.33475494384766,0,-100.0,0,0.0,0.0,0.0,0.0,-100.0,0,0.0,0.0,0.0,0.0,-11664123.0,-1.58,-15.93
535,534,2.0,1.5,193.75,132.39862060546875,0,-100.0,0,0.0,0.0,0.0,0.0,-100.0,0,0.0,0.0,0.0,0.0,-11664123.0,-1.58,-15.93
536,535,2.0,1.5,255.0,11.722707748413086,0,-100.0,0,0.0,0.0,0.0,0.0,-100.0,0,0.0,0.0,0.0,0.0,-11664123.0,-1.58,-15.93
537,536,2.0,1.5,316.25,-152.4138946533203,0,-100.0,0,0.0,0.0,0.0,0.0,-100.0,0,0.0,0.0,0.0,0.0,-11664123.0,-1.58,-15.93
538,537,2.0,1.5,377.5,-43.810760498046875,0,-100.0,0,0.0,0.0,0.0,0.0,-100.0,0,0.0,0.0,0.0,0.0,-11664123.0,-1.58,-15.93
539,538,2.0,1.5,438.75,-50.10922622680664,0,-100.0,0,0.0,0.0,0.0,0.0,-100.0,0,0.0,0.0,0.0,0.0,-11664123.0,-1.58,-15.93
540,539,2.0,1.5,500.0,-192.15040588378906,0,-100.0,0,0.0,0.0,0.0,0.0,-100.0,0,0.0,0.0,0.0,0.0,-11664123.0,-1.58,-15.93
541,540,2.0,1.75,10.0,-28.097015380859375,0,-100.0,0,0.0,0.0,0.0,0.0,-100.0,0,0.0,0.0,0.0,0.0,-11664123.0,-1.58,-15.93
542,541,2.0,1.75,71.25,-253.68377685546875,0,-100.0,0,0.0,0.0,0.0,0.0,-100.0,0,0.0,0.0,0.0,0.0,-11664123.0,-1.58,-15.93
543,542,2.0,1.75,80.0,-81.06204986572266,0,-100.0,0,0.0,0.0,0.0,0.0,-100.0,0,0.0,0.0,0.0,0.0,-11664123.0,-1.58,-15.93
544,543,2.0,1.75,132.5,-90.84876251220703,0,-100.0,0,0.0,0.0,0.0,0.0,-100.0,0,0.0,0.0,0.0,0.0,-11664123.0,-1.58,-15.93
545,544,2.0,1.75,193.75,40.54235076904297,0,-100.0,0,0.0,0.0,0.0,0.0,-100.0,0,0.0,0.0,0.0,0.0,-11664123.0,-1.58,-15.93
546,545,2.0,1.75,255.0,91.98921203613281,0,-100.0,0,0.0,0.0,0.0,0.0,-100.0,0,0.0,0.0,0.0,0.0,-11664123.0,-1.58,-15.93
547,546,2.0,1.75,316.25,75.10831451416016,0,-100.0,0,0.0,0.0,0.0,0.0,-100.0,0,0.0,0.0,0.0,0.0,-11664123.0,-1.58,-15.93
548,547,2.0,1.75,377.5,-141.66732788085938,0,-100.0,0,0.0,0.0,0.0,0.0,-100.0,0,0.0,0.0,0.0,0.0,-11664123.0,-1.58,-15.93
549,548,2.0,1.75,438.75,-281.59149169921875,0,-100.0,0,0.0,0.0,0.0,0.0,-100.0,0,0.0,0.0,0.0,0.0,-11664123.0,-1.58,-15.93
550,549,2.0,1.75,500.0,-317.3905944824219,0,-100.0,0,0.0,0.0,0.0,0.0,-100.0,0,0.0,0.0,0.0,0.0,-11664123.0,-1.58,-15.93
551,550,2.0,2.0,10.0,-167.54086303710938,0,-100.0,0,0.0,0.0,0.0,0.0,-100.0,0,0.0,0.0,0.0,0.0,-11664123.0,-1.58,-15.93
552,551,2.0,2.0,71.25,-88.71415710449219,0,-100.0,0,0.0,0.0,0.0,0.0,-100.0,0,0.0,0.0,0.0,0.0,-11664123.0,-1.58,-15.93
553,552,2.0,2.0,80.0,-277.9523010253906,0,-100.0,0,0.0,0.0,0.0,0.0,-100.0,0,0.0,0.0,0.0,0.0,-11664123.0,-1.58,-15.93
554,553,2.0,2.0,132.5,-266.70404052734375,0,-100.0,0,0.0,0.0,0.0,0.0,-100.0,0,0.0,0.0,0.0,0.0,-11664123.0,-1.58,-15.93
555,554,2.0,2.0,193.75,270.3492126464844,0,-100.0,0,0.0,0.0,0.0,0.0,-100.0,0,0.0,0.0,0.0,0.0,-11664123.0,-1.58,-15.93
556,555,2.0,2.0,255.0,-106.1983413696289,0,-100.0,0,0.0,0.0,0.0,0.0,-100.0,0,0.0,0.0,0.0,0.0,-11664123.0,-1.58,-15.93
557,556,2.0,2.0,316.25,-45.64141082763672,0,-100.0,0,0.0,0.0,0.0,0.0,-100.0,0,0.0,0.0,0.0,0.0,-11664123.0,-1.58,-15.93
558,557,2.0,2.0,377.5,248.06280517578125,0,-100.0,0,0.0,0.0,0.0,0.0,-100.0,0,0.0,0.0,0.0,0.0,-11664123.0,-1.58,-15.93
559,558,2.0,2.0,438.75,19.52269744873047,0,-100.0,0,0.0,0.0,0.0,0.0,-100.0,0,0.0,0.0,0.0,0.0,-11664123.0,-1.58,-15.93
560,559,2.0,2.0,500.0,136.85586547851562,0,-100.0,0,0.0,0.0,0.0,0.0,-100.0,0,0.0,0.0,0.0,0.0,-11664123.0,-1.58,-15.93
