entry_time,exit_time,entry_price,exit_price,contracts,pnl,exit_reason,direction,pnl_1c
2007-03-30 16:47:00,2007-04-17 16:45:00,194660.0,197210.0,52,132600.0,signal_reverse,long,2550.0
2007-06-18 16:36:00,2007-06-18 17:59:00,192135.0,191800.0,36,-12060.0,close_opposing,long,-335.0
2007-06-19 16:33:00,2007-06-22 16:29:00,191410.0,190730.0,40,-27200.0,signal_reverse,long,-680.0
2007-06-25 17:59:00,2007-07-02 16:34:00,189700.0,193790.0,40,-163600.0,close_opposing,short,-4090.0
2007-07-02 17:59:00,2007-07-03 16:31:00,193700.0,196610.0,40,-116400.0,close_opposing,short,-2910.0
2007-07-03 17:59:00,2007-07-05 16:31:00,196755.0,199135.0,40,-95200.0,close_opposing,short,-2380.0
2007-07-05 17:59:00,2007-07-09 16:36:00,198900.0,201050.0,40,-86000.0,close_opposing,short,-2150.0
2007-07-09 17:59:00,2007-07-12 16:30:00,201000.0,204905.0,40,-156200.0,close_opposing,short,-3905.0
2007-07-12 17:59:00,2007-07-16 16:34:00,208505.0,208570.0,28,-1820.0,close_opposing,short,-65.0
2007-07-17 16:36:00,2007-07-24 16:32:00,205725.0,207295.0,48,75360.0,signal_reverse,long,1570.0
2007-09-18 16:29:00,2007-10-05 16:29:00,196370.0,213100.0,60,1003800.0,signal_reverse,long,16730.0
2007-10-05 17:59:00,2007-10-15 17:59:00,214265.0,219045.0,36,-172080.0,signal_reverse,short,-4780.0
2007-12-05 17:59:00,2007-12-06 17:59:00,228200.0,227700.0,40,20000.0,signal_reverse,short,500.0
2007-12-18 17:59:00,2007-12-26 17:59:00,233350.0,230685.0,24,63960.0,signal_reverse,short,2665.0
2008-01-14 17:59:00,2008-01-15 17:59:00,236890.0,235380.0,40,60400.0,signal_reverse,short,1510.0
2008-04-07 16:32:00,2008-04-08 16:32:00,209055.0,207760.0,48,-62160.0,signal_reverse,long,-1295.0
2008-04-09 16:32:00,2008-04-11 16:32:00,210235.0,208080.0,56,-120680.0,signal_reverse,long,-2155.0
2008-04-16 16:32:00,2008-04-23 16:32:00,211305.0,213485.0,40,87200.0,signal_reverse,long,2180.0
2008-05-07 16:32:00,2008-05-12 16:32:00,218450.0,229215.0,60,645900.0,signal_reverse,long,10765.0
2008-05-12 17:59:00,2008-05-19 17:59:00,231435.0,248900.0,20,-349300.0,signal_reverse,short,-17465.0
2008-10-30 16:35:00,2008-11-11 16:32:00,78740.0,72970.0,16,-92320.0,signal_reverse,long,-5770.0
2008-12-23 18:47:00,2008-12-24 18:47:00,67550.0,66155.0,40,55800.0,signal_reverse,short,1395.0
2009-02-09 16:32:00,2009-02-17 16:32:00,56570.0,52580.0,56,-223440.0,signal_reverse,long,-3990.0
2009-03-04 16:32:00,2009-03-05 16:32:00,56075.0,55335.0,56,-41440.0,signal_reverse,long,-740.0
2009-03-06 16:32:00,2009-03-10 12:12:00,57360.0,59895.0,60,152100.0,expiration,long,2535.0
2009-03-18 16:32:00,2009-03-18 18:47:00,63580.0,62680.0,52,-46800.0,close_opposing,long,-900.0
2009-03-19 16:32:00,2009-03-19 18:47:00,69175.0,67850.0,44,-58300.0,close_opposing,long,-1325.0
2009-03-20 18:59:00,2009-03-26 18:47:00,68060.0,72760.0,40,-188000.0,signal_reverse,short,-4700.0
2009-04-23 18:47:00,2009-04-27 18:47:00,79095.0,77285.0,40,72400.0,signal_reverse,short,1810.0
2009-05-04 18:47:00,2009-05-21 18:47:00,82645.0,97855.0,40,-608400.0,signal_reverse,short,-15210.0
2009-07-20 16:32:00,2009-07-29 16:32:00,95820.0,96080.0,44,11440.0,signal_reverse,long,260.0
2009-07-31 16:32:00,2009-08-07 16:32:00,99655.0,106655.0,32,224000.0,signal_reverse,long,7000.0
2009-08-10 16:32:00,2009-08-11 16:32:00,105425.0,104300.0,32,-36000.0,signal_reverse,long,-1125.0
2009-08-25 18:47:00,2009-08-26 18:47:00,109555.0,107000.0,32,81760.0,signal_reverse,short,2555.0
2009-08-28 18:32:00,2009-08-31 18:32:00,107360.0,104545.0,40,112600.0,signal_reverse,short,2815.0
2009-09-01 18:32:00,2009-09-02 18:32:00,106670.0,102935.0,36,134460.0,signal_reverse,short,3735.0
2009-09-07 18:32:00,2009-09-08 12:29:00,108675.0,111575.0,40,-116000.0,expiration,short,-2900.0
2009-09-18 18:32:00,2009-09-21 18:32:00,123725.0,119305.0,40,176800.0,signal_reverse,short,4420.0
2009-10-06 18:32:00,2009-10-22 18:32:00,125870.0,144535.0,40,-746600.0,signal_reverse,short,-18665.0
2009-11-16 18:32:00,2009-11-24 18:32:00,147780.0,142610.0,36,186120.0,signal_reverse,short,5170.0
2009-12-18 16:32:00,2009-12-28 16:32:00,142800.0,146650.0,40,154000.0,signal_reverse,long,3850.0
2009-12-28 18:32:00,2010-01-11 16:32:00,146085.0,157455.0,40,-454800.0,close_opposing,short,-11370.0
2010-01-11 18:32:00,2010-01-18 16:32:00,157205.0,158010.0,24,-19320.0,close_opposing,short,-805.0
2010-01-19 16:32:00,2010-01-21 16:32:00,157090.0,154955.0,56,-119560.0,signal_reverse,long,-2135.0
2010-03-02 18:32:00,2010-03-03 16:32:00,143895.0,144515.0,40,-24800.0,close_opposing,short,-620.0
2010-03-03 18:32:00,2010-03-04 16:32:00,146095.0,147700.0,40,-64200.0,close_opposing,short,-1605.0
2010-03-04 18:32:00,2010-03-05 16:32:00,146375.0,149705.0,40,-133200.0,close_opposing,short,-3330.0
2010-03-05 18:32:00,2010-03-09 12:29:00,150520.0,149665.0,40,34200.0,expiration,short,855.0
2010-03-18 16:32:00,2010-03-19 16:32:00,155625.0,154835.0,56,-44240.0,signal_reverse,long,-790.0
2010-03-29 18:32:00,2010-03-30 16:32:00,154405.0,156070.0,40,-66600.0,close_opposing,short,-1665.0
2010-03-30 18:32:00,2010-03-31 16:32:00,155495.0,156585.0,40,-43600.0,close_opposing,short,-1090.0
2010-03-31 18:32:00,2010-04-01 16:32:00,156545.0,159280.0,40,-109400.0,close_opposing,short,-2735.0
2010-04-01 18:32:00,2010-04-02 16:32:00,159500.0,159780.0,40,-11200.0,close_opposing,short,-280.0
2010-04-02 18:32:00,2010-04-05 16:32:00,159770.0,160225.0,40,-18200.0,close_opposing,short,-455.0
2010-04-05 18:32:00,2010-04-06 16:32:00,160580.0,161150.0,40,-22800.0,close_opposing,short,-570.0
2010-04-06 18:32:00,2010-04-14 18:32:00,161315.0,163995.0,40,-107200.0,signal_reverse,short,-2680.0
2010-06-03 16:02:00,2010-06-04 16:02:00,140595.0,137215.0,36,-121680.0,signal_reverse,long,-3380.0
2010-06-18 16:02:00,2010-06-24 16:02:00,139460.0,139705.0,40,9800.0,signal_reverse,long,245.0
2010-07-13 16:02:00,2010-07-15 18:02:00,141170.0,140715.0,56,-25480.0,close_opposing,long,-455.0
2010-07-16 18:02:00,2010-07-20 18:02:00,137945.0,138045.0,40,-4000.0,signal_reverse,short,-100.0
2010-07-21 18:02:00,2010-07-22 16:02:00,141195.0,143280.0,40,-83400.0,close_opposing,short,-2085.0
2010-07-22 18:02:00,2010-07-23 16:02:00,144575.0,145310.0,40,-29400.0,close_opposing,short,-735.0
2010-07-23 18:02:00,2010-07-26 16:02:00,144255.0,145865.0,40,-64400.0,close_opposing,short,-1610.0
2010-07-26 18:02:00,2010-07-27 16:02:00,146920.0,149190.0,40,-90800.0,close_opposing,short,-2270.0
2010-07-27 18:02:00,2010-07-29 16:02:00,148910.0,149760.0,40,-34000.0,close_opposing,short,-850.0
2010-07-29 18:02:00,2010-08-03 18:32:00,150180.0,151060.0,40,-35200.0,signal_reverse,short,-880.0
2010-09-02 18:02:00,2010-09-08 11:59:00,145850.0,145690.0,40,6400.0,expiration,short,160.0
2010-10-01 16:02:00,2010-10-01 18:02:00,153255.0,153145.0,84,-9240.0,close_opposing,long,-110.0
2010-10-04 16:02:00,2010-10-04 18:02:00,154505.0,154280.0,76,-17100.0,close_opposing,long,-225.0
2010-10-05 18:02:00,2010-10-19 18:02:00,156230.0,156580.0,40,-14000.0,signal_reverse,short,-350.0
2010-11-01 18:02:00,2010-11-12 18:02:00,160820.0,161890.0,40,-42800.0,signal_reverse,short,-1070.0
2010-12-01 18:02:00,2010-12-02 16:02:00,163675.0,166050.0,40,-95000.0,close_opposing,short,-2375.0
2010-12-02 18:02:00,2010-12-03 16:02:00,166145.0,169880.0,40,-149400.0,close_opposing,short,-3735.0
2010-12-03 18:02:00,2010-12-07 16:02:00,170105.0,173830.0,40,-149000.0,close_opposing,short,-3725.0
2010-12-07 18:02:00,2010-12-08 11:59:00,173025.0,172400.0,40,25000.0,expiration,short,625.0
2011-02-01 18:02:00,2011-02-03 18:02:00,189875.0,191785.0,40,-76400.0,signal_reverse,short,-1910.0
2011-02-25 18:02:00,2011-02-28 16:02:00,191710.0,195560.0,36,-138600.0,close_opposing,short,-3850.0
2011-02-28 18:02:00,2011-03-03 16:02:00,196740.0,201925.0,40,-207400.0,close_opposing,short,-5185.0
2011-03-03 18:02:00,2011-03-05 16:02:00,201465.0,201555.0,40,-3600.0,close_opposing,short,-90.0
2011-03-05 18:02:00,2011-03-09 11:59:00,202025.0,201930.0,40,3800.0,expiration,short,95.0
2011-03-29 18:02:00,2011-03-30 16:02:00,195830.0,198795.0,40,-118600.0,close_opposing,short,-2965.0
2011-03-30 18:02:00,2011-04-01 16:02:00,198930.0,202785.0,40,-154200.0,close_opposing,short,-3855.0
2011-04-01 18:02:00,2011-04-12 18:02:00,203340.0,201265.0,40,83000.0,signal_reverse,short,2075.0
2011-06-01 16:02:00,2011-06-02 16:02:00,189410.0,185935.0,48,-166800.0,signal_reverse,long,-3475.0
2011-06-07 16:02:00,2011-06-08 11:29:00,188590.0,189590.0,44,44000.0,expiration,long,1000.0
2011-07-01 16:02:00,2011-07-08 16:02:00,191785.0,197485.0,60,342000.0,signal_reverse,long,5700.0
2011-07-08 18:02:00,2011-07-12 18:02:00,194700.0,190065.0,40,185400.0,signal_reverse,short,4635.0
2011-07-14 18:02:00,2011-07-15 18:02:00,193925.0,193310.0,36,22140.0,signal_reverse,short,615.0
2011-07-21 18:02:00,2011-07-29 18:02:00,195485.0,194675.0,32,25920.0,signal_reverse,short,810.0
2011-08-01 18:02:00,2011-08-02 18:02:00,197880.0,195900.0,40,79200.0,signal_reverse,short,1980.0
2011-08-30 16:02:00,2011-09-02 16:02:00,164475.0,165440.0,52,50180.0,signal_reverse,long,965.0
2011-10-12 16:02:00,2011-10-20 16:02:00,139420.0,140960.0,32,49280.0,signal_reverse,long,1540.0
2011-10-24 16:02:00,2011-11-01 16:02:00,147150.0,146920.0,40,-9200.0,signal_reverse,long,-230.0
2011-11-30 18:02:00,2011-12-01 16:02:00,154375.0,155080.0,24,-16920.0,close_opposing,short,-705.0
2011-12-01 18:02:00,2011-12-02 16:02:00,154295.0,156080.0,36,-64260.0,close_opposing,short,-1785.0
2011-12-02 18:02:00,2011-12-06 18:02:00,155525.0,147335.0,36,294840.0,signal_reverse,short,8190.0
2012-01-03 16:02:00,2012-01-05 16:02:00,141635.0,140340.0,64,-82880.0,signal_reverse,long,-1295.0
2012-01-10 16:02:00,2012-01-11 16:02:00,145690.0,143960.0,56,-96880.0,signal_reverse,long,-1730.0
2012-01-19 16:02:00,2012-01-30 16:02:00,149190.0,155435.0,64,399680.0,signal_reverse,long,6245.0
2012-01-31 16:02:00,2012-02-02 16:02:00,157610.0,159385.0,68,120700.0,signal_reverse,long,1775.0
2012-02-24 18:02:00,2012-03-06 18:02:00,171885.0,166795.0,32,162880.0,signal_reverse,short,5090.0
2012-06-18 16:02:00,2012-06-21 16:02:00,134530.0,132275.0,64,-144320.0,signal_reverse,long,-2255.0
2012-07-02 16:02:00,2012-07-06 16:02:00,134765.0,136430.0,60,99900.0,signal_reverse,long,1665.0
2012-07-17 18:02:00,2012-07-20 18:02:00,137925.0,138520.0,40,-23800.0,signal_reverse,short,-595.0
2012-07-27 18:02:00,2012-08-01 18:02:00,137145.0,136980.0,40,6600.0,signal_reverse,short,165.0
2012-08-03 18:02:00,2012-08-16 18:02:00,138770.0,141700.0,40,-117200.0,signal_reverse,short,-2930.0
2012-08-21 18:02:00,2012-08-22 18:02:00,144015.0,142565.0,40,58000.0,signal_reverse,short,1450.0
2012-09-06 18:02:00,2012-09-07 16:02:00,142515.0,147385.0,40,-194800.0,close_opposing,short,-4870.0
2012-09-07 18:02:00,2012-09-10 12:00:00,146565.0,145830.0,40,29400.0,expiration,short,735.0
2012-09-18 18:02:00,2012-09-24 18:02:00,155060.0,149570.0,40,219600.0,signal_reverse,short,5490.0
2012-10-17 18:02:00,2012-10-19 18:02:00,151130.0,149070.0,40,82400.0,signal_reverse,short,2060.0
2012-12-05 16:02:00,2012-12-07 16:02:00,146750.0,145460.0,92,-118680.0,signal_reverse,long,-1290.0
2013-05-03 16:02:00,2013-05-13 16:02:00,138020.0,140430.0,100,241000.0,signal_reverse,long,2410.0
2013-05-21 18:02:00,2013-05-22 16:02:00,143570.0,145820.0,40,-90000.0,close_opposing,short,-2250.0
2013-07-11 16:02:00,2013-07-23 16:02:00,130410.0,138430.0,72,577440.0,signal_reverse,long,8020.0
2013-08-14 18:02:00,2013-08-15 18:02:00,135230.0,132400.0,40,113200.0,signal_reverse,short,2830.0
2013-09-05 18:02:00,2013-09-06 16:02:00,133620.0,134900.0,40,-51200.0,close_opposing,short,-1280.0
2013-09-06 18:02:00,2013-09-09 11:59:00,134600.0,136340.0,40,-69600.0,expiration,short,-1740.0
2013-09-18 16:02:00,2013-09-18 18:02:00,144200.0,143240.0,100,-96000.0,close_opposing,long,-960.0
2013-09-19 18:04:00,2013-09-23 18:02:00,147830.0,145000.0,32,90560.0,signal_reverse,short,2830.0
2013-10-10 18:02:00,2013-10-23 18:02:00,148550.0,149180.0,40,-25200.0,signal_reverse,short,-630.0
2013-12-19 16:02:00,2013-12-20 16:02:00,143850.0,142830.0,76,-77520.0,signal_reverse,long,-1020.0
2013-12-23 16:02:00,2013-12-26 16:02:00,144740.0,145340.0,100,60000.0,signal_reverse,long,600.0
2014-03-26 16:02:00,2014-04-03 16:02:00,118310.0,118320.0,48,480.0,signal_reverse,long,10.0
2014-05-07 16:02:00,2014-05-20 16:02:00,115720.0,127480.0,64,752640.0,signal_reverse,long,11760.0
2014-05-20 18:02:00,2014-05-26 18:02:00,128170.0,131650.0,40,-139200.0,signal_reverse,short,-3480.0
2014-06-19 18:02:00,2014-06-20 18:02:00,132770.0,131490.0,40,51200.0,signal_reverse,short,1280.0
2014-06-24 18:02:00,2014-06-26 18:02:00,136240.0,131660.0,40,183200.0,signal_reverse,short,4580.0
2014-07-02 18:02:00,2014-07-04 18:02:00,133980.0,132250.0,40,69200.0,signal_reverse,short,1730.0
2014-07-07 18:02:00,2014-07-10 18:02:00,134170.0,133240.0,40,37200.0,signal_reverse,short,930.0
2014-08-15 16:02:00,2014-08-22 16:02:00,124450.0,125300.0,72,61200.0,signal_reverse,long,850.0
2014-11-24 16:02:00,2014-11-25 16:02:00,106910.0,105560.0,68,-91800.0,signal_reverse,long,-1350.0
2015-01-22 16:02:00,2015-01-26 16:02:00,80320.0,77080.0,68,-220320.0,signal_reverse,long,-3240.0
2015-02-04 16:02:00,2015-02-19 16:02:00,77690.0,89200.0,56,644560.0,signal_reverse,long,11510.0
2015-02-19 18:02:00,2015-02-24 18:02:00,89560.0,87270.0,40,91600.0,signal_reverse,short,2290.0
2015-02-26 18:02:00,2015-02-27 18:02:00,90880.0,88910.0,40,78800.0,signal_reverse,short,1970.0
2015-03-05 18:02:00,2015-03-06 18:02:00,91370.0,90300.0,40,42800.0,signal_reverse,short,1070.0
2015-03-30 18:02:00,2015-04-02 16:02:00,86260.0,91480.0,40,-208800.0,close_opposing,short,-5220.0
2015-04-02 18:02:00,2015-04-03 16:02:00,92010.0,92880.0,40,-34800.0,close_opposing,short,-870.0
2015-04-03 18:02:00,2015-04-06 16:03:00,91690.0,94110.0,40,-96800.0,close_opposing,short,-2420.0
2015-04-06 18:03:00,2015-04-07 16:02:00,95400.0,95650.0,40,-10000.0,close_opposing,short,-250.0
2015-04-07 18:02:00,2015-04-08 16:02:00,96350.0,97290.0,40,-37600.0,close_opposing,short,-940.0
2015-04-08 18:02:00,2015-04-09 16:02:00,96710.0,99270.0,40,-102400.0,close_opposing,short,-2560.0
2015-04-09 18:02:00,2015-04-13 16:02:00,98610.0,99350.0,40,-29600.0,close_opposing,short,-740.0
2015-04-13 18:02:00,2015-04-14 16:02:00,99590.0,99930.0,40,-13600.0,close_opposing,short,-340.0
2015-04-14 18:02:00,2015-04-15 16:02:00,99720.0,102590.0,40,-114800.0,close_opposing,short,-2870.0
2015-05-12 18:02:00,2015-05-19 18:02:00,105760.0,104460.0,40,52000.0,signal_reverse,short,1300.0
2015-10-06 16:03:00,2015-10-15 16:03:00,81280.0,87900.0,100,662000.0,signal_reverse,long,6620.0
2015-10-15 18:03:00,2015-10-21 18:03:00,88440.0,85460.0,40,119200.0,signal_reverse,short,2980.0
2015-11-17 18:03:00,2015-11-23 16:03:00,85920.0,89540.0,40,-144800.0,close_opposing,short,-3620.0
2015-11-23 18:03:00,2015-11-24 18:03:00,89490.0,86640.0,40,114000.0,signal_reverse,short,2850.0
2015-11-25 18:03:00,2015-11-27 18:03:00,87350.0,85680.0,40,66800.0,signal_reverse,short,1670.0
2016-01-28 16:03:00,2016-02-02 16:03:00,72750.0,70090.0,52,-138320.0,signal_reverse,long,-2660.0
2016-02-04 16:03:00,2016-02-08 16:03:00,72760.0,71270.0,64,-95360.0,signal_reverse,long,-1490.0
2016-02-17 16:04:00,2016-02-19 16:04:00,72560.0,73390.0,76,63080.0,signal_reverse,long,830.0
2016-02-20 16:04:00,2016-02-24 16:04:00,73470.0,73110.0,100,-36000.0,signal_reverse,long,-360.0
2016-02-25 16:04:00,2016-03-07 16:04:00,74680.0,83030.0,56,467600.0,signal_reverse,long,8350.0
2016-03-07 18:04:00,2016-03-09 11:59:00,83320.0,81450.0,40,74800.0,expiration,short,1870.0
2016-03-30 18:04:00,2016-04-01 18:04:00,86950.0,85210.0,40,69600.0,signal_reverse,short,1740.0
2016-04-11 18:04:00,2016-04-18 18:04:00,89120.0,87900.0,40,48800.0,signal_reverse,short,1220.0
2016-04-19 18:04:00,2016-04-27 18:04:00,92360.0,91560.0,40,32000.0,signal_reverse,short,800.0
2016-05-16 18:04:00,2016-05-17 18:04:00,92700.0,92160.0,40,21600.0,signal_reverse,short,540.0
2016-05-30 18:04:00,2016-05-31 18:04:00,91860.0,90310.0,40,62000.0,signal_reverse,short,1550.0
2016-06-06 18:04:00,2016-06-07 16:04:00,92140.0,94140.0,40,-80000.0,close_opposing,short,-2000.0
2016-06-07 18:04:00,2016-06-08 11:59:00,94120.0,94900.0,40,-31200.0,expiration,short,-780.0
2016-07-11 18:04:00,2016-07-12 16:04:00,92480.0,94200.0,40,-68800.0,close_opposing,short,-1720.0
2016-07-12 18:04:00,2016-07-13 16:04:00,94110.0,94800.0,40,-27600.0,close_opposing,short,-690.0
2016-07-13 18:04:00,2016-07-14 16:04:00,93680.0,95200.0,40,-60800.0,close_opposing,short,-1520.0
2016-07-14 18:04:00,2016-07-22 18:04:00,96180.0,93720.0,40,98400.0,signal_reverse,short,2460.0
2016-08-08 18:04:00,2016-08-09 18:04:00,94900.0,95140.0,40,-9600.0,signal_reverse,short,-240.0
2016-08-11 18:04:00,2016-08-24 18:04:00,94660.0,95400.0,40,-29600.0,signal_reverse,short,-740.0
2016-08-26 18:04:00,2016-08-29 18:04:00,97350.0,95750.0,40,64000.0,signal_reverse,short,1600.0
2016-09-05 18:04:00,2016-09-06 16:04:00,97510.0,98600.0,40,-43600.0,close_opposing,short,-1090.0
2016-09-06 18:04:00,2016-09-07 16:04:00,99110.0,100330.0,40,-48800.0,close_opposing,short,-1220.0
2016-09-07 18:04:00,2016-09-08 11:59:00,99990.0,100800.0,40,-32400.0,expiration,short,-810.0
2016-09-22 18:04:00,2016-09-23 18:04:00,99550.0,98690.0,40,34400.0,signal_reverse,short,860.0
2016-09-29 18:04:00,2016-10-12 18:04:00,99390.0,99310.0,40,3200.0,signal_reverse,short,80.0
2016-11-10 16:04:00,2016-11-10 18:04:00,101340.0,100520.0,68,-55760.0,close_opposing,long,-820.0
2016-11-17 18:04:00,2016-11-21 16:00:00,99970.0,100930.0,40,-38400.0,close_opposing,short,-960.0
2016-11-22 16:04:00,2016-11-23 18:04:00,102270.0,101200.0,100,-107000.0,close_opposing,long,-1070.0
2016-11-24 16:04:00,2016-11-25 18:04:00,102300.0,102070.0,100,-23000.0,close_opposing,long,-230.0
2016-11-28 18:04:00,2016-11-29 18:04:00,101870.0,100720.0,40,46000.0,signal_reverse,short,1150.0
2016-11-30 18:04:00,2016-12-01 16:04:00,103050.0,104290.0,40,-49600.0,close_opposing,short,-1240.0
2016-12-01 18:04:00,2016-12-05 16:04:00,104680.0,106730.0,40,-82000.0,close_opposing,short,-2050.0
2016-12-05 18:04:00,2016-12-08 11:59:00,107230.0,108440.0,40,-48400.0,expiration,short,-1210.0
2017-01-03 18:04:00,2017-01-11 18:04:00,119670.0,115750.0,40,156800.0,signal_reverse,short,3920.0
2017-01-12 18:04:00,2017-01-13 18:04:00,117530.0,116170.0,40,54400.0,signal_reverse,short,1360.0
2017-01-27 18:04:00,2017-01-31 18:04:00,119250.0,116740.0,40,100400.0,signal_reverse,short,2510.0
2017-02-02 18:04:00,2017-02-07 18:04:00,117140.0,117290.0,40,-6000.0,signal_reverse,short,-150.0
2017-03-24 16:04:00,2017-03-27 16:04:00,112400.0,110430.0,92,-181240.0,signal_reverse,long,-1970.0
2017-04-05 16:04:00,2017-04-06 16:04:00,115060.0,114530.0,100,-53000.0,signal_reverse,long,-530.0
2017-05-02 18:04:00,2017-05-03 18:04:00,111730.0,109330.0,40,96000.0,signal_reverse,short,2400.0
2017-05-15 18:05:00,2017-05-16 18:04:00,111320.0,111000.0,40,12800.0,signal_reverse,short,320.0
2017-07-13 16:04:00,2017-07-21 16:04:00,101430.0,103360.0,100,193000.0,signal_reverse,long,1930.0
2017-08-08 18:04:00,2017-08-10 18:04:00,104620.0,102960.0,40,66400.0,signal_reverse,short,1660.0
2017-08-14 18:04:00,2017-08-15 18:04:00,103320.0,102780.0,40,21600.0,signal_reverse,short,540.0
2017-08-22 18:04:00,2017-09-01 18:04:00,103940.0,110300.0,40,-254400.0,signal_reverse,short,-6360.0
2017-09-29 18:04:00,2017-10-02 18:04:00,113360.0,112770.0,40,23600.0,signal_reverse,short,590.0
2017-10-04 18:04:00,2017-10-06 18:04:00,113560.0,113410.0,40,6000.0,signal_reverse,short,150.0
2017-10-11 18:04:00,2017-10-13 18:04:00,114370.0,115430.0,40,-42400.0,signal_reverse,short,-1060.0
2017-11-07 18:04:00,2017-11-14 18:04:00,114200.0,113850.0,40,14000.0,signal_reverse,short,350.0
2017-11-22 18:04:00,2017-11-28 18:04:00,115520.0,115280.0,40,9600.0,signal_reverse,short,240.0
2017-12-25 18:04:00,2018-01-03 16:04:00,115130.0,117880.0,40,-110000.0,close_opposing,short,-2750.0
2018-01-03 18:04:00,2018-01-04 16:04:00,118520.0,121550.0,40,-121200.0,close_opposing,short,-3030.0
2018-01-04 18:04:00,2018-01-05 16:04:00,121640.0,121680.0,40,-1600.0,close_opposing,short,-40.0
2018-01-05 18:04:00,2018-01-09 16:04:00,122330.0,123450.0,40,-44800.0,close_opposing,short,-1120.0
2018-01-09 18:04:00,2018-01-10 16:04:00,122910.0,123160.0,40,-10000.0,close_opposing,short,-250.0
2018-01-10 18:04:00,2018-01-11 16:04:00,123630.0,124430.0,40,-32000.0,close_opposing,short,-800.0
2018-01-11 18:04:00,2018-01-12 16:04:00,125080.0,125920.0,40,-33600.0,close_opposing,short,-840.0
2018-01-12 18:04:00,2018-01-15 16:04:00,126130.0,126950.0,40,-32800.0,close_opposing,short,-820.0
2018-01-15 18:04:00,2018-01-22 18:04:00,126870.0,128640.0,40,-70800.0,signal_reverse,short,-1770.0
2018-02-21 18:04:00,2018-03-01 18:04:00,128470.0,127500.0,40,38800.0,signal_reverse,short,970.0
2018-05-10 16:04:00,2018-05-15 16:04:00,117130.0,117760.0,80,50400.0,signal_reverse,long,630.0
2018-07-05 16:04:00,2018-07-12 16:04:00,114860.0,116920.0,100,206000.0,signal_reverse,long,2060.0
2018-07-31 18:04:00,2018-08-01 18:04:00,117350.0,116580.0,40,30800.0,signal_reverse,short,770.0
2018-09-18 16:04:00,2018-10-04 16:04:00,110150.0,116330.0,100,618000.0,signal_reverse,long,6180.0
2018-11-02 18:04:00,2018-11-09 18:04:00,112920.0,111320.0,40,64000.0,signal_reverse,short,1600.0
2018-12-03 16:04:00,2018-12-05 16:04:00,115260.0,114430.0,64,-53120.0,signal_reverse,long,-830.0
2019-01-08 18:04:00,2019-01-09 16:04:00,112440.0,113320.0,40,-35200.0,close_opposing,short,-880.0
2019-01-09 18:04:00,2019-01-10 16:04:00,114090.0,114090.0,40,-0.0,close_opposing,short,-0.0
2019-01-11 16:04:00,2019-01-14 18:04:00,114970.0,114690.0,100,-28000.0,close_opposing,long,-280.0
2019-01-15 16:04:00,2019-01-17 16:04:00,114370.0,115410.0,100,104000.0,signal_reverse,long,1040.0
2019-01-17 18:04:00,2019-01-18 16:04:00,115600.0,117010.0,40,-56400.0,close_opposing,short,-1410.0
2019-01-18 18:04:00,2019-01-21 16:04:00,117350.0,117890.0,40,-21600.0,close_opposing,short,-540.0
2019-01-21 18:04:00,2019-01-25 18:04:00,117570.0,119020.0,40,-58000.0,signal_reverse,short,-1450.0
2019-03-18 18:05:00,2019-03-21 16:04:00,120310.0,122320.0,40,-80400.0,close_opposing,short,-2010.0
2019-03-21 18:04:00,2019-03-22 18:04:00,121960.0,119120.0,40,113600.0,signal_reverse,short,2840.0
2019-03-25 18:04:00,2019-03-27 18:04:00,120580.0,119040.0,40,61600.0,signal_reverse,short,1540.0
2019-04-10 16:04:00,2019-04-11 16:04:00,124050.0,123010.0,100,-104000.0,signal_reverse,long,-1040.0
2019-04-11 18:04:00,2019-04-12 16:04:00,123090.0,123780.0,40,-27600.0,close_opposing,short,-690.0
2019-04-12 18:04:00,2019-04-24 18:04:00,123110.0,124040.0,40,-37200.0,signal_reverse,short,-930.0
2019-05-16 18:04:00,2019-05-21 16:04:00,123990.0,125400.0,40,-56400.0,close_opposing,short,-1410.0
2019-05-21 18:04:00,2019-05-22 16:04:00,125430.0,127230.0,40,-72000.0,close_opposing,short,-1800.0
2019-05-22 18:04:00,2019-06-03 16:04:00,127070.0,129690.0,40,-104800.0,close_opposing,short,-2620.0
2019-06-03 18:04:00,2019-06-06 16:04:00,129730.0,129770.0,40,-1600.0,close_opposing,short,-40.0
2019-06-07 16:04:00,2019-06-10 11:30:00,130420.0,128780.0,100,-164000.0,expiration,long,-1640.0
2019-09-04 16:04:00,2019-09-09 11:29:00,132490.0,134100.0,100,161000.0,expiration,long,1610.0
2019-09-18 18:04:00,2019-09-19 18:04:00,137280.0,136850.0,40,17200.0,signal_reverse,short,430.0
2019-10-16 18:04:00,2019-11-05 18:04:00,134270.0,145460.0,40,-447600.0,signal_reverse,short,-11190.0
2019-12-18 18:04:00,2019-12-30 18:04:00,151700.0,155190.0,40,-139600.0,signal_reverse,short,-3490.0
2020-02-12 18:04:00,2020-02-13 18:04:00,155440.0,154100.0,40,53600.0,signal_reverse,short,1340.0
2020-04-03 16:04:00,2020-04-15 16:04:00,106150.0,105120.0,28,-28840.0,signal_reverse,long,-1030.0
2020-04-28 16:04:00,2020-05-04 16:04:00,111360.0,108260.0,56,-173600.0,signal_reverse,long,-3100.0
2020-05-05 16:04:00,2020-05-06 16:04:00,111440.0,110500.0,60,-56400.0,signal_reverse,long,-940.0
2020-05-07 16:04:00,2020-05-08 16:04:00,111710.0,112200.0,52,25480.0,signal_reverse,long,490.0
2020-05-12 18:04:00,2020-05-13 18:04:00,112930.0,110450.0,40,99200.0,signal_reverse,short,2480.0
2020-05-18 18:04:00,2020-06-01 18:04:00,115530.0,123910.0,40,-335200.0,signal_reverse,short,-8380.0
2020-07-20 18:04:00,2020-07-21 16:04:00,123190.0,126160.0,40,-118800.0,close_opposing,short,-2970.0
2020-07-21 18:04:00,2020-07-27 16:04:00,126030.0,126820.0,40,-31600.0,close_opposing,short,-790.0
2020-07-27 18:04:00,2020-07-30 18:04:00,127130.0,123370.0,40,150400.0,signal_reverse,short,3760.0
2020-08-03 18:04:00,2020-08-04 18:04:00,125880.0,125460.0,40,16800.0,signal_reverse,short,420.0
2020-08-05 16:04:00,2020-08-06 16:04:00,128680.0,128560.0,76,-9120.0,signal_reverse,long,-120.0
2020-08-11 16:04:00,2020-08-13 16:04:00,129360.0,131260.0,96,182400.0,signal_reverse,long,1900.0
2020-11-06 16:04:00,2020-11-20 16:04:00,115740.0,126080.0,60,620400.0,signal_reverse,long,10340.0
2020-11-20 18:04:00,2020-11-23 18:04:00,126020.0,126170.0,40,-6000.0,signal_reverse,short,-150.0
2020-12-28 18:04:00,2020-12-29 18:04:00,139180.0,139770.0,40,-23600.0,signal_reverse,short,-590.0
2021-01-04 18:04:00,2021-01-21 18:04:00,143270.0,145610.0,40,-93600.0,signal_reverse,short,-2340.0
2021-02-09 18:04:00,2021-02-15 16:04:00,145740.0,149180.0,40,-137600.0,close_opposing,short,-3440.0
2021-02-15 18:04:00,2021-02-16 16:04:00,149380.0,149600.0,40,-8800.0,close_opposing,short,-220.0
2021-02-16 18:04:00,2021-02-18 18:04:00,149170.0,145140.0,40,161200.0,signal_reverse,short,4030.0
2021-02-19 18:04:00,2021-02-20 18:05:00,147170.0,146690.0,40,19200.0,signal_reverse,short,480.0
2021-04-16 15:04:00,2021-04-20 15:04:00,146410.0,143910.0,40,100000.0,signal_reverse,short,2500.0
2021-04-22 15:04:00,2021-04-27 12:59:00,146920.0,149520.0,40,-104000.0,close_opposing,short,-2600.0
2021-04-27 15:04:00,2021-04-28 15:04:00,149720.0,147850.0,40,74800.0,signal_reverse,short,1870.0
2021-05-05 15:04:00,2021-05-06 12:59:00,150110.0,151560.0,40,-58000.0,close_opposing,short,-1450.0
2021-05-06 15:04:00,2021-05-17 15:04:00,151950.0,153120.0,40,-46800.0,signal_reverse,short,-1170.0
2021-05-21 15:04:00,2021-05-24 15:04:00,156120.0,155220.0,40,36000.0,signal_reverse,short,900.0
2021-05-25 15:04:00,2021-06-07 15:04:00,156970.0,164900.0,40,-317200.0,signal_reverse,short,-7930.0
2021-06-28 15:04:00,2021-06-29 15:04:00,164700.0,161630.0,40,122800.0,signal_reverse,short,3070.0
2021-07-01 15:04:00,2021-07-02 15:04:00,164790.0,163270.0,40,60800.0,signal_reverse,short,1520.0
2021-07-06 15:04:00,2021-07-07 15:04:00,165350.0,164160.0,40,47600.0,signal_reverse,short,1190.0
2021-08-03 15:04:00,2021-08-09 15:04:00,163220.0,163220.0,40,-0.0,signal_reverse,short,-0.0
2021-08-10 15:04:00,2021-08-11 15:04:00,164300.0,163460.0,40,33600.0,signal_reverse,short,840.0
2021-08-30 15:04:00,2021-08-31 15:04:00,167620.0,167520.0,40,4000.0,signal_reverse,short,100.0
2021-09-01 15:04:00,2021-09-08 08:59:00,169630.0,172570.0,40,-117600.0,expiration,short,-2940.0
2021-09-27 15:04:00,2021-09-29 15:04:00,174830.0,174580.0,40,10000.0,signal_reverse,short,250.0
2021-10-01 15:04:00,2021-10-14 15:04:00,174900.0,187740.0,40,-513600.0,signal_reverse,short,-12840.0
2022-01-03 12:59:00,2022-01-04 12:59:00,163380.0,162550.0,68,-56440.0,signal_reverse,long,-830.0
2022-02-04 12:59:00,2022-02-07 12:59:00,146720.0,144000.0,36,-97920.0,signal_reverse,long,-2720.0
2022-02-09 12:59:00,2022-02-11 12:59:00,152570.0,147890.0,56,-262080.0,signal_reverse,long,-4680.0
2022-02-15 12:59:00,2022-02-17 12:59:00,150040.0,147970.0,20,-41400.0,signal_reverse,long,-2070.0
2022-04-27 16:04:00,2022-05-26 16:04:00,102750.0,114190.0,36,411840.0,signal_reverse,long,11440.0
2022-06-21 16:04:00,2022-06-23 16:04:00,121740.0,125580.0,44,168960.0,signal_reverse,long,3840.0
2022-06-23 18:04:00,2022-07-01 18:04:00,125910.0,120680.0,40,209200.0,signal_reverse,short,5230.0
2022-08-17 16:04:00,2022-08-25 16:04:00,110260.0,111810.0,52,80600.0,signal_reverse,long,1550.0
2022-08-31 16:04:00,2022-09-08 11:29:00,122000.0,122200.0,24,4800.0,expiration,long,200.0
2022-10-17 15:04:00,2022-10-19 15:04:00,103110.0,102830.0,56,-15680.0,signal_reverse,long,-280.0
2022-10-20 15:04:00,2022-11-03 15:04:00,104290.0,108520.0,60,253800.0,signal_reverse,long,4230.0
2022-11-07 15:04:00,2022-11-09 15:04:00,112930.0,112390.0,68,-36720.0,signal_reverse,long,-540.0
2022-11-11 15:04:00,2022-11-15 15:04:00,114140.0,114250.0,72,7920.0,signal_reverse,long,110.0
2023-01-12 15:04:00,2023-01-18 15:04:00,101910.0,101520.0,100,-39000.0,signal_reverse,long,-390.0
2023-02-28 17:04:00,2023-03-02 17:04:00,95590.0,94600.0,40,39600.0,signal_reverse,short,990.0
2023-03-20 15:15:00,2023-03-22 15:04:00,97710.0,97390.0,84,-26880.0,signal_reverse,long,-320.0
2023-03-23 15:04:00,2023-03-24 15:04:00,98600.0,98180.0,100,-42000.0,signal_reverse,long,-420.0
2023-03-27 15:04:00,2023-03-30 15:04:00,99640.0,100040.0,100,40000.0,signal_reverse,long,400.0
2023-04-17 17:04:00,2023-04-26 17:04:00,100570.0,99680.0,40,35600.0,signal_reverse,short,890.0
2023-04-28 17:04:00,2023-05-03 17:04:00,102010.0,99850.0,40,86400.0,signal_reverse,short,2160.0
2023-05-10 15:04:00,2023-05-10 17:04:00,104070.0,103660.0,88,-36080.0,close_opposing,long,-410.0
2023-05-11 15:04:00,2023-05-12 15:04:00,103250.0,101720.0,68,-104040.0,signal_reverse,long,-1530.0
2023-05-12 17:04:00,2023-05-15 17:04:00,102290.0,101690.0,40,24000.0,signal_reverse,short,600.0
2023-05-30 17:04:00,2023-05-31 17:04:00,104120.0,103230.0,40,35600.0,signal_reverse,short,890.0
2023-06-02 17:04:00,2023-06-06 17:04:00,104300.0,102310.0,40,79600.0,signal_reverse,short,1990.0
2023-06-19 17:04:00,2023-06-23 17:04:00,105210.0,104960.0,40,10000.0,signal_reverse,short,250.0
2023-07-14 17:04:00,2023-07-21 17:04:00,102540.0,103550.0,40,-40400.0,signal_reverse,short,-1010.0
2023-07-25 17:04:00,2023-07-31 15:04:00,104760.0,106470.0,40,-68400.0,close_opposing,short,-1710.0
2023-08-01 15:04:00,2023-08-02 15:04:00,107480.0,107080.0,100,-40000.0,signal_reverse,long,-400.0
2023-08-21 17:04:00,2023-08-25 17:05:00,107620.0,104900.0,40,108800.0,signal_reverse,short,2720.0
2023-08-28 17:04:00,2023-08-30 17:04:00,106310.0,105840.0,40,18800.0,signal_reverse,short,470.0
2023-08-31 17:05:00,2023-09-01 17:05:00,106880.0,106830.0,40,2000.0,signal_reverse,short,50.0
2023-10-12 17:04:00,2023-10-13 17:05:00,103100.0,104080.0,40,-39200.0,signal_reverse,short,-980.0
2023-10-16 15:05:00,2023-10-19 15:04:00,104800.0,105220.0,100,42000.0,signal_reverse,long,420.0
2023-10-19 17:05:00,2023-10-20 15:04:00,105310.0,106590.0,40,-51200.0,close_opposing,short,-1280.0
2023-10-20 17:06:00,2023-10-23 15:04:00,106890.0,107860.0,40,-38800.0,close_opposing,short,-970.0
2023-10-23 17:05:00,2023-10-24 15:04:00,107880.0,109050.0,40,-46800.0,close_opposing,short,-1170.0
2023-10-24 17:04:00,2023-10-25 15:04:00,109090.0,109190.0,40,-4000.0,close_opposing,short,-100.0
2023-10-25 17:05:00,2023-10-27 17:04:00,109190.0,107050.0,40,85600.0,signal_reverse,short,2140.0
2023-11-13 17:04:00,2023-11-24 17:04:00,110400.0,112710.0,40,-92400.0,signal_reverse,short,-2310.0
2023-12-20 15:20:00,2023-12-21 15:06:00,110150.0,108400.0,92,-161000.0,signal_reverse,long,-1750.0
2023-12-22 17:07:00,2024-01-03 17:24:00,109190.0,109330.0,40,-5600.0,signal_reverse,short,-140.0
2024-01-04 17:11:00,2024-01-09 15:04:00,110140.0,112010.0,40,-74800.0,close_opposing,short,-1870.0
2024-01-10 15:08:00,2024-01-17 15:06:00,112760.0,114390.0,100,163000.0,signal_reverse,long,1630.0
2024-02-29 17:05:00,2024-03-05 15:08:00,112770.0,114470.0,40,-68000.0,close_opposing,short,-1700.0
2024-03-05 17:08:00,2024-03-06 15:04:00,114700.0,115070.0,40,-14800.0,close_opposing,short,-370.0
2024-03-06 17:04:00,2024-03-11 11:00:00,114690.0,115490.0,40,-32000.0,expiration,short,-800.0
2024-04-03 17:10:00,2024-04-10 17:04:00,113810.0,113360.0,40,18000.0,signal_reverse,short,450.0
2024-04-11 17:11:00,2024-04-16 17:06:00,114160.0,114010.0,40,6000.0,signal_reverse,short,150.0
2024-04-26 17:05:00,2024-04-29 17:08:00,116120.0,115470.0,40,26000.0,signal_reverse,short,650.0
2024-05-08 17:05:00,2024-05-21 17:05:00,116280.0,117690.0,40,-56400.0,signal_reverse,short,-1410.0
2024-06-19 18:06:00,2024-06-20 18:05:00,115320.0,114840.0,40,19200.0,signal_reverse,short,480.0
2024-06-26 18:04:00,2024-06-28 18:05:00,116650.0,115160.0,40,59600.0,signal_reverse,short,1490.0
2024-07-01 18:05:00,2024-07-03 18:09:00,115500.0,114550.0,40,38000.0,signal_reverse,short,950.0
2024-09-18 16:09:00,2024-09-27 16:09:00,98350.0,100170.0,88,160160.0,signal_reverse,long,1820.0
2024-12-20 16:05:00,2024-12-24 16:04:00,80950.0,85350.0,56,246400.0,signal_reverse,long,4400.0
2024-12-25 18:04:00,2024-12-28 16:04:00,86740.0,88730.0,40,-79600.0,close_opposing,short,-1990.0
2024-12-28 18:04:00,2024-12-30 16:04:00,88690.0,89760.0,40,-42800.0,close_opposing,short,-1070.0
2024-12-30 18:04:00,2025-01-08 16:04:00,90140.0,90180.0,40,-1600.0,close_opposing,short,-40.0
2025-01-08 18:07:00,2025-01-09 18:04:00,90250.0,87610.0,40,105600.0,signal_reverse,short,2640.0
2025-01-16 16:04:00,2025-01-20 16:04:00,90180.0,92800.0,88,230560.0,signal_reverse,long,2620.0
2025-03-18 17:04:00,2025-03-24 17:04:00,124660.0,117980.0,40,267200.0,signal_reverse,short,6680.0
2025-04-21 15:04:00,2025-04-30 15:04:00,110520.0,111870.0,44,59400.0,signal_reverse,long,1350.0
2025-05-13 15:04:00,2025-05-15 15:04:00,111670.0,109540.0,80,-170400.0,signal_reverse,long,-2130.0
2025-05-29 15:04:00,2025-05-30 15:04:00,112460.0,111470.0,80,-79200.0,signal_reverse,long,-990.0
2025-05-30 17:04:00,2025-06-02 17:04:00,111010.0,109020.0,40,79600.0,signal_reverse,short,1990.0
2025-06-03 15:05:00,2025-06-03 17:05:00,112420.0,112380.0,60,-2400.0,close_opposing,long,-40.0
2025-06-04 15:04:00,2025-06-04 17:04:00,114550.0,112830.0,96,-165120.0,close_opposing,long,-1720.0
2025-06-05 15:04:00,2025-06-06 17:04:00,113090.0,112560.0,68,-36040.0,close_opposing,long,-530.0
2025-06-30 17:04:00,2025-07-03 17:03:00,111160.0,110380.0,40,31200.0,signal_reverse,short,780.0
2025-07-18 17:03:00,2025-07-21 15:03:00,111760.0,113870.0,40,-84400.0,close_opposing,short,-2110.0
2025-07-21 17:03:00,2025-07-23 15:04:00,114280.0,114780.0,40,-20000.0,close_opposing,short,-500.0
2025-07-23 17:05:00,2025-07-25 17:05:00,114540.0,110300.0,40,169600.0,signal_reverse,short,4240.0
2025-08-07 15:04:00,2025-08-08 17:04:00,116000.0,115060.0,28,-26320.0,close_opposing,long,-940.0
2025-08-11 15:04:00,2025-08-11 17:04:00,118550.0,118470.0,64,-5120.0,close_opposing,long,-80.0
2025-08-12 15:05:00,2025-08-13 15:04:00,118150.0,118010.0,96,-13440.0,signal_reverse,long,-140.0
2025-08-13 17:05:00,2025-08-17 18:50:00,118390.0,116150.0,40,89600.0,signal_reverse,short,2240.0
2025-08-19 17:07:00,2025-08-20 17:08:00,118050.0,115640.0,40,96400.0,signal_reverse,short,2410.0
2025-10-17 15:03:00,2025-10-21 15:03:00,105810.0,105450.0,36,-12960.0,signal_reverse,long,-360.0
2025-11-19 17:04:00,2025-11-21 15:04:00,104620.0,107080.0,40,-98400.0,close_opposing,short,-2460.0
2025-11-21 17:04:00,2025-11-24 15:04:00,106210.0,107490.0,40,-51200.0,close_opposing,short,-1280.0
2025-11-24 17:04:00,2025-11-29 18:49:00,107720.0,109450.0,40,-69200.0,close_opposing,short,-1730.0
2025-11-30 17:33:00,2025-12-01 17:05:00,110440.0,110250.0,96,-18240.0,close_opposing,long,-190.0
2025-12-02 17:06:00,2025-12-03 17:04:00,110260.0,107760.0,40,100000.0,signal_reverse,short,2500.0
2025-12-05 15:04:00,2025-12-08 10:29:00,111800.0,112450.0,88,57200.0,expiration,long,650.0
2025-12-25 17:08:00,2025-12-30 23:49:00,110630.0,111210.0,40,-23200.0,end_of_data,short,-580.0
