entry_time,exit_time,entry_price,exit_price,contracts,pnl,exit_reason,direction,pnl_1c,period
2007-01-24 17:18:00,2007-01-29 17:02:00,186000.0,184740.0,11,-13860.0,signal_reverse,long,-1260.0,train
2007-01-30 14:37:00,2007-01-31 15:07:00,180245.0,184150.0,13,-50765.0,signal_reverse,short,-3905.0,train
2007-02-01 16:42:00,2007-02-08 17:43:00,188800.0,187900.0,12,-10800.0,signal_reverse,long,-900.0,train
2007-02-09 16:47:00,2007-02-09 18:44:00,189400.0,188845.0,12,-6660.0,signal_reverse,long,-555.0,train
2007-02-12 14:52:00,2007-02-13 14:36:00,185230.0,186000.0,10,-7700.0,signal_reverse,short,-770.0,train
2007-02-13 15:37:00,2007-02-14 14:45:00,185630.0,188720.0,8,-24720.0,close_opposing,short,-3090.0,train
2007-02-14 14:45:00,2007-02-15 14:53:00,188720.0,191300.0,13,-33540.0,close_opposing,short,-2580.0,train
2007-02-16 14:39:00,2007-02-16 15:42:00,189700.0,190500.0,13,-10400.0,close_opposing,short,-800.0,train
2007-02-16 15:42:00,2007-02-19 14:43:00,190500.0,191750.0,12,-15000.0,close_opposing,short,-1250.0,train
2007-02-22 18:44:00,2007-02-27 17:41:00,194150.0,189700.0,15,-66750.0,signal_reverse,long,-4450.0,train
2007-02-28 14:29:00,2007-03-09 11:29:00,184505.0,179050.0,7,38185.0,expiration,short,5455.0,train
2007-03-22 17:44:00,2007-04-18 17:59:00,187210.0,193700.0,9,58410.0,signal_reverse,long,6490.0,train
2007-04-19 14:35:00,2007-04-20 17:48:00,189750.0,194590.0,12,-58080.0,close_opposing,short,-4840.0,train
2007-04-23 14:41:00,2007-04-23 14:41:00,195305.0,195305.0,13,0.0,close_opposing,long,0.0,train
2007-04-23 15:45:00,2007-04-25 14:40:00,194200.0,194925.0,15,-10875.0,signal_reverse,short,-725.0,train
2007-04-26 14:36:00,2007-04-28 14:07:00,195595.0,191395.0,12,50400.0,signal_reverse,short,4200.0,train
2007-05-07 13:41:00,2007-05-18 14:36:00,192950.0,186495.0,26,167830.0,signal_reverse,short,6455.0,train
2007-06-18 15:36:00,2007-06-27 14:31:00,191900.0,190110.0,13,-23270.0,close_opposing,long,-1790.0,train
2007-06-27 15:34:00,2007-06-27 15:34:00,189850.0,189850.0,18,0.0,close_opposing,long,0.0,train
2007-06-28 14:36:00,2007-06-28 17:36:00,191475.0,191625.0,16,-2400.0,close_opposing,short,-150.0,train
2007-06-29 14:29:00,2007-06-29 16:33:00,190810.0,191135.0,19,-6175.0,close_opposing,short,-325.0,train
2007-07-02 15:33:00,2007-07-13 17:30:00,193930.0,208215.0,19,271415.0,signal_reverse,long,14285.0,train
2007-07-23 14:30:00,2007-08-07 14:30:00,208300.0,196250.0,11,132550.0,signal_reverse,short,12050.0,train
2007-08-10 14:29:00,2007-08-22 14:29:00,189850.0,185370.0,8,35840.0,signal_reverse,short,4480.0,train
2007-08-31 17:29:00,2007-08-31 17:59:00,192900.0,191990.0,13,-11830.0,signal_reverse,long,-910.0,train
2007-09-03 16:29:00,2007-09-04 15:29:00,192295.0,190845.0,14,-20300.0,signal_reverse,long,-1450.0,train
2007-09-06 17:29:00,2007-09-07 16:30:00,193025.0,190790.0,17,-37995.0,signal_reverse,long,-2235.0,train
2007-09-18 15:29:00,2007-10-02 15:29:00,195205.0,212800.0,18,316710.0,signal_reverse,long,17595.0,train
2007-10-10 14:34:00,2007-10-11 14:35:00,215300.0,218830.0,20,-70600.0,signal_reverse,short,-3530.0,train
2007-10-12 15:44:00,2007-10-19 14:34:00,216855.0,214915.0,16,31040.0,signal_reverse,short,1940.0,train
2007-10-22 14:39:00,2007-10-25 15:34:00,210050.0,218100.0,9,-72450.0,close_opposing,short,-8050.0,train
2007-10-26 15:34:00,2007-11-14 15:34:00,219415.0,224000.0,14,64190.0,signal_reverse,long,4585.0,train
2007-11-14 15:34:00,2007-11-14 16:34:00,224000.0,225680.0,15,-25200.0,close_opposing,short,-1680.0,train
2007-11-15 14:34:00,2007-11-28 14:34:00,224485.0,215700.0,14,122990.0,signal_reverse,short,8785.0,train
2007-12-05 15:34:00,2007-12-10 11:29:00,225380.0,229300.0,14,54880.0,expiration,long,3920.0,train
2007-12-18 15:34:00,2007-12-19 14:34:00,233250.0,231225.0,8,-16200.0,close_opposing,long,-2025.0,train
2007-12-19 15:34:00,2007-12-19 15:34:00,230950.0,230950.0,9,0.0,close_opposing,long,0.0,train
2007-12-20 14:34:00,2007-12-20 15:34:00,232785.0,232995.0,13,-2730.0,close_opposing,short,-210.0,train
2007-12-20 15:34:00,2007-12-21 15:34:00,232995.0,234345.0,14,-18900.0,close_opposing,short,-1350.0,train
2007-12-21 15:34:00,2007-12-24 15:34:00,234345.0,236410.0,12,-24780.0,close_opposing,short,-2065.0,train
2007-12-24 15:34:00,2007-12-26 14:34:00,236410.0,232430.0,14,55720.0,signal_reverse,short,3980.0,train
2007-12-27 14:34:00,2007-12-28 14:34:00,231160.0,230500.0,14,9240.0,signal_reverse,short,660.0,train
2008-01-09 14:34:00,2008-01-10 14:34:00,233015.0,233565.0,11,-6050.0,signal_reverse,short,-550.0,train
2008-01-14 15:34:00,2008-01-15 17:34:00,236045.0,235490.0,17,-9435.0,signal_reverse,long,-555.0,train
2008-01-16 14:34:00,2008-01-28 14:34:00,223590.0,197380.0,6,157260.0,signal_reverse,short,26210.0,train
2008-02-06 14:34:00,2008-02-12 14:32:00,195000.0,198595.0,4,-14380.0,signal_reverse,short,-3595.0,train
2008-02-19 16:32:00,2008-02-20 16:32:00,205995.0,202975.0,8,-24160.0,signal_reverse,long,-3020.0,train
2008-02-21 15:32:00,2008-02-29 15:32:00,208340.0,205990.0,9,-21150.0,close_opposing,long,-2350.0,train
2008-02-29 16:32:00,2008-03-03 14:32:00,205600.0,200500.0,11,-56100.0,close_opposing,long,-5100.0,train
2008-03-03 15:32:00,2008-03-05 17:32:00,201400.0,204300.0,8,-23200.0,close_opposing,short,-2900.0,train
2008-03-06 14:32:00,2008-03-06 15:32:00,205230.0,207050.0,10,-18200.0,close_opposing,short,-1820.0,train
2008-03-06 15:32:00,2008-03-11 11:34:00,207050.0,201615.0,9,48915.0,expiration,short,5435.0,train
2008-03-18 14:32:00,2008-03-19 14:32:00,199000.0,203000.0,5,-20000.0,signal_reverse,short,-4000.0,train
2008-03-20 14:32:00,2008-03-26 14:32:00,196565.0,199325.0,7,-19320.0,signal_reverse,short,-2760.0,train
2008-04-02 15:32:00,2008-04-03 16:32:00,206825.0,204670.0,11,-23705.0,signal_reverse,long,-2155.0,train
2008-04-04 15:32:00,2008-04-04 16:32:00,206215.0,204795.0,12,-17040.0,signal_reverse,long,-1420.0,train
2008-04-07 15:32:00,2008-04-14 14:32:00,208860.0,204975.0,14,-54390.0,close_opposing,long,-3885.0,train
2008-04-14 15:32:00,2008-04-14 17:32:00,205155.0,206090.0,10,-9350.0,close_opposing,short,-935.0,train
2008-04-15 15:32:00,2008-04-24 17:59:00,207205.0,209800.0,12,31140.0,signal_reverse,long,2595.0,train
2008-04-28 15:32:00,2008-04-29 14:32:00,214495.0,212310.0,12,-26220.0,close_opposing,long,-2185.0,train
2008-04-29 15:32:00,2008-04-29 15:32:00,212000.0,212000.0,14,0.0,close_opposing,long,0.0,train
2008-04-30 14:32:00,2008-05-06 14:32:00,209560.0,214355.0,18,-86310.0,signal_reverse,short,-4795.0,train
2008-05-07 16:32:00,2008-05-29 15:32:00,218450.0,242805.0,18,438390.0,signal_reverse,long,24355.0,train
2008-05-29 15:32:00,2008-05-29 16:32:00,242805.0,244330.0,11,-16775.0,close_opposing,short,-1525.0,train
2008-05-30 14:32:00,2008-06-02 14:32:00,243435.0,245800.0,6,-14190.0,signal_reverse,short,-2365.0,train
2008-06-04 14:32:00,2008-06-09 11:29:00,236290.0,236050.0,10,2400.0,expiration,short,240.0,train
2008-06-19 15:32:00,2008-06-19 17:32:00,241540.0,241065.0,17,-8075.0,signal_reverse,long,-475.0,train
2008-06-23 14:32:00,2008-06-30 15:32:00,234235.0,230140.0,13,53235.0,signal_reverse,short,4095.0,train
2008-07-16 14:32:00,2008-07-17 14:32:00,215700.0,220900.0,14,-72800.0,signal_reverse,short,-5200.0,train
2008-07-17 17:32:00,2008-07-18 15:32:00,224300.0,220095.0,12,-50460.0,signal_reverse,long,-4205.0,train
2008-07-21 14:32:00,2008-07-28 14:32:00,214990.0,198295.0,9,150255.0,signal_reverse,short,16695.0,train
2008-08-19 14:33:00,2008-08-26 14:32:00,170055.0,153685.0,10,163700.0,signal_reverse,short,16370.0,train
2008-09-04 14:32:00,2008-09-08 11:29:00,158730.0,153015.0,7,40005.0,expiration,short,5715.0,train
2008-09-25 19:47:00,2008-09-26 15:32:00,140500.0,131905.0,5,-42975.0,signal_reverse,long,-8595.0,train
2008-09-29 14:32:00,2008-10-06 14:37:00,124605.0,88550.0,5,180275.0,signal_reverse,short,36055.0,train
2008-10-17 14:32:00,2008-10-27 14:32:00,72360.0,50600.0,5,108800.0,signal_reverse,short,21760.0,train
2008-10-30 15:35:00,2008-11-11 14:32:00,77955.0,73750.0,6,-25230.0,close_opposing,long,-4205.0,train
2008-11-11 15:32:00,2008-11-19 15:32:00,73055.0,59725.0,7,93310.0,signal_reverse,short,13330.0,train
2008-11-20 14:32:00,2008-11-24 14:32:00,55950.0,62085.0,8,-49080.0,signal_reverse,short,-6135.0,train
2008-11-24 19:47:00,2008-11-26 16:32:00,67200.0,65390.0,7,-12670.0,signal_reverse,long,-1810.0,train
2008-11-26 19:47:00,2008-11-28 15:32:00,66350.0,65365.0,8,-7880.0,signal_reverse,long,-985.0,train
2008-12-01 14:32:00,2008-12-08 11:29:00,62740.0,64310.0,14,-21980.0,expiration,short,-1570.0,train
2008-12-18 15:32:00,2008-12-18 19:47:00,66900.0,65530.0,19,-26030.0,signal_reverse,long,-1370.0,train
2008-12-19 14:32:00,2008-12-25 14:32:00,63105.0,65005.0,17,-32300.0,signal_reverse,short,-1900.0,train
2008-12-29 15:32:00,2009-01-14 14:32:00,63005.0,60090.0,22,64130.0,signal_reverse,short,2915.0,train
2009-02-02 14:32:00,2009-02-06 14:32:00,50200.0,51835.0,19,-31065.0,signal_reverse,short,-1635.0,train
2009-02-09 15:32:00,2009-02-17 14:32:00,56585.0,55400.0,22,-26070.0,close_opposing,long,-1185.0,train
2009-02-17 15:32:00,2009-02-25 14:32:00,53940.0,52700.0,17,21080.0,signal_reverse,short,1240.0,train
2009-03-04 15:32:00,2009-03-10 11:42:00,56270.0,59900.0,19,68970.0,expiration,long,3630.0,train
2009-03-18 15:32:00,2009-03-24 15:32:00,63800.0,71090.0,13,94770.0,signal_reverse,long,7290.0,train
2009-03-27 14:32:00,2009-04-02 14:32:00,70985.0,70875.0,19,2090.0,signal_reverse,short,110.0,train
2009-04-02 19:47:00,2009-04-03 17:32:00,73130.0,72250.0,15,-13200.0,signal_reverse,long,-880.0,train
2009-04-06 15:32:00,2009-04-06 16:32:00,75355.0,72945.0,15,-36150.0,signal_reverse,long,-2410.0,train
2009-04-07 16:32:00,2009-04-20 15:32:00,71220.0,77275.0,16,96880.0,signal_reverse,long,6055.0,train
2009-04-20 15:32:00,2009-04-23 15:32:00,77275.0,79285.0,19,-38190.0,signal_reverse,short,-2010.0,train
2009-04-24 14:39:00,2009-04-24 15:39:00,79225.0,78900.0,15,-4875.0,signal_reverse,long,-325.0,train
2009-04-29 18:47:00,2009-05-20 15:32:00,78720.0,99500.0,19,394820.0,signal_reverse,long,20780.0,train
2009-05-22 15:32:00,2009-05-26 14:32:00,102310.0,96565.0,11,-63195.0,close_opposing,long,-5745.0,train
2009-05-26 15:32:00,2009-05-26 15:32:00,97595.0,97595.0,15,0.0,close_opposing,long,0.0,train
2009-05-27 15:32:00,2009-06-08 11:29:00,102665.0,110470.0,15,117075.0,expiration,long,7805.0,train
2009-06-18 14:32:00,2009-06-22 14:32:00,98450.0,96650.0,11,19800.0,signal_reverse,short,1800.0,train
2009-07-03 14:32:00,2009-07-10 14:32:00,91920.0,81750.0,22,223740.0,signal_reverse,short,10170.0,train
2009-07-17 15:32:00,2009-07-29 15:32:00,91075.0,96075.0,15,75000.0,signal_reverse,long,5000.0,train
2009-07-29 15:32:00,2009-07-30 14:32:00,96075.0,98195.0,10,-21200.0,signal_reverse,short,-2120.0,train
2009-07-30 16:32:00,2009-08-11 15:32:00,98000.0,104050.0,12,72600.0,signal_reverse,long,6050.0,train
2009-08-11 15:32:00,2009-08-13 14:32:00,104050.0,106020.0,12,-23640.0,signal_reverse,short,-1970.0,train
2009-08-13 15:32:00,2009-08-14 14:32:00,106720.0,105200.0,12,18240.0,signal_reverse,short,1520.0,train
2009-08-17 14:32:00,2009-08-21 14:32:00,96910.0,103200.0,14,-88060.0,signal_reverse,short,-6290.0,train
2009-08-21 18:47:00,2009-08-27 18:47:00,106840.0,104355.0,15,-37275.0,signal_reverse,long,-2485.0,train
2009-08-28 15:32:00,2009-08-31 14:32:00,108390.0,105530.0,13,-37180.0,close_opposing,long,-2860.0,train
2009-08-31 15:32:00,2009-08-31 15:32:00,105830.0,105830.0,15,0.0,close_opposing,long,0.0,train
2009-09-01 14:32:00,2009-09-03 14:32:00,105375.0,106385.0,15,-15150.0,signal_reverse,short,-1010.0,train
2009-09-04 15:32:00,2009-09-04 16:32:00,107505.0,106650.0,18,-15390.0,signal_reverse,long,-855.0,train
2009-09-07 15:32:00,2009-09-08 11:29:00,107890.0,109645.0,17,29835.0,expiration,long,1755.0,train
2009-09-18 15:32:00,2009-09-21 14:32:00,123245.0,120275.0,14,-41580.0,close_opposing,long,-2970.0,train
2009-09-21 15:32:00,2009-09-21 15:32:00,120230.0,120230.0,14,0.0,close_opposing,long,0.0,train
2009-09-22 14:32:00,2009-09-22 16:32:00,123540.0,123630.0,18,-1620.0,close_opposing,short,-90.0,train
2009-09-23 14:32:00,2009-09-23 15:32:00,124925.0,125595.0,18,-12060.0,close_opposing,short,-670.0,train
2009-09-24 15:32:00,2009-09-24 16:32:00,124315.0,124870.0,13,7215.0,signal_reverse,long,555.0,train
2009-09-28 19:47:00,2009-09-29 15:32:00,124410.0,123515.0,12,-10740.0,signal_reverse,long,-895.0,train
2009-09-30 15:32:00,2009-09-30 18:32:00,125675.0,123425.0,18,-40500.0,signal_reverse,long,-2250.0,train
2009-10-01 17:32:00,2009-10-01 18:32:00,125720.0,125400.0,16,-5120.0,signal_reverse,long,-320.0,train
2009-10-02 14:32:00,2009-10-06 14:32:00,120730.0,124720.0,19,-75810.0,signal_reverse,short,-3990.0,train
2009-10-06 15:32:00,2009-10-21 15:32:00,124390.0,141915.0,17,297925.0,signal_reverse,long,17525.0,train
2009-10-21 15:32:00,2009-10-21 20:17:00,141915.0,145945.0,12,-48360.0,close_opposing,short,-4030.0,train
2009-10-22 14:32:00,2009-10-22 15:32:00,143300.0,144680.0,10,-13800.0,close_opposing,short,-1380.0,train
2009-10-22 15:32:00,2009-10-23 14:32:00,144680.0,145635.0,10,-9550.0,signal_reverse,short,-955.0,train
2009-10-26 15:32:00,2009-10-26 19:47:00,145310.0,143905.0,13,-18265.0,signal_reverse,long,-1405.0,train
2009-10-27 14:31:00,2009-11-02 15:32:00,141460.0,132675.0,14,122990.0,signal_reverse,short,8785.0,train
2009-11-09 18:32:00,2009-11-19 19:47:00,139840.0,143720.0,10,38800.0,signal_reverse,long,3880.0,train
2009-11-20 14:32:00,2009-11-23 15:32:00,142880.0,145220.0,16,-37440.0,close_opposing,short,-2340.0,train
2009-11-23 15:32:00,2009-11-30 14:32:00,145220.0,134905.0,14,144410.0,signal_reverse,short,10315.0,train
2009-12-18 15:32:00,2009-12-22 14:32:00,142865.0,142270.0,12,-7140.0,close_opposing,long,-595.0,train
2009-12-22 15:32:00,2009-12-22 15:32:00,142370.0,142370.0,18,0.0,close_opposing,long,0.0,train
2009-12-23 15:32:00,2009-12-25 15:32:00,143435.0,145360.0,20,38500.0,signal_reverse,long,1925.0,train
2009-12-25 18:32:00,2009-12-25 19:47:00,145400.0,145240.0,26,-4160.0,signal_reverse,long,-160.0,train
2009-12-28 15:32:00,2009-12-30 15:32:00,146595.0,143670.0,32,-93600.0,signal_reverse,long,-2925.0,train
2009-12-30 17:33:00,2010-01-19 17:32:00,144365.0,157205.0,33,423720.0,signal_reverse,long,12840.0,train
2010-01-19 18:32:00,2010-01-20 18:32:00,159200.0,156450.0,18,-49500.0,signal_reverse,long,-2750.0,train
2010-01-21 14:32:00,2010-01-28 14:32:00,154180.0,148135.0,15,90675.0,signal_reverse,short,6045.0,train
2010-02-03 15:32:00,2010-02-03 16:32:00,153285.0,152380.0,20,-18100.0,signal_reverse,long,-905.0,train
2010-02-05 14:32:00,2010-02-11 14:32:00,140060.0,139190.0,11,9570.0,signal_reverse,short,870.0,train
2010-02-19 19:47:00,2010-02-24 15:32:00,143615.0,140705.0,14,-40740.0,signal_reverse,long,-2910.0,train
2010-02-25 14:32:00,2010-02-27 14:32:00,139825.0,140200.0,19,-7125.0,signal_reverse,short,-375.0,train
2010-03-01 19:47:00,2010-03-09 11:29:00,142820.0,151160.0,26,216840.0,expiration,long,8340.0,train
2010-03-18 15:32:00,2010-03-22 14:32:00,155960.0,150920.0,20,-100800.0,close_opposing,long,-5040.0,train
2010-03-22 15:32:00,2010-03-26 14:32:00,150670.0,152070.0,22,-30800.0,signal_reverse,short,-1400.0,train
2010-03-29 19:47:00,2010-04-08 16:32:00,155395.0,157345.0,19,37050.0,signal_reverse,long,1950.0,train
2010-04-08 18:32:00,2010-04-16 15:32:00,157700.0,163665.0,21,125265.0,signal_reverse,long,5965.0,train
2010-04-19 14:32:00,2010-04-23 14:32:00,156680.0,156680.0,20,-0.0,signal_reverse,short,-0.0,train
2010-04-27 14:32:00,2010-04-29 15:32:00,157225.0,155145.0,23,47840.0,signal_reverse,short,2080.0,train
2010-04-30 14:32:00,2010-05-11 14:33:00,154875.0,139145.0,27,424710.0,signal_reverse,short,15730.0,train
2010-05-19 13:59:00,2010-05-26 13:59:00,136500.0,126015.0,9,94365.0,signal_reverse,short,10485.0,train
2010-06-01 19:17:00,2010-06-04 18:02:00,136380.0,134835.0,13,-20085.0,signal_reverse,long,-1545.0,train
2010-06-07 13:59:00,2010-06-08 10:59:00,132175.0,135090.0,9,-26235.0,expiration,short,-2915.0,train
2010-06-18 15:02:00,2010-06-24 16:02:00,138790.0,139705.0,12,10980.0,signal_reverse,long,915.0,train
2010-06-24 17:02:00,2010-06-24 19:17:00,140835.0,139725.0,15,-16650.0,signal_reverse,long,-1110.0,train
2010-06-25 13:59:00,2010-06-28 19:17:00,138255.0,140565.0,16,-36960.0,close_opposing,short,-2310.0,train
2010-06-29 13:59:00,2010-07-02 13:59:00,135915.0,128140.0,16,124400.0,signal_reverse,short,7775.0,train
2010-07-12 15:02:00,2010-07-20 17:02:00,137380.0,137925.0,16,8720.0,signal_reverse,long,545.0,train
2010-07-20 19:17:00,2010-08-06 17:02:00,139290.0,149710.0,18,187560.0,signal_reverse,long,10420.0,train
2010-08-06 18:02:00,2010-08-06 19:17:00,150680.0,149730.0,18,-17100.0,signal_reverse,long,-950.0,train
2010-08-09 13:59:00,2010-08-09 16:02:00,152145.0,152505.0,22,-7920.0,close_opposing,short,-360.0,train
2010-08-10 13:59:00,2010-08-16 13:59:00,148035.0,141800.0,20,124700.0,signal_reverse,short,6235.0,train
2010-08-20 13:59:00,2010-08-23 13:59:00,141885.0,142135.0,22,-5500.0,signal_reverse,short,-250.0,train
2010-08-24 13:59:00,2010-08-30 13:59:00,139810.0,142290.0,27,-66960.0,signal_reverse,short,-2480.0,train
2010-09-01 18:02:00,2010-09-08 10:59:00,143810.0,145270.0,19,27740.0,expiration,long,1460.0,train
2010-09-20 13:59:00,2010-09-23 13:59:00,146085.0,147250.0,32,-37280.0,signal_reverse,short,-1165.0,train
2010-09-30 17:02:00,2010-10-13 16:02:00,150375.0,158615.0,26,214240.0,signal_reverse,long,8240.0,train
2010-10-18 15:57:00,2010-10-18 16:57:00,157520.0,158325.0,25,-20125.0,signal_reverse,short,-805.0,train
2010-10-18 17:57:00,2010-10-19 16:02:00,158145.0,157170.0,22,-21450.0,signal_reverse,long,-975.0,train
2010-10-20 13:59:00,2010-10-21 16:02:00,155000.0,159630.0,14,-64820.0,close_opposing,short,-4630.0,train
2010-10-22 15:02:00,2010-10-27 15:02:00,160365.0,160020.0,17,-5865.0,signal_reverse,long,-345.0,train
2010-10-28 13:59:00,2010-11-01 15:02:00,158650.0,160670.0,27,-54540.0,close_opposing,short,-2020.0,train
2010-11-01 15:02:00,2010-11-02 13:59:00,160670.0,160555.0,25,2875.0,signal_reverse,short,115.0,train
2010-11-08 15:02:00,2010-11-12 13:59:00,163740.0,161375.0,22,-52030.0,close_opposing,long,-2365.0,train
2010-11-12 15:02:00,2010-11-18 13:59:00,161030.0,158920.0,17,35870.0,signal_reverse,short,2110.0,train
2010-11-19 15:02:00,2010-11-22 13:59:00,159510.0,161880.0,24,-56880.0,signal_reverse,short,-2370.0,train
2010-11-25 19:17:00,2010-11-26 13:59:00,162015.0,159475.0,19,-48260.0,close_opposing,long,-2540.0,train
2010-11-26 15:02:00,2010-11-29 13:59:00,158635.0,159600.0,17,-16405.0,signal_reverse,short,-965.0,train
2010-12-01 16:02:00,2010-12-08 10:59:00,161825.0,172095.0,16,164320.0,expiration,long,10270.0,train
2010-12-20 13:59:00,2010-12-20 15:02:00,173800.0,173835.0,36,-1260.0,close_opposing,short,-35.0,train
2010-12-20 15:02:00,2010-12-21 13:59:00,173835.0,174770.0,34,-31790.0,signal_reverse,short,-935.0,train
2010-12-21 15:02:00,2010-12-27 15:02:00,174600.0,175950.0,32,43200.0,signal_reverse,long,1350.0,train
2010-12-28 13:59:00,2010-12-28 15:02:00,176390.0,176640.0,50,-12500.0,close_opposing,short,-250.0,train
2010-12-28 15:02:00,2011-01-12 13:59:00,176640.0,184185.0,51,-384795.0,signal_reverse,short,-7545.0,train
2011-01-12 15:02:00,2011-01-14 15:02:00,184560.0,186185.0,26,42250.0,signal_reverse,long,1625.0,train
2011-01-20 13:59:00,2011-01-26 13:59:00,186805.0,188515.0,18,-30780.0,signal_reverse,short,-1710.0,train
2011-01-31 13:59:00,2011-02-01 13:59:00,185175.0,187550.0,18,-42750.0,signal_reverse,short,-2375.0,train
2011-02-01 18:02:00,2011-02-07 15:02:00,189875.0,190370.0,18,8910.0,signal_reverse,long,495.0,train
2011-02-07 19:17:00,2011-02-08 13:59:00,192510.0,192485.0,15,-375.0,close_opposing,long,-25.0,train
2011-02-08 15:02:00,2011-02-15 13:59:00,190655.0,187065.0,14,50260.0,signal_reverse,short,3590.0,train
2011-02-18 13:59:00,2011-02-18 15:02:00,183755.0,184455.0,20,-14000.0,signal_reverse,short,-700.0,train
2011-02-21 13:59:00,2011-02-21 15:02:00,186285.0,187445.0,20,-23200.0,signal_reverse,short,-1160.0,train
2011-02-22 13:59:00,2011-02-24 13:59:00,184020.0,185610.0,14,-22260.0,signal_reverse,short,-1590.0,train
2011-02-25 15:02:00,2011-03-09 10:59:00,189455.0,201960.0,15,187575.0,expiration,long,12505.0,train
2011-03-23 19:17:00,2011-04-11 15:02:00,194550.0,206470.0,16,190720.0,signal_reverse,long,11920.0,train
2011-04-12 13:59:00,2011-04-19 13:59:00,203430.0,192230.0,15,168000.0,signal_reverse,short,11200.0,train
2011-04-25 15:02:00,2011-04-25 18:02:00,204610.0,201790.0,20,-56400.0,signal_reverse,long,-2820.0,train
2011-04-27 15:02:00,2011-05-10 13:59:00,198635.0,190315.0,13,108160.0,signal_reverse,short,8320.0,train
2011-05-23 13:59:00,2011-05-27 13:59:00,175775.0,182730.0,11,-76505.0,signal_reverse,short,-6955.0,train
2011-05-27 16:02:00,2011-06-03 17:02:00,184660.0,184515.0,15,-2175.0,signal_reverse,long,-145.0,train
2011-06-06 13:59:00,2011-06-06 18:02:00,184690.0,186195.0,13,-19565.0,close_opposing,short,-1505.0,train
2011-06-07 13:59:00,2011-06-07 15:02:00,188270.0,189140.0,13,-11310.0,close_opposing,short,-870.0,train
2011-06-20 13:59:00,2011-06-22 13:59:00,183160.0,183530.0,17,-6290.0,signal_reverse,short,-370.0,train
2011-06-28 13:59:00,2011-06-28 15:02:00,182200.0,184505.0,17,-39185.0,signal_reverse,short,-2305.0,train
2011-06-29 15:02:00,2011-06-29 16:02:00,188250.0,187625.0,18,-11250.0,signal_reverse,long,-625.0,train
2011-06-30 15:02:00,2011-07-11 17:02:00,187745.0,190895.0,19,59850.0,signal_reverse,long,3150.0,train
2011-07-12 13:59:00,2011-07-15 13:59:00,188820.0,192625.0,14,-53270.0,signal_reverse,short,-3805.0,train
2011-07-21 13:59:00,2011-07-21 15:02:00,190755.0,192455.0,14,-23800.0,signal_reverse,short,-1700.0,train
2011-07-21 18:02:00,2011-07-29 13:59:00,195485.0,194940.0,15,-8175.0,close_opposing,long,-545.0,train
2011-07-29 15:02:00,2011-07-29 19:17:00,194445.0,196960.0,17,-42755.0,close_opposing,short,-2515.0,train
2011-08-01 15:02:00,2011-08-01 19:17:00,200370.0,197145.0,15,-48375.0,signal_reverse,long,-3225.0,train
2011-08-02 13:59:00,2011-08-09 14:09:00,195385.0,152395.0,14,601860.0,signal_reverse,short,42990.0,train
2011-08-19 13:59:00,2011-08-25 13:59:00,150760.0,158605.0,7,-54915.0,signal_reverse,short,-7845.0,train
2011-08-29 15:02:00,2011-09-05 13:59:00,163565.0,161075.0,8,-19920.0,close_opposing,long,-2490.0,train
2011-09-05 15:02:00,2011-09-07 19:17:00,160450.0,166105.0,13,-73515.0,close_opposing,short,-5655.0,train
2011-09-19 13:59:00,2011-09-26 13:59:00,150705.0,131035.0,10,196700.0,signal_reverse,short,19670.0,train
2011-10-03 13:59:00,2011-10-07 13:59:00,129105.0,129335.0,8,-1840.0,signal_reverse,short,-230.0,train
2011-10-10 19:17:00,2011-10-11 15:02:00,136380.0,134470.0,9,-17190.0,signal_reverse,long,-1910.0,train
2011-10-11 18:02:00,2011-10-20 19:17:00,134125.0,138285.0,10,41600.0,signal_reverse,long,4160.0,train
2011-10-21 13:59:00,2011-10-21 16:02:00,140195.0,141950.0,11,-19305.0,close_opposing,short,-1755.0,train
2011-10-24 15:02:00,2011-11-01 15:02:00,146255.0,147975.0,11,18920.0,signal_reverse,long,1720.0,train
2011-11-01 15:02:00,2011-11-02 19:17:00,147975.0,152035.0,12,-48720.0,close_opposing,short,-4060.0,train
2011-11-03 13:59:00,2011-11-03 17:02:00,149785.0,153785.0,7,-28000.0,close_opposing,short,-4000.0,train
2011-11-07 13:59:00,2011-11-08 13:59:00,152000.0,157455.0,11,-60005.0,signal_reverse,short,-5455.0,train
2011-11-10 15:02:00,2011-11-11 15:02:00,149955.0,150620.0,6,-3990.0,signal_reverse,short,-665.0,train
2011-11-14 13:59:00,2011-11-15 13:59:00,153830.0,150905.0,13,38025.0,signal_reverse,short,2925.0,train
2011-11-17 13:59:00,2011-11-24 13:59:00,149445.0,140305.0,9,82260.0,signal_reverse,short,9140.0,train
2011-11-28 19:17:00,2011-11-29 15:02:00,148270.0,148115.0,11,-1705.0,signal_reverse,long,-155.0,train
2011-11-30 15:02:00,2011-12-06 18:02:00,147920.0,147335.0,13,-7605.0,signal_reverse,long,-585.0,train
2011-12-07 13:59:00,2011-12-08 10:59:00,146900.0,148245.0,9,-12105.0,expiration,short,-1345.0,train
2011-12-26 15:02:00,2011-12-26 17:02:00,139495.0,139200.0,22,-6490.0,signal_reverse,long,-295.0,train
2011-12-27 15:02:00,2011-12-27 16:02:00,139000.0,138690.0,33,-10230.0,signal_reverse,long,-310.0,train
2011-12-29 13:59:00,2012-01-03 13:59:00,132435.0,140855.0,17,-143140.0,signal_reverse,short,-8420.0,train
2012-01-03 15:02:00,2012-01-13 19:27:00,141290.0,142605.0,19,24985.0,signal_reverse,long,1315.0,train
2012-01-16 13:59:00,2012-01-16 15:02:00,143315.0,143915.0,19,-11400.0,close_opposing,short,-600.0,train
2012-01-16 15:02:00,2012-01-17 13:59:00,143915.0,148410.0,17,-76415.0,signal_reverse,short,-4495.0,train
2012-01-17 15:02:00,2012-02-01 18:02:00,147580.0,160010.0,18,223740.0,signal_reverse,long,12430.0,train
2012-02-02 13:59:00,2012-02-13 15:02:00,159670.0,164650.0,23,-114540.0,close_opposing,short,-4980.0,train
2012-02-14 16:02:00,2012-02-14 18:02:00,165680.0,163425.0,19,-42845.0,signal_reverse,long,-2255.0,train
2012-02-15 15:02:00,2012-02-16 15:02:00,165905.0,162915.0,15,-44850.0,signal_reverse,long,-2990.0,train
2012-02-20 15:02:00,2012-02-21 15:02:00,167505.0,164840.0,21,-55965.0,signal_reverse,long,-2665.0,train
2012-02-21 15:02:00,2012-02-22 13:59:00,164840.0,165140.0,21,-6300.0,signal_reverse,short,-300.0,train
2012-02-24 15:02:00,2012-03-06 13:59:00,169680.0,169460.0,16,-3520.0,close_opposing,long,-220.0,train
2012-03-06 15:02:00,2012-03-11 10:59:00,168605.0,166155.0,14,34300.0,expiration,short,2450.0,train
2012-03-19 13:59:00,2012-03-19 15:02:00,167095.0,167100.0,14,-70.0,signal_reverse,short,-5.0,train
2012-03-20 13:59:00,2012-03-27 13:59:00,164515.0,165820.0,15,-19575.0,signal_reverse,short,-1305.0,train
2012-03-29 13:59:00,2012-03-30 13:59:00,157625.0,159940.0,14,-32410.0,signal_reverse,short,-2315.0,train
2012-03-30 15:02:00,2012-04-03 13:59:00,158620.0,162215.0,13,-46735.0,signal_reverse,short,-3595.0,train
2012-04-05 13:59:00,2012-04-05 15:02:00,156260.0,156575.0,14,-4410.0,signal_reverse,short,-315.0,train
2012-04-09 13:59:00,2012-04-13 13:59:00,154320.0,157950.0,17,-61710.0,signal_reverse,short,-3630.0,train
2012-04-17 15:02:00,2012-04-19 13:59:00,154085.0,156990.0,17,-49385.0,signal_reverse,short,-2905.0,train
2012-04-26 13:59:00,2012-04-27 13:59:00,153135.0,153200.0,20,-1300.0,signal_reverse,short,-65.0,train
2012-05-03 13:59:00,2012-05-08 14:32:00,151490.0,141825.0,18,173970.0,signal_reverse,short,9665.0,train
2012-05-14 15:02:00,2012-05-21 13:59:00,139950.0,129925.0,16,160400.0,signal_reverse,short,10025.0,train
2012-06-01 13:59:00,2012-06-06 13:59:00,121250.0,125935.0,14,-65590.0,signal_reverse,short,-4685.0,train
2012-06-06 19:17:00,2012-06-07 15:02:00,128275.0,128540.0,15,3975.0,signal_reverse,long,265.0,train
2012-06-07 16:02:00,2012-06-08 10:59:00,130205.0,127900.0,16,-36880.0,expiration,long,-2305.0,train
2012-06-18 15:02:00,2012-06-21 13:59:00,134285.0,130965.0,21,-69720.0,close_opposing,long,-3320.0,train
2012-06-21 15:02:00,2012-06-21 15:02:00,130905.0,130905.0,19,0.0,close_opposing,long,0.0,train
2012-06-22 13:59:00,2012-06-28 13:59:00,127590.0,127160.0,14,6020.0,signal_reverse,short,430.0,train
2012-06-29 19:17:00,2012-07-09 18:02:00,134045.0,133965.0,15,-1200.0,signal_reverse,long,-80.0,train
2012-07-09 19:17:00,2012-07-11 13:59:00,134855.0,134305.0,18,-9900.0,close_opposing,long,-550.0,train
2012-07-11 15:02:00,2012-07-13 13:59:00,134460.0,135020.0,18,-10080.0,signal_reverse,short,-560.0,train
2012-07-17 15:02:00,2012-07-18 17:02:00,138525.0,137770.0,28,-21140.0,signal_reverse,long,-755.0,train
2012-07-18 18:02:00,2012-07-23 13:59:00,138065.0,133020.0,22,-110990.0,close_opposing,long,-5045.0,train
2012-07-23 15:02:00,2012-07-27 13:59:00,133230.0,135135.0,15,-28575.0,signal_reverse,short,-1905.0,train
2012-08-01 16:02:00,2012-08-01 17:02:00,137835.0,137520.0,20,-6300.0,signal_reverse,long,-315.0,train
2012-08-02 15:02:00,2012-08-02 17:02:00,138695.0,134225.0,19,-84930.0,signal_reverse,long,-4470.0,train
2012-08-03 13:59:00,2012-08-03 18:02:00,135505.0,138770.0,25,-81625.0,close_opposing,short,-3265.0,train
2012-08-06 15:02:00,2012-08-15 13:59:00,141895.0,140970.0,19,-17575.0,close_opposing,long,-925.0,train
2012-08-15 15:02:00,2012-08-16 13:59:00,141235.0,142760.0,19,-28975.0,signal_reverse,short,-1525.0,train
2012-08-20 13:59:00,2012-08-21 13:59:00,140065.0,143480.0,18,-61470.0,signal_reverse,short,-3415.0,train
2012-08-21 15:02:00,2012-08-21 19:17:00,143845.0,143775.0,19,-1330.0,signal_reverse,long,-70.0,train
2012-08-23 15:02:00,2012-08-23 17:02:00,145575.0,144130.0,19,-27455.0,signal_reverse,long,-1445.0,train
2012-08-29 13:59:00,2012-09-04 13:59:00,140460.0,141555.0,21,-22995.0,signal_reverse,short,-1095.0,train
2012-09-06 19:17:00,2012-09-10 10:59:00,143890.0,146460.0,20,51400.0,expiration,long,2570.0,train
2012-09-18 15:02:00,2012-09-20 13:59:00,155250.0,149090.0,22,-135520.0,close_opposing,long,-6160.0,train
2012-09-20 15:02:00,2012-09-20 15:02:00,149560.0,149560.0,12,0.0,close_opposing,long,0.0,train
2012-09-21 13:59:00,2012-09-21 17:02:00,152000.0,152210.0,15,-3150.0,close_opposing,short,-210.0,train
2012-09-24 13:59:00,2012-09-28 13:59:00,148820.0,148600.0,16,3520.0,signal_reverse,short,220.0,train
2012-10-05 16:02:00,2012-10-05 18:02:00,150940.0,150670.0,17,-4590.0,signal_reverse,long,-270.0,train
2012-10-08 13:59:00,2012-10-09 13:59:00,147980.0,148900.0,25,-23000.0,signal_reverse,short,-920.0,train
2012-10-12 13:59:00,2012-10-17 13:59:00,146790.0,148880.0,26,-54340.0,signal_reverse,short,-2090.0,train
2012-10-17 15:02:00,2012-10-18 17:02:00,150310.0,149710.0,25,-15000.0,signal_reverse,long,-600.0,train
2012-10-18 18:02:00,2012-10-19 15:02:00,150520.0,149310.0,21,-25410.0,signal_reverse,long,-1210.0,train
2012-10-23 13:59:00,2012-10-30 13:59:00,147600.0,142540.0,23,116380.0,signal_reverse,short,5060.0,train
2012-11-08 13:59:00,2012-11-14 13:59:00,140520.0,137150.0,24,80880.0,signal_reverse,short,3370.0,train
2012-11-21 16:02:00,2012-11-27 19:17:00,141580.0,141210.0,27,-9990.0,signal_reverse,long,-370.0,train
2012-11-28 13:59:00,2012-11-29 15:02:00,139900.0,141490.0,24,-38160.0,close_opposing,short,-1590.0,train
2012-11-29 15:02:00,2012-11-30 13:59:00,141490.0,142690.0,31,-37200.0,signal_reverse,short,-1200.0,train
2012-11-30 15:02:00,2012-12-04 17:02:00,143040.0,144050.0,24,24240.0,signal_reverse,long,1010.0,train
2012-12-04 18:02:00,2012-12-10 11:01:00,144110.0,147340.0,29,93670.0,expiration,long,3230.0,train
2012-12-18 13:59:00,2012-12-18 16:02:00,151460.0,151650.0,35,-6650.0,close_opposing,short,-190.0,train
2012-12-19 13:59:00,2012-12-19 15:02:00,152390.0,152590.0,37,-7400.0,close_opposing,short,-200.0,train
2012-12-19 15:02:00,2012-12-20 15:02:00,152590.0,152320.0,35,9450.0,signal_reverse,short,270.0,train
2012-12-20 16:02:00,2012-12-21 15:02:00,153060.0,151900.0,31,-35960.0,signal_reverse,long,-1160.0,train
2012-12-21 16:02:00,2012-12-21 17:02:00,151990.0,151680.0,24,-7440.0,signal_reverse,long,-310.0,train
2012-12-24 15:02:00,2012-12-25 15:02:00,151950.0,151690.0,27,-7020.0,close_opposing,long,-260.0,train
2012-12-25 16:02:00,2012-12-25 17:02:00,151780.0,151630.0,51,-7650.0,signal_reverse,long,-150.0,train
2012-12-26 13:59:00,2012-12-26 15:02:00,151910.0,152330.0,91,-38220.0,close_opposing,short,-420.0,train
2012-12-26 15:02:00,2012-12-27 13:59:00,152330.0,153310.0,68,-66640.0,signal_reverse,short,-980.0,train
2012-12-27 15:02:00,2012-12-28 15:02:00,153320.0,152920.0,49,-19600.0,signal_reverse,long,-400.0,train
2013-01-08 15:02:00,2013-01-16 13:59:00,158190.0,156380.0,24,-43440.0,close_opposing,long,-1810.0,train
2013-01-16 15:02:00,2013-01-17 13:59:00,156660.0,158160.0,34,-51000.0,signal_reverse,short,-1500.0,train
2013-01-17 16:02:00,2013-01-22 15:02:00,158290.0,158810.0,40,20800.0,signal_reverse,long,520.0,train
2013-01-23 15:02:00,2013-01-24 15:02:00,160230.0,159600.0,32,-20160.0,signal_reverse,long,-630.0,train
2013-01-24 18:02:00,2013-01-30 18:02:00,160330.0,161330.0,29,29000.0,signal_reverse,long,1000.0,train
2013-01-31 13:59:00,2013-01-31 19:17:00,161520.0,162360.0,34,-28560.0,close_opposing,short,-840.0,train
2013-02-01 13:59:00,2013-02-01 18:02:00,163250.0,163270.0,36,-720.0,close_opposing,short,-20.0,train
2013-02-04 13:59:00,2013-02-06 13:59:00,162840.0,162580.0,31,8060.0,signal_reverse,short,260.0,train
2013-02-07 13:59:00,2013-02-13 13:59:00,160300.0,158580.0,22,37840.0,signal_reverse,short,1720.0,train
2013-02-15 13:59:00,2013-02-19 13:59:00,157200.0,158420.0,25,-30500.0,signal_reverse,short,-1220.0,train
2013-02-21 13:59:00,2013-02-27 13:59:00,155000.0,152670.0,23,53590.0,signal_reverse,short,2330.0,train
2013-03-18 14:03:00,2013-03-20 13:59:00,144060.0,142440.0,13,21060.0,signal_reverse,short,1620.0,train
2013-03-26 13:59:00,2013-03-27 13:59:00,140890.0,139240.0,28,46200.0,signal_reverse,short,1650.0,train
2013-04-03 13:59:00,2013-04-09 13:59:00,138820.0,139660.0,38,-31920.0,signal_reverse,short,-840.0,train
2013-04-10 19:17:00,2013-04-11 15:02:00,141310.0,139080.0,28,-62440.0,signal_reverse,long,-2230.0,train
2013-04-12 13:59:00,2013-04-19 15:02:00,137460.0,130100.0,26,191360.0,signal_reverse,short,7360.0,train
2013-04-29 15:02:00,2013-05-15 15:02:00,134770.0,138910.0,26,107640.0,signal_reverse,long,4140.0,train
2013-05-15 15:02:00,2013-05-20 13:59:00,138910.0,141560.0,25,-66250.0,signal_reverse,short,-2650.0,train
2013-05-21 18:02:00,2013-05-23 15:02:00,143570.0,141510.0,24,-49440.0,signal_reverse,long,-2060.0,train
2013-05-24 13:59:00,2013-05-31 13:59:00,138470.0,132670.0,20,116000.0,signal_reverse,short,5800.0,train
2013-06-20 13:59:00,2013-06-20 15:02:00,123520.0,124530.0,12,-12120.0,signal_reverse,short,-1010.0,train
2013-06-21 13:59:00,2013-06-26 13:59:00,124590.0,125480.0,13,-11570.0,signal_reverse,short,-890.0,train
2013-07-03 13:59:00,2013-07-05 13:59:00,125030.0,127370.0,23,-53820.0,signal_reverse,short,-2340.0,train
2013-07-05 15:02:00,2013-07-05 18:02:00,127210.0,125850.0,31,-42160.0,signal_reverse,long,-1360.0,train
2013-07-08 18:02:00,2013-07-10 15:02:00,126630.0,126720.0,29,2610.0,signal_reverse,long,90.0,train
2013-07-11 15:02:00,2013-07-24 18:02:00,129600.0,136360.0,25,169000.0,signal_reverse,long,6760.0,train
2013-07-25 13:59:00,2013-07-31 13:59:00,134880.0,131830.0,30,91500.0,signal_reverse,short,3050.0,train
2013-08-14 15:02:00,2013-08-15 17:02:00,134650.0,133600.0,39,-40950.0,signal_reverse,long,-1050.0,train
2013-08-19 13:59:00,2013-08-23 13:59:00,131780.0,133280.0,27,-40500.0,signal_reverse,short,-1500.0,train
2013-08-27 15:02:00,2013-09-04 13:59:00,130470.0,128800.0,28,46760.0,signal_reverse,short,1670.0,train
2013-09-05 17:02:00,2013-09-09 10:59:00,131900.0,135750.0,31,119350.0,expiration,long,3850.0,train
2013-09-18 15:02:00,2013-09-24 13:59:00,144190.0,144190.0,35,0.0,close_opposing,long,0.0,train
2013-09-24 15:02:00,2013-10-04 13:59:00,144220.0,142970.0,27,33750.0,signal_reverse,short,1250.0,train
2013-10-08 15:02:00,2013-10-23 18:02:00,145830.0,149180.0,26,87100.0,signal_reverse,long,3350.0,train
2013-10-24 13:59:00,2013-10-24 15:02:00,149410.0,149730.0,28,-8960.0,signal_reverse,short,-320.0,train
2013-10-25 13:59:00,2013-10-30 13:59:00,149230.0,149900.0,29,-19430.0,signal_reverse,short,-670.0,train
2013-10-31 13:59:00,2013-11-07 13:59:00,147670.0,145840.0,19,34770.0,signal_reverse,short,1830.0,train
2013-11-21 13:59:00,2013-12-02 13:59:00,142640.0,140280.0,28,66080.0,signal_reverse,short,2360.0,train
2013-12-18 15:02:00,2013-12-30 19:17:00,141850.0,144480.0,41,107830.0,signal_reverse,long,2630.0,train
2014-01-06 13:59:00,2014-01-13 13:59:00,140060.0,140670.0,19,-11590.0,signal_reverse,short,-610.0,train
2014-01-22 13:59:00,2014-01-23 13:59:00,139050.0,139490.0,38,-16720.0,signal_reverse,short,-440.0,train
2014-01-24 13:59:00,2014-01-30 13:59:00,136300.0,129410.0,30,206700.0,signal_reverse,short,6890.0,train
2014-02-11 15:02:00,2014-02-13 13:59:00,135000.0,134060.0,32,-30080.0,close_opposing,long,-940.0,train
2014-02-13 15:02:00,2014-02-14 16:02:00,133590.0,134730.0,31,-35340.0,close_opposing,short,-1140.0,train
2014-02-17 15:02:00,2014-02-18 15:02:00,135210.0,134740.0,24,-11280.0,close_opposing,long,-470.0,train
2014-02-18 16:02:00,2014-02-18 19:17:00,134620.0,133950.0,31,-20770.0,signal_reverse,long,-670.0,train
2014-02-19 13:59:00,2014-02-25 13:59:00,132130.0,130340.0,26,46540.0,signal_reverse,short,1790.0,train
2014-03-18 13:59:00,2014-03-18 15:02:00,108230.0,109410.0,16,-18880.0,signal_reverse,short,-1180.0,train
2014-03-25 13:59:00,2014-03-25 15:02:00,113050.0,112900.0,15,2250.0,signal_reverse,short,150.0,train
2014-03-25 16:02:00,2014-04-03 19:17:00,114150.0,117810.0,14,51240.0,signal_reverse,long,3660.0,train
2014-04-04 13:59:00,2014-04-04 15:02:00,118800.0,119840.0,30,-31200.0,close_opposing,short,-1040.0,train
2014-04-04 15:02:00,2014-04-11 13:59:00,119840.0,117640.0,24,52800.0,signal_reverse,short,2200.0,train
2014-04-18 15:02:00,2014-04-18 16:02:00,117370.0,117100.0,17,-4590.0,signal_reverse,long,-270.0,train
2014-04-21 16:02:00,2014-04-21 17:02:00,117210.0,116700.0,21,-10710.0,signal_reverse,long,-510.0,train
2014-04-24 13:59:00,2014-05-02 13:59:00,112200.0,109910.0,22,50380.0,signal_reverse,short,2290.0,train
2014-05-06 16:02:00,2014-05-06 17:02:00,113590.0,112580.0,24,-24240.0,signal_reverse,long,-1010.0,train
2014-05-07 15:02:00,2014-05-26 15:02:00,115100.0,132730.0,21,370230.0,signal_reverse,long,17630.0,train
2014-05-27 13:59:00,2014-06-02 13:59:00,128280.0,130880.0,17,-44200.0,signal_reverse,short,-2600.0,train
2014-06-02 16:02:00,2014-06-03 15:02:00,130990.0,128750.0,24,-53760.0,signal_reverse,long,-2240.0,train
2014-06-05 15:02:00,2014-06-06 15:02:00,131600.0,131020.0,23,-13340.0,signal_reverse,long,-580.0,train
2014-06-06 16:02:00,2014-06-09 10:59:00,131260.0,135270.0,22,88220.0,expiration,long,4010.0,train
2014-06-18 13:59:00,2014-06-19 13:59:00,130320.0,133300.0,31,-92380.0,signal_reverse,short,-2980.0,train
2014-06-24 15:02:00,2014-06-25 18:02:00,135370.0,133160.0,18,-39780.0,signal_reverse,long,-2210.0,train
2014-06-30 13:59:00,2014-07-02 15:02:00,130820.0,133400.0,27,-69660.0,close_opposing,short,-2580.0,train
2014-07-07 18:02:00,2014-07-10 16:02:00,134170.0,134620.0,23,10350.0,signal_reverse,long,450.0,train
2014-07-14 13:59:00,2014-07-21 13:59:00,133210.0,124550.0,23,199180.0,signal_reverse,short,8660.0,train
2014-07-28 13:59:00,2014-08-01 13:59:00,120730.0,119100.0,16,26080.0,signal_reverse,short,1630.0,train
2014-08-05 15:02:00,2014-08-11 13:59:00,119260.0,118940.0,19,6080.0,signal_reverse,short,320.0,train
2014-08-13 15:02:00,2014-08-28 15:02:00,120600.0,122150.0,21,32550.0,signal_reverse,long,1550.0,train
2014-08-28 15:02:00,2014-09-03 13:59:00,122150.0,122490.0,18,-6120.0,signal_reverse,short,-340.0,train
2014-09-29 13:59:00,2014-10-06 13:59:00,113160.0,110070.0,21,64890.0,signal_reverse,short,3090.0,train
2014-10-10 13:59:00,2014-10-16 13:59:00,105070.0,105000.0,22,1540.0,signal_reverse,short,70.0,train
2014-10-20 13:59:00,2014-10-21 13:59:00,105330.0,105470.0,21,-2940.0,signal_reverse,short,-140.0,train
2014-10-23 13:59:00,2014-10-28 13:59:00,102000.0,104830.0,22,-62260.0,signal_reverse,short,-2830.0,train
2014-10-30 16:02:00,2014-11-05 15:02:00,107380.0,105990.0,18,-25020.0,signal_reverse,long,-1390.0,train
2014-11-06 13:59:00,2014-11-13 13:59:00,104500.0,101590.0,30,87300.0,signal_reverse,short,2910.0,train
2014-11-17 13:59:00,2014-11-19 13:59:00,99980.0,101650.0,30,-50100.0,signal_reverse,short,-1670.0,train
2014-11-20 19:17:00,2014-11-26 15:02:00,103740.0,102380.0,26,-35360.0,signal_reverse,long,-1360.0,train
2014-11-27 13:59:00,2014-12-04 13:59:00,101440.0,95190.0,23,143750.0,signal_reverse,short,6250.0,train
2014-12-25 15:02:00,2014-12-25 16:02:00,81150.0,79200.0,13,-25350.0,signal_reverse,long,-1950.0,train
2014-12-26 15:02:00,2014-12-29 16:02:00,80330.0,78470.0,12,-22320.0,signal_reverse,long,-1860.0,train
2014-12-30 13:59:00,2015-01-08 15:02:00,74250.0,78580.0,10,-43300.0,signal_reverse,short,-4330.0,train
2015-01-09 13:59:00,2015-01-12 13:59:00,74860.0,74370.0,10,4900.0,signal_reverse,short,490.0,train
2015-01-13 13:59:00,2015-01-14 13:59:00,71810.0,72180.0,17,-6290.0,signal_reverse,short,-370.0,train
2015-01-14 15:02:00,2015-01-15 13:59:00,71820.0,74090.0,16,-36320.0,signal_reverse,short,-2270.0,train
2015-01-15 15:02:00,2015-01-16 13:59:00,74400.0,74990.0,12,-7080.0,signal_reverse,short,-590.0,train
2015-01-21 17:02:00,2015-01-26 18:02:00,76450.0,76640.0,21,3990.0,signal_reverse,long,190.0,train
2015-01-26 19:17:00,2015-01-27 15:02:00,76750.0,76380.0,16,-5920.0,signal_reverse,long,-370.0,train
2015-01-27 19:17:00,2015-01-28 16:02:00,77920.0,76810.0,13,-14430.0,signal_reverse,long,-1110.0,train
2015-01-29 13:59:00,2015-02-03 13:59:00,74270.0,76900.0,20,-52600.0,signal_reverse,short,-2630.0,train
2015-02-04 15:02:00,2015-02-04 17:02:00,77900.0,77060.0,15,-12600.0,signal_reverse,long,-840.0,train
2015-02-05 16:02:00,2015-02-24 15:02:00,79260.0,88400.0,14,127960.0,signal_reverse,long,9140.0,train
2015-02-24 15:02:00,2015-02-26 15:02:00,88400.0,91860.0,13,-44980.0,close_opposing,short,-3460.0,train
2015-02-27 13:59:00,2015-02-27 15:02:00,89520.0,89710.0,17,-3230.0,signal_reverse,short,-190.0,train
2015-03-03 15:02:00,2015-03-03 16:02:00,91750.0,91410.0,19,-6460.0,signal_reverse,long,-340.0,train
2015-03-05 15:02:00,2015-03-06 18:02:00,91530.0,90300.0,21,-25830.0,signal_reverse,long,-1230.0,train
2015-03-24 15:02:00,2015-03-27 18:02:00,86070.0,84780.0,21,-27090.0,signal_reverse,long,-1290.0,train
2015-03-30 13:59:00,2015-03-30 15:02:00,85270.0,85630.0,24,-8640.0,close_opposing,short,-360.0,train
2015-03-31 13:59:00,2015-03-31 15:02:00,85750.0,85860.0,26,-2860.0,close_opposing,short,-110.0,train
2015-03-31 15:02:00,2015-04-01 13:59:00,85860.0,88460.0,24,-62400.0,signal_reverse,short,-2600.0,train
2015-04-01 15:02:00,2015-04-16 15:02:00,88240.0,104740.0,23,379500.0,signal_reverse,long,16500.0,train
2015-04-17 13:59:00,2015-04-20 13:59:00,102600.0,100760.0,12,22080.0,signal_reverse,short,1840.0,train
2015-04-20 15:02:00,2015-04-24 13:59:00,98930.0,103240.0,13,-56030.0,signal_reverse,short,-4310.0,train
2015-04-28 19:17:00,2015-04-29 16:02:00,102310.0,101810.0,19,-9500.0,signal_reverse,long,-500.0,train
2015-04-29 18:02:00,2015-04-30 16:02:00,102980.0,101820.0,21,-24360.0,signal_reverse,long,-1160.0,train
2015-05-05 15:02:00,2015-05-15 15:02:00,104780.0,105640.0,18,15480.0,signal_reverse,long,860.0,train
2015-05-18 16:02:00,2015-05-19 13:59:00,107670.0,104940.0,28,-76440.0,close_opposing,long,-2730.0,train
2015-05-19 15:02:00,2015-05-26 13:59:00,104830.0,103460.0,24,32880.0,signal_reverse,short,1370.0,train
2015-06-18 15:02:00,2015-06-18 17:02:00,95080.0,94890.0,22,-4180.0,signal_reverse,long,-190.0,train
2015-06-22 15:02:00,2015-06-23 13:59:00,95220.0,93230.0,29,-57710.0,close_opposing,long,-1990.0,train
2015-06-23 15:02:00,2015-07-01 13:59:00,93390.0,91580.0,31,56110.0,signal_reverse,short,1810.0,train
2015-07-14 19:22:00,2015-07-20 15:02:00,90530.0,89770.0,28,-21280.0,signal_reverse,long,-760.0,train
2015-07-21 13:59:00,2015-07-21 16:02:00,89880.0,90300.0,39,-16380.0,close_opposing,short,-420.0,train
2015-07-22 13:59:00,2015-07-28 13:59:00,89530.0,83940.0,38,212420.0,signal_reverse,short,5590.0,train
2015-08-06 13:59:00,2015-08-10 13:59:00,81830.0,82410.0,29,-16820.0,signal_reverse,short,-580.0,train
2015-08-12 13:25:00,2015-08-12 14:28:00,82550.0,82450.0,24,2400.0,signal_reverse,short,100.0,train
2015-08-17 13:59:00,2015-08-24 13:59:00,82010.0,72680.0,34,317220.0,signal_reverse,short,9330.0,train
2015-08-28 17:02:00,2015-09-02 15:03:00,81200.0,79240.0,18,-35280.0,signal_reverse,long,-1960.0,train
2015-09-02 16:03:00,2015-09-02 18:03:00,80860.0,78340.0,14,-35280.0,signal_reverse,long,-2520.0,train
2015-09-03 13:59:00,2015-09-03 15:03:00,79360.0,79650.0,22,-6380.0,close_opposing,short,-290.0,train
2015-09-03 15:03:00,2015-09-08 10:59:00,79650.0,78310.0,22,29480.0,expiration,short,1340.0,train
2015-09-18 15:03:00,2015-09-21 17:15:00,81860.0,80620.0,24,-29760.0,signal_reverse,long,-1240.0,train
2015-09-22 13:59:00,2015-09-29 13:59:00,79330.0,77520.0,35,63350.0,signal_reverse,short,1810.0,train
2015-10-02 13:59:00,2015-10-05 13:59:00,76850.0,78990.0,33,-70620.0,signal_reverse,short,-2140.0,train
2015-10-05 17:03:00,2015-10-19 15:03:00,80200.0,86640.0,29,186760.0,signal_reverse,long,6440.0,train
2015-10-21 13:59:00,2015-10-23 15:03:00,86050.0,88430.0,22,-52360.0,close_opposing,short,-2380.0,train
2015-10-23 15:03:00,2015-10-26 13:59:00,88430.0,87200.0,26,31980.0,signal_reverse,short,1230.0,train
2015-10-26 15:03:00,2015-11-02 13:59:00,86850.0,84450.0,23,55200.0,signal_reverse,short,2400.0,train
2015-11-03 16:03:00,2015-11-06 17:03:00,87610.0,86280.0,28,-37240.0,signal_reverse,long,-1330.0,train
2015-11-10 13:59:00,2015-11-17 13:59:00,84930.0,85690.0,34,-25840.0,signal_reverse,short,-760.0,train
2015-11-17 19:18:00,2015-11-24 13:59:00,86870.0,86560.0,21,-6510.0,close_opposing,long,-310.0,train
2015-11-24 15:03:00,2015-11-24 15:03:00,87080.0,87080.0,17,0.0,close_opposing,long,0.0,train
2015-11-25 13:59:00,2015-11-25 15:03:00,87190.0,87530.0,24,-8160.0,close_opposing,short,-340.0,train
2015-11-25 15:03:00,2015-11-26 13:59:00,87530.0,89020.0,22,-32780.0,signal_reverse,short,-1490.0,train
2015-11-26 15:03:00,2015-11-26 18:03:00,88700.0,87120.0,24,-37920.0,signal_reverse,long,-1580.0,train
2015-11-27 13:59:00,2015-12-03 13:59:00,85850.0,82440.0,28,95480.0,signal_reverse,short,3410.0,train
2015-12-22 13:59:00,2015-12-23 19:18:00,75900.0,78450.0,39,-99450.0,close_opposing,short,-2550.0,train
2015-12-24 15:03:00,2015-12-24 18:03:00,78210.0,77790.0,38,-15960.0,signal_reverse,long,-420.0,train
2015-12-28 13:59:00,2016-01-12 13:59:00,75510.0,70340.0,32,165440.0,signal_reverse,short,5170.0,train
2016-01-27 15:03:00,2016-02-05 18:03:00,69860.0,72370.0,19,47690.0,signal_reverse,long,2510.0,train
2016-02-09 13:59:00,2016-02-15 13:59:00,69920.0,70870.0,21,-19950.0,signal_reverse,short,-950.0,train
2016-02-17 15:04:00,2016-03-09 10:59:00,72280.0,82100.0,24,235680.0,expiration,long,9820.0,train
2016-03-18 15:04:00,2016-03-24 13:59:00,88880.0,84050.0,20,-96600.0,close_opposing,long,-4830.0,train
2016-03-24 15:04:00,2016-03-30 13:59:00,84290.0,86200.0,31,-59210.0,signal_reverse,short,-1910.0,train
2016-04-01 13:59:00,2016-04-04 13:59:00,84880.0,85360.0,26,-12480.0,signal_reverse,short,-480.0,train
2016-04-06 13:59:00,2016-04-07 13:59:00,84710.0,85590.0,26,-22880.0,signal_reverse,short,-880.0,train
2016-04-08 15:04:00,2016-04-18 13:59:00,87050.0,86970.0,28,-2240.0,close_opposing,long,-80.0,train
2016-04-18 15:04:00,2016-04-18 19:19:00,86760.0,89200.0,16,-39040.0,close_opposing,short,-2440.0,train
2016-04-19 15:04:00,2016-04-21 17:04:00,91680.0,92140.0,19,8740.0,signal_reverse,long,460.0,train
2016-04-21 18:04:00,2016-04-22 15:04:00,92460.0,93260.0,20,16000.0,signal_reverse,long,800.0,train
2016-04-22 16:04:00,2016-04-26 13:59:00,93470.0,91410.0,22,-45320.0,close_opposing,long,-2060.0,train
2016-04-26 15:04:00,2016-04-26 16:04:00,91440.0,91600.0,33,-5280.0,close_opposing,short,-160.0,train
2016-04-27 13:59:00,2016-04-27 15:04:00,93140.0,93160.0,29,-580.0,close_opposing,short,-20.0,train
2016-04-27 15:04:00,2016-04-28 13:59:00,93160.0,93640.0,28,-13440.0,signal_reverse,short,-480.0,train
2016-04-28 15:04:00,2016-04-29 17:04:00,93660.0,94440.0,24,18720.0,signal_reverse,long,780.0,train
2016-05-04 13:59:00,2016-05-12 13:59:00,91080.0,92320.0,19,-23560.0,signal_reverse,short,-1240.0,train
2016-05-16 15:04:00,2016-05-16 18:04:00,93470.0,92700.0,25,-19250.0,signal_reverse,long,-770.0,train
2016-05-19 13:59:00,2016-05-25 13:59:00,89430.0,90750.0,23,-30360.0,signal_reverse,short,-1320.0,train
2016-05-26 15:04:00,2016-05-26 17:04:00,93010.0,91870.0,31,-35340.0,signal_reverse,long,-1140.0,train
2016-05-30 15:04:00,2016-05-30 17:04:00,91680.0,91520.0,28,-4480.0,signal_reverse,long,-160.0,train
2016-05-31 15:04:00,2016-05-31 16:04:00,91600.0,91390.0,35,-7350.0,signal_reverse,long,-210.0,train
2016-06-01 13:59:00,2016-06-06 13:59:00,88800.0,91620.0,34,-95880.0,signal_reverse,short,-2820.0,train
2016-06-06 15:04:00,2016-06-08 10:59:00,91870.0,95030.0,25,79000.0,expiration,long,3160.0,train
2016-06-24 13:59:00,2016-06-29 19:19:00,87590.0,90920.0,11,-36630.0,close_opposing,short,-3330.0,train
2016-07-01 16:24:00,2016-07-05 15:04:00,91280.0,90360.0,29,-26680.0,signal_reverse,long,-920.0,train
2016-07-06 13:59:00,2016-07-07 13:59:00,89110.0,91290.0,35,-76300.0,signal_reverse,short,-2180.0,train
2016-07-07 15:04:00,2016-07-07 18:04:00,91430.0,90750.0,34,-23120.0,signal_reverse,long,-680.0,train
2016-07-08 13:59:00,2016-07-08 16:04:00,89920.0,91330.0,36,-50760.0,close_opposing,short,-1410.0,train
2016-07-11 15:04:00,2016-07-20 16:04:00,92220.0,93690.0,27,39690.0,signal_reverse,long,1470.0,train
2016-07-20 18:04:00,2016-07-21 13:59:00,95050.0,94610.0,30,-13200.0,close_opposing,long,-440.0,train
2016-07-21 15:04:00,2016-07-21 16:04:00,94500.0,95150.0,37,-24050.0,close_opposing,short,-650.0,train
2016-07-22 13:59:00,2016-07-28 13:59:00,94330.0,92280.0,46,94300.0,signal_reverse,short,2050.0,train
2016-08-03 13:59:00,2016-08-04 13:59:00,90040.0,91670.0,34,-55420.0,signal_reverse,short,-1630.0,train
2016-08-08 15:04:00,2016-08-11 15:04:00,94790.0,93650.0,38,-43320.0,signal_reverse,long,-1140.0,train
2016-08-11 16:04:00,2016-08-22 15:04:00,94080.0,95520.0,34,48960.0,signal_reverse,long,1440.0,train
2016-08-22 15:04:00,2016-08-23 15:04:00,95520.0,96850.0,37,-49210.0,close_opposing,short,-1330.0,train
2016-08-23 15:04:00,2016-08-30 13:59:00,96850.0,96740.0,40,4400.0,signal_reverse,short,110.0,train
2016-09-01 13:59:00,2016-09-05 13:59:00,95130.0,97500.0,60,-142200.0,signal_reverse,short,-2370.0,train
2016-09-05 15:04:00,2016-09-08 10:59:00,97500.0,101260.0,34,127840.0,expiration,long,3760.0,train
2016-09-19 13:59:00,2016-09-19 15:04:00,95980.0,96740.0,47,-35720.0,signal_reverse,short,-760.0,train
2016-09-20 13:59:00,2016-09-21 13:59:00,95390.0,97280.0,55,-103950.0,signal_reverse,short,-1890.0,train
2016-09-22 15:04:00,2016-09-23 15:04:00,99050.0,98720.0,38,-12540.0,signal_reverse,long,-330.0,train
2016-09-23 16:04:00,2016-09-23 17:04:00,98800.0,98630.0,36,-6120.0,signal_reverse,long,-170.0,train
2016-09-29 15:04:00,2016-09-30 13:59:00,99090.0,98180.0,36,-32760.0,close_opposing,long,-910.0,train
2016-09-30 15:04:00,2016-09-30 16:04:00,98140.0,98650.0,44,-22440.0,close_opposing,short,-510.0,train
2016-10-03 15:04:00,2016-10-05 15:04:00,99860.0,99030.0,32,-26560.0,signal_reverse,long,-830.0,train
2016-10-05 19:19:00,2016-10-07 15:04:00,99670.0,99430.0,37,-8880.0,signal_reverse,long,-240.0,train
2016-10-07 16:04:00,2016-10-07 19:19:00,100290.0,99470.0,39,-31980.0,signal_reverse,long,-820.0,train
2016-10-10 15:04:00,2016-10-12 16:04:00,100180.0,99720.0,38,-17480.0,signal_reverse,long,-460.0,train
2016-10-13 13:59:00,2016-10-19 13:59:00,98560.0,99060.0,47,-23500.0,signal_reverse,short,-500.0,train
2016-10-25 15:04:00,2016-10-25 18:04:00,100540.0,100020.0,52,-27040.0,signal_reverse,long,-520.0,train
2016-10-31 13:59:00,2016-11-09 13:59:00,98440.0,99180.0,58,-42920.0,signal_reverse,short,-740.0,train
2016-11-10 15:04:00,2016-11-10 19:19:00,101810.0,99430.0,22,-52360.0,signal_reverse,long,-2380.0,train
2016-11-14 13:59:00,2016-11-15 15:04:00,96370.0,97560.0,29,-34510.0,signal_reverse,short,-1190.0,train
2016-11-16 13:59:00,2016-11-17 13:59:00,98610.0,99380.0,27,-20790.0,signal_reverse,short,-770.0,train
2016-11-17 15:04:00,2016-11-18 15:04:00,99590.0,99300.0,29,-8410.0,signal_reverse,long,-290.0,train
2016-11-21 16:00:00,2016-11-29 16:04:00,100930.0,101000.0,40,2800.0,signal_reverse,long,70.0,train
2016-11-30 15:04:00,2016-12-08 10:59:00,102890.0,108030.0,37,190180.0,expiration,long,5140.0,train
2016-12-19 13:59:00,2016-12-21 13:59:00,113300.0,114350.0,34,-35700.0,signal_reverse,short,-1050.0,train
2016-12-22 13:59:00,2016-12-26 13:59:00,112330.0,112790.0,36,-16560.0,signal_reverse,short,-460.0,train
2016-12-27 15:04:00,2016-12-27 19:19:00,113040.0,114240.0,45,-54000.0,close_opposing,short,-1200.0,train
2016-12-29 18:04:00,2016-12-30 15:04:00,114710.0,114180.0,35,-18550.0,signal_reverse,long,-530.0,train
2016-12-30 16:04:00,2017-01-09 17:04:00,115030.0,116090.0,31,32860.0,signal_reverse,long,1060.0,train
2017-01-09 18:04:00,2017-01-11 16:04:00,116360.0,115890.0,27,-12690.0,signal_reverse,long,-470.0,train
2017-01-13 13:59:00,2017-01-16 13:59:00,115700.0,116470.0,35,-26950.0,signal_reverse,short,-770.0,train
2017-01-16 15:04:00,2017-01-23 13:59:00,116170.0,113560.0,26,67860.0,signal_reverse,short,2610.0,train
2017-01-27 15:04:00,2017-01-31 15:04:00,117930.0,116720.0,32,-38720.0,signal_reverse,long,-1210.0,train
2017-01-31 17:04:00,2017-01-31 18:04:00,117230.0,116740.0,32,-15680.0,signal_reverse,long,-490.0,train
2017-02-01 19:19:00,2017-02-02 19:19:00,116950.0,116950.0,31,0.0,signal_reverse,long,0.0,train
2017-02-03 15:04:00,2017-02-07 15:04:00,118040.0,117590.0,27,-12150.0,signal_reverse,long,-450.0,train
2017-02-09 13:59:00,2017-02-13 13:59:00,115760.0,117450.0,38,-64220.0,signal_reverse,short,-1690.0,train
2017-02-17 13:59:00,2017-02-27 13:59:00,115620.0,112900.0,37,100640.0,signal_reverse,short,2720.0,train
2017-03-07 13:59:00,2017-03-09 10:59:00,109540.0,108050.0,39,58110.0,expiration,short,1490.0,train
2017-03-20 15:04:00,2017-03-28 15:04:00,110570.0,111800.0,27,33210.0,signal_reverse,long,1230.0,train
2017-03-28 16:04:00,2017-03-28 17:04:00,111860.0,111520.0,30,-10200.0,signal_reverse,long,-340.0,train
2017-03-30 15:04:00,2017-03-31 13:59:00,112400.0,111640.0,41,-31160.0,close_opposing,long,-760.0,train
2017-04-04 19:19:00,2017-04-07 13:59:00,113520.0,111500.0,33,-66660.0,close_opposing,long,-2020.0,train
2017-04-07 15:04:00,2017-04-14 13:59:00,111260.0,108080.0,25,79500.0,signal_reverse,short,3180.0,train
2017-04-18 13:59:00,2017-04-19 13:59:00,107640.0,107950.0,30,-9300.0,signal_reverse,short,-310.0,train
2017-04-20 13:59:00,2017-04-21 13:59:00,106230.0,108710.0,37,-91760.0,signal_reverse,short,-2480.0,train
2017-04-24 15:04:00,2017-05-03 13:59:00,110050.0,109790.0,30,-7800.0,close_opposing,long,-260.0,train
2017-05-03 15:04:00,2017-05-11 13:59:00,109770.0,110690.0,24,-22080.0,signal_reverse,short,-920.0,train
2017-05-12 13:59:00,2017-05-15 13:59:00,108890.0,111210.0,39,-90480.0,signal_reverse,short,-2320.0,train
2017-05-16 15:04:00,2017-05-16 17:04:00,111360.0,111320.0,34,-1360.0,signal_reverse,long,-40.0,train
2017-05-18 13:59:00,2017-05-24 13:59:00,107150.0,108320.0,30,-35100.0,signal_reverse,short,-1170.0,train
2017-05-26 13:59:00,2017-06-05 13:59:00,107190.0,104240.0,41,120950.0,signal_reverse,short,2950.0,train
2017-06-19 13:59:00,2017-06-20 13:59:00,97350.0,96900.0,48,21600.0,signal_reverse,short,450.0,train
2017-07-03 16:04:00,2017-07-05 13:59:00,98620.0,98540.0,36,-2880.0,close_opposing,long,-80.0,train
2017-07-05 15:04:00,2017-07-05 15:04:00,98940.0,98940.0,43,0.0,close_opposing,long,0.0,train
2017-07-06 15:04:00,2017-07-07 13:59:00,98940.0,97990.0,37,-35150.0,close_opposing,long,-950.0,train
2017-07-07 15:04:00,2017-07-07 19:19:00,98210.0,99000.0,46,-36340.0,close_opposing,short,-790.0,train
2017-07-10 13:59:00,2017-07-10 17:04:00,98300.0,99120.0,34,-27880.0,close_opposing,short,-820.0,train
2017-07-11 13:59:00,2017-07-12 13:59:00,98560.0,100350.0,39,-69810.0,signal_reverse,short,-1790.0,train
2017-07-12 15:04:00,2017-07-24 15:04:00,100520.0,101140.0,43,26660.0,signal_reverse,long,620.0,train
2017-07-24 15:04:00,2017-07-28 13:59:00,101140.0,101640.0,25,-12500.0,signal_reverse,short,-500.0,train
2017-07-31 13:59:00,2017-08-01 13:59:00,100410.0,102150.0,35,-60900.0,signal_reverse,short,-1740.0,train
2017-08-02 15:04:00,2017-08-03 13:59:00,101270.0,102590.0,44,-58080.0,signal_reverse,short,-1320.0,train
2017-08-07 16:04:00,2017-08-07 18:04:00,103380.0,103230.0,45,-6750.0,signal_reverse,long,-150.0,train
2017-08-08 15:04:00,2017-08-10 18:04:00,104230.0,102960.0,48,-60960.0,signal_reverse,long,-1270.0,train
2017-08-11 13:59:00,2017-08-17 13:59:00,101400.0,102900.0,37,-55500.0,signal_reverse,short,-1500.0,train
2017-08-23 19:19:00,2017-09-07 15:04:00,104260.0,111710.0,55,409750.0,signal_reverse,long,7450.0,train
2017-09-07 15:04:00,2017-09-08 10:59:00,111710.0,111780.0,46,-3220.0,expiration,short,-70.0,train
2017-09-19 13:59:00,2017-09-21 13:59:00,110880.0,111760.0,56,-49280.0,signal_reverse,short,-880.0,train
2017-09-25 15:04:00,2017-09-25 19:19:00,112930.0,112650.0,59,-16520.0,signal_reverse,long,-280.0,train
2017-09-26 15:04:00,2017-09-26 18:04:00,113780.0,112920.0,46,-39560.0,signal_reverse,long,-860.0,train
2017-09-29 16:04:00,2017-10-02 13:59:00,113270.0,113060.0,47,-9870.0,close_opposing,long,-210.0,train
2017-10-02 15:04:00,2017-10-03 13:59:00,112930.0,112960.0,70,-2100.0,signal_reverse,short,-30.0,train
2017-10-05 19:24:00,2017-10-06 17:04:00,114480.0,113400.0,52,-56160.0,signal_reverse,long,-1080.0,train
2017-10-09 13:59:00,2017-10-10 13:59:00,112850.0,113340.0,61,-29890.0,signal_reverse,short,-490.0,train
2017-10-11 16:04:00,2017-10-11 17:04:00,114340.0,114240.0,64,-6400.0,signal_reverse,long,-100.0,train
2017-10-12 19:24:00,2017-10-17 17:04:00,114580.0,114710.0,59,7670.0,signal_reverse,long,130.0,train
2017-10-18 18:04:00,2017-10-18 19:24:00,115390.0,115100.0,55,-15950.0,signal_reverse,long,-290.0,train
2017-10-19 13:59:00,2017-10-26 13:59:00,113740.0,111580.0,45,97200.0,signal_reverse,short,2160.0,train
2017-10-31 13:59:00,2017-11-01 13:59:00,112110.0,112780.0,55,-36850.0,signal_reverse,short,-670.0,train
2017-11-07 15:04:00,2017-11-14 13:59:00,114620.0,114580.0,30,-1200.0,close_opposing,long,-40.0,train
2017-11-14 15:04:00,2017-11-21 13:59:00,114380.0,113920.0,55,25300.0,signal_reverse,short,460.0,train
2017-11-22 16:04:00,2017-11-27 19:24:00,115430.0,115510.0,47,3760.0,signal_reverse,long,80.0,train
2017-11-28 13:59:00,2017-11-28 17:04:00,114600.0,115660.0,50,-53000.0,close_opposing,short,-1060.0,train
2017-11-29 13:59:00,2017-12-06 13:59:00,114590.0,112520.0,40,82800.0,signal_reverse,short,2070.0,train
2017-12-18 15:05:00,2017-12-18 17:05:00,115100.0,114310.0,45,-35550.0,signal_reverse,long,-790.0,train
2017-12-19 13:59:00,2017-12-25 13:59:00,114340.0,115050.0,58,-41180.0,signal_reverse,short,-710.0,train
2017-12-25 15:04:00,2017-12-26 15:04:00,115160.0,114600.0,64,-35840.0,signal_reverse,long,-560.0,train
2017-12-26 19:19:00,2017-12-28 15:04:00,115590.0,115360.0,67,-15410.0,signal_reverse,long,-230.0,train
2017-12-29 18:44:00,2018-01-18 15:04:00,116370.0,128030.0,57,664620.0,signal_reverse,long,11660.0,train
2018-01-18 15:04:00,2018-01-30 13:59:00,128030.0,129350.0,29,-38280.0,signal_reverse,short,-1320.0,train
2018-01-30 15:04:00,2018-01-30 16:04:00,129420.0,129300.0,29,-3480.0,signal_reverse,long,-120.0,train
2018-01-31 13:59:00,2018-02-07 15:04:00,128030.0,124920.0,30,93300.0,signal_reverse,short,3110.0,train
2018-02-15 15:04:00,2018-03-01 15:04:00,126500.0,127190.0,23,15870.0,signal_reverse,long,690.0,train
2018-03-01 15:04:00,2018-03-09 10:59:00,127190.0,126650.0,29,15660.0,expiration,short,540.0,train
2018-03-19 13:59:00,2018-03-20 15:04:00,124730.0,123920.0,34,27540.0,signal_reverse,short,810.0,train
2018-03-28 13:59:00,2018-03-30 15:04:00,122730.0,124650.0,27,-51840.0,signal_reverse,short,-1920.0,train
2018-04-04 13:59:00,2018-04-04 15:04:00,122300.0,122650.0,36,-12600.0,signal_reverse,short,-350.0,train
2018-04-06 13:59:00,2018-04-06 15:04:00,124400.0,124300.0,38,3800.0,signal_reverse,short,100.0,train
2018-04-09 14:06:00,2018-04-13 13:59:00,112190.0,111600.0,7,4130.0,signal_reverse,short,590.0,train
2018-04-24 15:04:00,2018-04-25 13:59:00,115630.0,113810.0,20,-36400.0,close_opposing,long,-1820.0,train
2018-04-25 15:04:00,2018-04-26 15:04:00,113480.0,113920.0,25,-11000.0,close_opposing,short,-440.0,train
2018-04-26 15:04:00,2018-04-27 13:59:00,113920.0,115450.0,27,-41310.0,signal_reverse,short,-1530.0,train
2018-04-27 19:19:00,2018-04-30 19:19:00,116100.0,114750.0,26,-35100.0,signal_reverse,long,-1350.0,train
2018-05-02 13:59:00,2018-05-03 13:59:00,113990.0,113940.0,28,1400.0,signal_reverse,short,50.0,train
2018-05-03 15:04:00,2018-05-10 13:59:00,113850.0,116650.0,24,-67200.0,signal_reverse,short,-2800.0,train
2018-05-10 15:04:00,2018-05-18 16:04:00,116950.0,117200.0,25,6250.0,signal_reverse,long,250.0,train
2018-05-21 13:59:00,2018-05-21 15:04:00,118430.0,118460.0,25,-750.0,close_opposing,short,-30.0,train
2018-05-21 15:04:00,2018-05-22 13:59:00,118460.0,118870.0,27,-11070.0,signal_reverse,short,-410.0,train
2018-05-22 19:19:00,2018-05-23 15:04:00,119750.0,117280.0,30,-74100.0,signal_reverse,long,-2470.0,train
2018-05-23 15:04:00,2018-05-24 13:59:00,117280.0,117920.0,29,-18560.0,signal_reverse,short,-640.0,train
2018-05-25 13:59:00,2018-05-31 13:59:00,117170.0,116880.0,33,9570.0,signal_reverse,short,290.0,train
2018-06-29 15:04:00,2018-07-12 19:24:00,112550.0,117120.0,31,141670.0,signal_reverse,long,4570.0,train
2018-07-13 13:59:00,2018-07-16 13:59:00,117410.0,118530.0,30,-33600.0,signal_reverse,short,-1120.0,train
2018-07-16 15:04:00,2018-07-23 13:59:00,118220.0,113440.0,26,124280.0,signal_reverse,short,4780.0,train
2018-07-31 15:04:00,2018-08-01 16:04:00,116760.0,116040.0,38,-27360.0,signal_reverse,long,-720.0,train
2018-08-01 17:04:00,2018-08-01 19:19:00,116280.0,115810.0,38,-17860.0,signal_reverse,long,-470.0,train
2018-08-03 13:59:00,2018-08-13 13:59:00,114090.0,105540.0,32,273600.0,signal_reverse,short,8550.0,train
2018-08-24 13:59:00,2018-08-24 15:04:00,105270.0,105510.0,23,-5520.0,signal_reverse,short,-240.0,train
2018-08-27 15:04:00,2018-08-28 18:04:00,107960.0,107520.0,26,-11440.0,signal_reverse,long,-440.0,train
2018-08-29 15:04:00,2018-08-30 17:04:00,107890.0,107650.0,38,-9120.0,signal_reverse,long,-240.0,train
2018-08-31 15:04:00,2018-09-04 13:59:00,108240.0,107910.0,31,-10230.0,close_opposing,long,-330.0,train
2018-09-04 15:04:00,2018-09-10 11:05:00,107640.0,104000.0,49,178360.0,expiration,short,3640.0,train
2018-09-18 15:04:00,2018-10-03 16:04:00,109840.0,118530.0,38,330220.0,signal_reverse,long,8690.0,train
2018-10-04 13:59:00,2018-10-11 13:59:00,117150.0,111400.0,26,149500.0,signal_reverse,short,5750.0,train
2018-10-15 13:59:00,2018-10-15 15:04:00,114190.0,114800.0,23,-14030.0,signal_reverse,short,-610.0,train
2018-10-16 13:59:00,2018-10-16 15:04:00,114500.0,114600.0,31,-3100.0,signal_reverse,short,-100.0,train
2018-10-19 13:59:00,2018-10-26 13:59:00,113700.0,109370.0,27,116910.0,signal_reverse,short,4330.0,train
2018-11-02 15:04:00,2018-11-02 17:04:00,113930.0,113100.0,28,-23240.0,signal_reverse,long,-830.0,train
2018-11-06 15:04:00,2018-11-09 13:59:00,114290.0,112120.0,33,-71610.0,close_opposing,long,-2170.0,train
2018-11-09 15:04:00,2018-11-15 13:59:00,111490.0,112620.0,25,-28250.0,signal_reverse,short,-1130.0,train
2018-11-23 13:59:00,2018-11-29 13:59:00,111670.0,112420.0,34,-25500.0,signal_reverse,short,-750.0,train
2018-11-29 16:04:00,2018-11-30 15:04:00,114000.0,111910.0,22,-45980.0,signal_reverse,long,-2090.0,train
2018-12-03 15:04:00,2018-12-06 15:04:00,115010.0,112470.0,21,-53340.0,signal_reverse,long,-2540.0,train
2018-12-07 16:04:00,2018-12-10 11:06:00,114530.0,115360.0,23,19090.0,expiration,long,830.0,train
2018-12-18 13:59:00,2018-12-21 13:59:00,110090.0,108140.0,31,60450.0,signal_reverse,short,1950.0,train
2019-01-15 15:04:00,2019-01-28 18:04:00,114510.0,117720.0,34,109140.0,signal_reverse,long,3210.0,test
2019-01-28 19:24:00,2019-02-07 15:04:00,117880.0,120240.0,39,92040.0,signal_reverse,long,2360.0,test
2019-02-07 15:04:00,2019-02-12 16:04:00,120240.0,121840.0,37,-59200.0,close_opposing,short,-1600.0,test
2019-02-13 13:59:00,2019-02-14 13:59:00,119400.0,116630.0,27,74790.0,signal_reverse,short,2770.0,test
2019-02-25 15:04:00,2019-02-25 16:04:00,120570.0,119680.0,42,-37380.0,signal_reverse,long,-890.0,test
2019-02-27 13:59:00,2019-03-06 13:59:00,118920.0,119060.0,38,-5320.0,signal_reverse,short,-140.0,test
2019-03-18 15:05:00,2019-03-22 17:04:00,120340.0,119560.0,42,-32760.0,signal_reverse,long,-780.0,test
2019-03-25 13:59:00,2019-03-25 16:04:00,120230.0,120360.0,40,-5200.0,close_opposing,short,-130.0,test
2019-03-26 15:04:00,2019-03-27 13:59:00,121540.0,119450.0,36,-75240.0,close_opposing,long,-2090.0,test
2019-03-27 15:04:00,2019-03-29 13:59:00,119590.0,120250.0,37,-24420.0,signal_reverse,short,-660.0,test
2019-03-29 15:04:00,2019-04-02 13:59:00,120210.0,120000.0,43,9030.0,signal_reverse,short,210.0,test
2019-04-08 15:04:00,2019-04-08 16:04:00,121440.0,121200.0,52,-12480.0,signal_reverse,long,-240.0,test
2019-04-09 15:04:00,2019-04-15 19:19:00,122720.0,122420.0,47,-14100.0,signal_reverse,long,-300.0,test
2019-04-16 13:59:00,2019-04-16 15:04:00,122700.0,122850.0,44,-6600.0,close_opposing,short,-150.0,test
2019-04-16 15:04:00,2019-04-17 13:59:00,122850.0,124480.0,42,-68460.0,signal_reverse,short,-1630.0,test
2019-04-17 15:04:00,2019-04-18 16:04:00,124780.0,123820.0,41,-39360.0,signal_reverse,long,-960.0,test
2019-04-22 15:04:00,2019-04-24 15:04:00,125140.0,124540.0,58,-34800.0,signal_reverse,long,-600.0,test
2019-04-25 13:59:00,2019-05-02 13:59:00,123340.0,122080.0,32,40320.0,signal_reverse,short,1260.0,test
2019-05-06 13:59:00,2019-05-15 13:59:00,121690.0,121820.0,28,-3640.0,signal_reverse,short,-130.0,test
2019-05-16 15:04:00,2019-05-17 15:04:00,123880.0,122930.0,33,-31350.0,signal_reverse,long,-950.0,test
2019-05-17 17:04:00,2019-05-17 19:19:00,123180.0,122950.0,37,-8510.0,signal_reverse,long,-230.0,test
2019-05-20 15:04:00,2019-05-29 15:04:00,123350.0,124480.0,38,42940.0,signal_reverse,long,1130.0,test
2019-05-29 15:04:00,2019-05-29 19:19:00,124480.0,125470.0,43,-42570.0,close_opposing,short,-990.0,test
2019-05-30 15:04:00,2019-05-30 16:04:00,126180.0,126470.0,33,9570.0,signal_reverse,long,290.0,test
2019-05-31 13:59:00,2019-06-03 13:59:00,125220.0,128620.0,36,-122400.0,signal_reverse,short,-3400.0,test
2019-06-03 15:04:00,2019-06-10 11:00:00,129210.0,128720.0,22,-10780.0,expiration,long,-490.0,test
2019-06-18 15:04:00,2019-06-21 18:04:00,131340.0,134550.0,25,80250.0,signal_reverse,long,3210.0,test
2019-06-24 13:59:00,2019-06-28 13:59:00,136190.0,136230.0,32,-1280.0,signal_reverse,short,-40.0,test
2019-07-01 15:04:00,2019-07-05 19:19:00,137880.0,137450.0,30,-12900.0,signal_reverse,long,-430.0,test
2019-07-08 13:59:00,2019-07-08 15:04:00,137500.0,137610.0,47,-5170.0,signal_reverse,short,-110.0,test
2019-07-08 17:04:00,2019-07-09 15:04:00,137970.0,137740.0,42,-9660.0,signal_reverse,long,-230.0,test
2019-07-10 16:04:00,2019-07-11 15:04:00,138820.0,138320.0,44,-22000.0,signal_reverse,long,-500.0,test
2019-07-12 13:59:00,2019-07-15 13:59:00,136490.0,137670.0,34,-40120.0,signal_reverse,short,-1180.0,test
2019-07-15 15:04:00,2019-07-22 13:59:00,137530.0,135290.0,39,87360.0,signal_reverse,short,2240.0,test
2019-08-01 13:59:00,2019-08-08 13:59:00,134790.0,130440.0,18,78300.0,signal_reverse,short,4350.0,test
2019-08-13 13:59:00,2019-08-21 13:59:00,128410.0,127680.0,33,24090.0,signal_reverse,short,730.0,test
2019-08-27 13:59:00,2019-08-29 15:04:00,126120.0,128030.0,36,-68760.0,signal_reverse,short,-1910.0,test
2019-08-29 19:24:00,2019-09-09 10:59:00,128560.0,134490.0,33,195690.0,expiration,long,5930.0,test
2019-09-20 13:59:00,2019-09-30 13:59:00,135960.0,132670.0,37,121730.0,signal_reverse,short,3290.0,test
2019-10-11 15:04:00,2019-10-11 16:04:00,134000.0,133420.0,37,-21460.0,signal_reverse,long,-580.0,test
2019-10-16 15:04:00,2019-10-29 15:04:00,133680.0,141260.0,40,303200.0,signal_reverse,long,7580.0,test
2019-10-29 15:04:00,2019-11-01 13:59:00,141260.0,142850.0,30,-47700.0,signal_reverse,short,-1590.0,test
2019-11-11 13:59:00,2019-11-19 13:59:00,145260.0,144870.0,32,12480.0,signal_reverse,short,390.0,test
2019-11-27 15:04:00,2019-12-04 13:59:00,144260.0,141860.0,38,91200.0,signal_reverse,short,2400.0,test
2019-12-18 15:04:00,2019-12-26 15:04:00,151250.0,154130.0,43,123840.0,signal_reverse,long,2880.0,test
2019-12-26 15:04:00,2020-01-09 15:04:00,154130.0,160620.0,54,-350460.0,signal_reverse,short,-6490.0,test
2020-01-10 13:59:00,2020-01-30 13:59:00,160750.0,156150.0,33,151800.0,signal_reverse,short,4600.0,test
2020-02-07 13:59:00,2020-02-11 13:59:00,151450.0,152300.0,18,-15300.0,signal_reverse,short,-850.0,test
2020-02-11 15:04:00,2020-02-12 13:59:00,152560.0,155290.0,13,-35490.0,signal_reverse,short,-2730.0,test
2020-02-18 15:04:00,2020-02-20 13:59:00,152340.0,154950.0,26,-67860.0,signal_reverse,short,-2610.0,test
2020-02-21 13:59:00,2020-03-03 13:59:00,152690.0,133970.0,22,411840.0,signal_reverse,short,18720.0,test
2020-03-23 13:59:00,2020-03-24 13:59:00,85970.0,93510.0,7,-52780.0,signal_reverse,short,-7540.0,test
2020-04-01 13:59:00,2020-04-02 13:59:00,97100.0,98740.0,14,-22960.0,signal_reverse,short,-1640.0,test
2020-04-02 15:04:00,2020-04-15 15:04:00,98210.0,106050.0,13,101920.0,signal_reverse,long,7840.0,test
2020-04-15 15:04:00,2020-04-22 13:59:00,106050.0,104040.0,12,24120.0,signal_reverse,short,2010.0,test
2020-04-28 15:04:00,2020-05-04 15:04:00,110530.0,108450.0,19,-39520.0,signal_reverse,long,-2080.0,test
2020-05-04 17:04:00,2020-05-08 15:04:00,109620.0,110930.0,14,18340.0,signal_reverse,long,1310.0,test
2020-05-08 16:04:00,2020-05-12 15:04:00,112200.0,112610.0,19,7790.0,signal_reverse,long,410.0,test
2020-05-13 15:04:00,2020-05-13 16:04:00,112070.0,111200.0,21,-18270.0,signal_reverse,long,-870.0,test
2020-05-14 13:59:00,2020-05-18 13:59:00,109330.0,114290.0,17,-84320.0,signal_reverse,short,-4960.0,test
2020-05-18 15:04:00,2020-05-29 15:04:00,114520.0,121820.0,18,131400.0,signal_reverse,long,7300.0,test
2020-06-01 15:04:00,2020-06-08 10:59:00,123700.0,129200.0,14,77000.0,expiration,long,5500.0,test
2020-06-23 15:04:00,2020-06-23 16:04:00,125440.0,125170.0,20,-5400.0,signal_reverse,long,-270.0,test
2020-06-29 13:59:00,2020-07-06 13:59:00,121330.0,122280.0,24,-22800.0,signal_reverse,short,-950.0,test
2020-07-09 16:04:00,2020-07-09 18:04:00,123630.0,121530.0,29,-60900.0,signal_reverse,long,-2100.0,test
2020-07-14 13:59:00,2020-07-15 13:59:00,118790.0,122280.0,19,-66310.0,signal_reverse,short,-3490.0,test
2020-07-16 13:59:00,2020-07-17 15:04:00,121420.0,121560.0,29,-4060.0,signal_reverse,short,-140.0,test
2020-07-20 16:04:00,2020-07-20 17:04:00,122950.0,122650.0,34,-10200.0,signal_reverse,long,-300.0,test
2020-07-21 15:04:00,2020-07-29 13:59:00,126300.0,126260.0,29,-1160.0,close_opposing,long,-40.0,test
2020-07-29 15:04:00,2020-07-30 13:59:00,126600.0,123880.0,29,-78880.0,close_opposing,long,-2720.0,test
2020-07-30 15:04:00,2020-08-05 13:59:00,124050.0,128410.0,19,-82840.0,signal_reverse,short,-4360.0,test
2020-08-05 15:04:00,2020-08-07 15:04:00,129060.0,127110.0,26,-50700.0,signal_reverse,long,-1950.0,test
2020-08-07 16:04:00,2020-08-07 17:04:00,127530.0,126680.0,26,-22100.0,signal_reverse,long,-850.0,test
2020-08-10 17:04:00,2020-08-10 18:04:00,127460.0,126980.0,27,-12960.0,signal_reverse,long,-480.0,test
2020-08-11 15:04:00,2020-08-20 13:59:00,129370.0,128910.0,31,-14260.0,close_opposing,long,-460.0,test
2020-08-20 15:04:00,2020-08-27 13:59:00,128480.0,126520.0,24,47040.0,signal_reverse,short,1960.0,test
2020-09-03 13:59:00,2020-09-08 10:59:00,122850.0,121470.0,25,34500.0,expiration,short,1380.0,test
2020-09-21 13:59:00,2020-09-28 13:59:00,117940.0,115600.0,22,51480.0,signal_reverse,short,2340.0,test
2020-10-02 13:59:00,2020-10-05 13:59:00,113660.0,114350.0,21,-14490.0,signal_reverse,short,-690.0,test
2020-10-07 13:59:00,2020-10-08 13:59:00,114380.0,115060.0,24,-16320.0,signal_reverse,short,-680.0,test
2020-10-15 13:59:00,2020-10-21 15:04:00,114120.0,113560.0,37,20720.0,signal_reverse,short,560.0,test
2020-10-23 15:04:00,2020-10-23 17:04:00,116020.0,115700.0,33,-10560.0,signal_reverse,long,-320.0,test
2020-10-27 15:04:00,2020-11-03 13:59:00,113590.0,109380.0,32,134720.0,signal_reverse,short,4210.0,test
2020-11-05 16:04:00,2020-11-24 15:04:00,115650.0,126920.0,19,214130.0,signal_reverse,long,11270.0,test
2020-11-24 15:04:00,2020-11-25 13:59:00,126920.0,129480.0,22,-56320.0,signal_reverse,short,-2560.0,test
2020-11-30 13:59:00,2020-12-02 13:59:00,128240.0,131330.0,24,-74160.0,signal_reverse,short,-3090.0,test
2020-12-18 13:59:00,2020-12-25 13:59:00,138460.0,137520.0,19,17860.0,signal_reverse,short,940.0,test
2020-12-29 15:04:00,2020-12-29 19:19:00,140050.0,139340.0,36,-25560.0,signal_reverse,long,-710.0,test
2021-01-04 15:04:00,2021-01-19 15:04:00,143040.0,147910.0,24,116880.0,signal_reverse,long,4870.0,test
2021-01-19 15:04:00,2021-01-20 13:59:00,147910.0,148820.0,25,-22750.0,signal_reverse,short,-910.0,test
2021-01-20 15:04:00,2021-01-28 13:59:00,148320.0,137320.0,25,275000.0,signal_reverse,short,11000.0,test
2021-02-05 17:04:00,2021-02-17 19:24:00,142780.0,145810.0,24,72720.0,signal_reverse,long,3030.0,test
2021-02-18 15:04:00,2021-02-18 17:04:00,146680.0,145770.0,18,-16380.0,signal_reverse,long,-910.0,test
2021-02-19 15:04:00,2021-02-19 18:04:00,145760.0,147170.0,21,-29610.0,close_opposing,short,-1410.0,test
2021-02-20 13:59:00,2021-02-25 13:59:00,146520.0,146070.0,30,13500.0,signal_reverse,short,450.0,test
2021-02-26 13:59:00,2021-03-01 10:59:00,142010.0,143220.0,14,-16940.0,signal_reverse,short,-1210.0,test
2021-03-02 10:59:00,2021-03-03 10:59:00,142830.0,147350.0,26,-117520.0,signal_reverse,short,-4520.0,test
2021-03-03 12:59:00,2021-03-03 13:59:00,147630.0,147340.0,22,-6380.0,signal_reverse,long,-290.0,test
2021-03-18 10:59:00,2021-03-24 10:59:00,148280.0,141040.0,14,101360.0,signal_reverse,short,7240.0,test
2021-04-01 11:59:00,2021-04-01 13:59:00,146450.0,145170.0,28,-35840.0,signal_reverse,long,-1280.0,test
2021-04-02 10:59:00,2021-04-12 10:59:00,144720.0,138560.0,30,184800.0,signal_reverse,short,6160.0,test
2021-04-14 11:59:00,2021-04-15 11:59:00,146060.0,143670.0,24,-57360.0,signal_reverse,long,-2390.0,test
2021-04-15 16:04:00,2021-04-20 13:59:00,144350.0,144280.0,17,-1190.0,signal_reverse,long,-70.0,test
2021-04-21 10:59:00,2021-04-22 16:04:00,143890.0,147150.0,31,-101060.0,close_opposing,short,-3260.0,test
2021-04-23 11:59:00,2021-04-30 10:59:00,147890.0,147030.0,22,-18920.0,close_opposing,long,-860.0,test
2021-04-30 11:59:00,2021-05-05 10:59:00,146910.0,149650.0,23,-63020.0,signal_reverse,short,-2740.0,test
2021-05-05 12:59:00,2021-05-13 11:59:00,150120.0,151790.0,29,48430.0,signal_reverse,long,1670.0,test
2021-05-13 11:59:00,2021-05-13 15:04:00,151790.0,153140.0,28,-37800.0,close_opposing,short,-1350.0,test
2021-05-14 10:59:00,2021-05-14 11:59:00,153980.0,154230.0,34,-8500.0,close_opposing,short,-250.0,test
2021-05-18 11:59:00,2021-05-19 11:59:00,156800.0,155110.0,29,-49010.0,signal_reverse,long,-1690.0,test
2021-05-21 15:04:00,2021-05-24 10:59:00,156120.0,155880.0,23,-5520.0,close_opposing,long,-240.0,test
2021-05-24 11:59:00,2021-05-25 10:59:00,155690.0,156730.0,38,-39520.0,signal_reverse,short,-1040.0,test
2021-05-25 11:59:00,2021-06-07 11:59:00,156820.0,164630.0,35,273350.0,signal_reverse,long,7810.0,test
2021-06-07 11:59:00,2021-06-08 07:59:00,164630.0,165340.0,34,-24140.0,expiration,short,-710.0,test
2021-06-18 10:59:00,2021-06-23 10:59:00,162600.0,163550.0,41,-38950.0,signal_reverse,short,-950.0,test
2021-06-28 11:59:00,2021-06-28 12:59:00,165060.0,165000.0,39,-2340.0,signal_reverse,long,-60.0,test
2021-06-29 10:59:00,2021-07-01 10:59:00,162700.0,163900.0,45,-54000.0,signal_reverse,short,-1200.0,test
2021-07-01 15:04:00,2021-07-02 10:59:00,164790.0,163440.0,26,-35100.0,close_opposing,long,-1350.0,test
2021-07-02 11:59:00,2021-07-05 10:59:00,162910.0,163740.0,26,-21580.0,signal_reverse,short,-830.0,test
2021-07-06 11:59:00,2021-07-06 16:04:00,165970.0,164540.0,44,-62920.0,signal_reverse,long,-1430.0,test
2021-07-08 10:59:00,2021-07-13 10:59:00,159880.0,163040.0,21,-66360.0,signal_reverse,short,-3160.0,test
2021-07-16 10:59:00,2021-07-22 10:59:00,160900.0,158900.0,33,66000.0,signal_reverse,short,2000.0,test
2021-07-29 11:59:00,2021-08-09 10:59:00,163070.0,162400.0,29,-19430.0,close_opposing,long,-670.0,test
2021-08-09 11:59:00,2021-08-10 10:59:00,162480.0,164330.0,30,-55500.0,signal_reverse,short,-1850.0,test
2021-08-10 11:59:00,2021-08-10 12:59:00,164240.0,163900.0,31,-10540.0,signal_reverse,long,-340.0,test
2021-08-12 11:59:00,2021-08-19 10:59:00,166220.0,163650.0,32,-82240.0,close_opposing,long,-2570.0,test
2021-08-19 11:59:00,2021-08-25 10:59:00,163300.0,165300.0,23,-46000.0,signal_reverse,short,-2000.0,test
2021-08-27 11:59:00,2021-08-30 10:59:00,163510.0,166940.0,36,-123480.0,signal_reverse,short,-3430.0,test
2021-08-30 11:59:00,2021-09-08 07:59:00,166900.0,172260.0,32,171520.0,expiration,long,5360.0,test
2021-09-20 10:59:00,2021-09-23 10:59:00,169310.0,173770.0,19,-84740.0,signal_reverse,short,-4460.0,test
2021-09-27 11:59:00,2021-09-29 12:59:00,175280.0,174590.0,26,-17940.0,signal_reverse,long,-690.0,test
2021-09-30 11:59:00,2021-09-30 13:59:00,175550.0,174560.0,22,-21780.0,signal_reverse,long,-990.0,test
2021-10-01 10:59:00,2021-10-01 15:04:00,174310.0,174900.0,21,-12390.0,close_opposing,short,-590.0,test
2021-10-04 11:59:00,2021-10-11 15:04:00,175870.0,186520.0,24,255600.0,signal_reverse,long,10650.0,test
2021-10-15 10:59:00,2021-10-22 15:04:00,187830.0,189300.0,32,-47040.0,close_opposing,short,-1470.0,test
2021-10-25 10:59:00,2021-10-25 11:59:00,188270.0,188970.0,25,-17500.0,signal_reverse,short,-700.0,test
2021-10-25 13:59:00,2021-10-27 11:59:00,189640.0,188460.0,19,-22420.0,signal_reverse,long,-1180.0,test
2021-10-28 10:59:00,2021-11-05 10:59:00,186760.0,183050.0,19,70490.0,signal_reverse,short,3710.0,test
2021-11-11 10:59:00,2021-11-18 10:59:00,182720.0,178800.0,22,86240.0,signal_reverse,short,3920.0,test
2021-11-19 10:59:00,2021-11-24 10:59:00,177560.0,168660.0,27,240300.0,signal_reverse,short,8900.0,test
2021-11-29 11:59:00,2021-12-01 10:59:00,161240.0,166860.0,11,-61820.0,signal_reverse,short,-5620.0,test
2021-12-03 11:59:00,2021-12-06 11:59:00,168580.0,164540.0,13,-52520.0,signal_reverse,long,-4040.0,test
2021-12-07 10:59:00,2021-12-08 07:59:00,162510.0,166040.0,15,-52950.0,expiration,short,-3530.0,test
2021-12-23 11:59:00,2021-12-23 13:59:00,159690.0,159090.0,25,-15000.0,signal_reverse,long,-600.0,test
2021-12-27 11:59:00,2021-12-29 12:59:00,159720.0,159220.0,25,-12500.0,signal_reverse,long,-500.0,test
2021-12-30 10:59:00,2022-01-03 10:59:00,158720.0,162390.0,34,-124780.0,signal_reverse,short,-3670.0,test
2022-01-03 11:59:00,2022-01-05 11:59:00,162720.0,160260.0,23,-56580.0,signal_reverse,long,-2460.0,test
2022-01-06 10:59:00,2022-01-11 10:59:00,154080.0,158480.0,8,-35200.0,signal_reverse,short,-4400.0,test
2022-01-12 16:04:00,2022-01-13 11:59:00,161790.0,160740.0,21,-22050.0,signal_reverse,long,-1050.0,test
2022-01-13 12:59:00,2022-01-13 13:59:00,161140.0,160600.0,22,-11880.0,signal_reverse,long,-540.0,test
2022-01-14 10:59:00,2022-01-20 10:59:00,153210.0,142990.0,11,112420.0,signal_reverse,short,10220.0,test
2022-01-28 16:04:00,2022-02-11 12:59:00,142290.0,147890.0,7,39200.0,signal_reverse,long,5600.0,test
2022-02-11 13:59:00,2022-02-11 15:04:00,148270.0,147370.0,13,-11700.0,signal_reverse,long,-900.0,test
2022-02-14 10:59:00,2022-02-15 11:59:00,142590.0,150500.0,4,-31640.0,close_opposing,short,-7910.0,test
2022-02-15 11:59:00,2022-02-16 10:59:00,150500.0,153460.0,6,-17760.0,signal_reverse,short,-2960.0,test
2022-02-16 11:59:00,2022-02-16 16:04:00,153880.0,152660.0,9,-10980.0,signal_reverse,long,-1220.0,test
2022-02-21 10:59:00,2022-02-25 13:59:00,137080.0,87470.0,6,297660.0,signal_reverse,short,49610.0,test
2022-04-12 13:59:00,2022-04-13 15:04:00,98480.0,99900.0,8,-11360.0,signal_reverse,short,-1420.0,test
2022-04-14 13:59:00,2022-04-22 13:59:00,96190.0,95690.0,13,6500.0,signal_reverse,short,500.0,test
2022-04-27 15:04:00,2022-05-27 15:04:00,101900.0,113800.0,11,130900.0,signal_reverse,long,11900.0,test
2022-05-27 15:04:00,2022-05-30 15:04:00,113800.0,117390.0,6,-21540.0,close_opposing,short,-3590.0,test
2022-05-30 15:04:00,2022-06-06 13:59:00,117390.0,116510.0,8,7040.0,signal_reverse,short,880.0,test
2022-06-20 15:04:00,2022-07-01 13:59:00,121390.0,119580.0,13,-23530.0,close_opposing,long,-1810.0,test
2022-07-01 15:04:00,2022-07-12 13:59:00,119980.0,112460.0,5,37600.0,signal_reverse,short,7520.0,test
2022-07-21 15:06:00,2022-07-27 13:59:00,108630.0,110590.0,8,-15680.0,signal_reverse,short,-1960.0,test
2022-07-28 13:59:00,2022-08-04 13:59:00,108130.0,104360.0,14,52780.0,signal_reverse,short,3770.0,test
2022-08-09 13:59:00,2022-08-10 13:59:00,103370.0,105130.0,23,-40480.0,signal_reverse,short,-1760.0,test
2022-08-12 17:04:00,2022-08-15 15:04:00,107820.0,105270.0,17,-43350.0,signal_reverse,long,-2550.0,test
2022-08-15 18:04:00,2022-08-31 15:04:00,106930.0,121530.0,16,233600.0,signal_reverse,long,14600.0,test
2022-09-07 13:59:00,2022-09-08 10:59:00,123790.0,121830.0,17,33320.0,expiration,short,1960.0,test
2022-09-19 12:59:00,2022-09-21 12:59:00,116310.0,104240.0,21,253470.0,signal_reverse,short,12070.0,test
2022-09-28 12:59:00,2022-09-28 13:59:00,97710.0,96270.0,11,15840.0,signal_reverse,short,1440.0,test
2022-10-07 12:59:00,2022-10-13 12:59:00,98670.0,99840.0,19,-22230.0,signal_reverse,short,-1170.0,test
2022-10-14 13:59:00,2022-10-17 12:59:00,97550.0,101960.0,24,-105840.0,signal_reverse,short,-4410.0,test
2022-10-17 13:59:00,2022-10-19 13:59:00,103090.0,101870.0,23,-28060.0,signal_reverse,long,-1220.0,test
2022-10-19 15:04:00,2022-10-19 18:04:00,102830.0,101960.0,16,-13920.0,signal_reverse,long,-870.0,test
2022-10-20 13:59:00,2022-10-21 12:59:00,103240.0,102840.0,18,-7200.0,close_opposing,long,-400.0,test
2022-10-21 13:59:00,2022-10-21 13:59:00,104180.0,104180.0,22,0.0,close_opposing,long,0.0,test
2022-10-24 13:59:00,2022-11-02 13:59:00,105620.0,110770.0,20,103000.0,signal_reverse,long,5150.0,test
2022-11-02 13:59:00,2022-11-07 12:59:00,110770.0,112980.0,32,-70720.0,signal_reverse,short,-2210.0,test
2022-11-07 13:59:00,2022-11-17 17:04:00,113010.0,113410.0,21,8400.0,signal_reverse,long,400.0,test
2022-11-18 12:59:00,2022-11-23 12:59:00,112860.0,114440.0,28,-44240.0,signal_reverse,short,-1580.0,test
2022-11-29 12:59:00,2022-12-05 12:59:00,112240.0,111670.0,33,18810.0,signal_reverse,short,570.0,test
2022-12-06 12:59:00,2022-12-08 09:59:00,109790.0,110350.0,31,-17360.0,expiration,short,-560.0,test
2022-12-19 12:59:00,2022-12-20 12:59:00,101030.0,100670.0,31,11160.0,signal_reverse,short,360.0,test
2022-12-28 12:59:00,2022-12-30 23:49:00,97720.0,98300.0,29,-16820.0,end_of_data,short,-580.0,test
