entry_time,exit_time,entry_price,exit_price,contracts,pnl,exit_reason,direction
2007-10-16 17:58:00,2007-11-07 17:55:00,25028.0,24495.0,860,458380.0,signal_reverse,long
2008-02-27 17:59:00,2008-03-11 17:55:00,24159.0,24099.0,823,49380.0,expiration,long
2008-03-20 17:59:00,2008-04-01 17:59:00,23982.0,23740.0,627,151734.0,signal_reverse,long
2008-04-04 17:59:00,2008-04-10 17:59:00,23664.0,23567.0,826,80122.0,signal_reverse,long
2008-07-10 18:47:00,2008-07-25 17:19:00,23409.0,23428.0,539,-10241.0,signal_reverse,long
2008-08-22 16:46:00,2008-08-26 17:03:00,24420.0,24772.0,846,-297792.0,signal_reverse,long
2008-08-29 17:02:00,2008-09-02 17:10:00,24611.0,24847.0,824,-194464.0,signal_reverse,long
2008-09-18 17:29:00,2008-09-29 16:20:00,25450.0,25640.0,415,-78850.0,signal_reverse,long
2008-10-14 16:37:00,2008-10-16 17:05:00,26330.0,26714.0,496,-190464.0,signal_reverse,long
2008-10-29 16:41:00,2008-11-01 17:30:00,27552.0,27717.0,238,-39270.0,signal_reverse,long
2008-11-05 16:40:00,2008-11-11 16:39:00,27414.0,28100.0,272,-186592.0,signal_reverse,long
2008-11-20 16:50:00,2008-11-28 16:42:00,28512.0,28389.0,401,49323.0,signal_reverse,long
2008-12-03 17:04:00,2008-12-04 16:50:00,28250.0,28242.0,651,5208.0,signal_reverse,long
2011-01-12 16:02:00,2011-01-19 16:03:00,30497.0,29917.0,260,150800.0,signal_reverse,long
2011-01-24 16:02:00,2011-01-24 17:32:00,29977.0,30063.0,1152,-99072.0,signal_reverse,long
2011-01-25 16:02:00,2011-01-25 17:32:00,29927.0,29932.0,1186,-5930.0,signal_reverse,long
2011-01-26 16:02:00,2011-01-28 17:33:00,29846.0,29825.0,1296,27216.0,signal_reverse,long
2011-02-01 16:02:00,2011-02-04 17:33:00,29706.0,29459.0,1306,322582.0,signal_reverse,long
2011-02-15 16:47:00,2011-02-16 16:02:00,29343.0,29359.0,1766,-28256.0,signal_reverse,long
2011-02-16 17:32:00,2011-02-22 16:03:00,29353.0,29313.0,1573,62920.0,signal_reverse,long
2011-02-24 16:02:00,2011-03-02 17:32:00,29090.0,28434.0,1272,834432.0,signal_reverse,long
2011-03-18 16:02:00,2011-03-23 16:02:00,28673.0,28496.0,968,171336.0,signal_reverse,long
2011-04-01 16:02:00,2011-04-05 16:47:00,28536.0,28497.0,1306,50934.0,signal_reverse,long
2011-04-06 16:03:00,2011-04-12 16:05:00,28356.0,28256.0,1423,142300.0,signal_reverse,long
2011-04-20 16:02:00,2011-04-27 16:03:00,28242.0,27827.0,989,410435.0,signal_reverse,long
2011-05-13 16:47:00,2011-05-13 17:32:00,27983.0,28036.0,948,-50244.0,signal_reverse,long
2011-05-18 16:02:00,2011-05-18 17:32:00,28121.0,28155.0,903,-30702.0,signal_reverse,long
2011-05-19 16:03:00,2011-05-20 16:02:00,28075.0,28098.0,935,-21505.0,signal_reverse,long
2011-05-27 16:02:00,2011-06-03 16:02:00,28143.0,27890.0,946,239338.0,signal_reverse,long
2011-06-20 16:02:00,2011-06-23 16:02:00,28434.0,28355.0,1093,86347.0,signal_reverse,long
2011-06-29 16:02:00,2011-07-05 16:03:00,28231.0,28077.0,1192,183568.0,signal_reverse,long
2011-07-14 16:02:00,2011-07-15 16:02:00,28247.0,28258.0,1054,-11594.0,signal_reverse,long
2011-07-19 16:04:00,2011-07-26 16:48:00,28244.0,27683.0,1543,865623.0,signal_reverse,long
2011-08-01 16:02:00,2011-08-01 16:47:00,27698.0,27691.0,1240,8680.0,signal_reverse,long
2011-08-12 16:02:00,2011-08-18 16:02:00,29260.0,29192.0,431,29308.0,signal_reverse,long
2011-08-24 16:02:00,2011-08-26 16:03:00,28990.0,28981.0,844,7596.0,signal_reverse,long
2011-08-29 16:04:00,2011-08-30 16:02:00,28891.0,29042.0,962,-145262.0,signal_reverse,long
2011-09-27 16:02:00,2011-09-29 16:02:00,32320.0,32403.0,440,-36520.0,signal_reverse,long
2011-10-07 16:02:00,2011-10-13 16:02:00,32550.0,31535.0,628,637420.0,signal_reverse,long
2011-10-24 16:02:00,2011-10-26 16:02:00,31069.0,30798.0,550,149050.0,signal_reverse,long
2011-10-26 17:32:00,2011-10-28 16:02:00,30709.0,30064.0,686,442470.0,signal_reverse,long
2011-11-08 16:02:00,2011-11-09 16:02:00,30495.0,30776.0,612,-171972.0,signal_reverse,long
2011-11-11 16:02:00,2011-11-14 16:02:00,30702.0,30689.0,430,5590.0,signal_reverse,long
2011-11-28 16:02:00,2011-12-05 16:02:00,31340.0,30996.0,728,250432.0,signal_reverse,long
2011-12-21 16:02:00,2011-12-27 16:06:00,32112.0,31555.0,565,314705.0,signal_reverse,long
2012-01-04 16:02:00,2012-01-05 16:02:00,32142.0,32355.0,728,-155064.0,signal_reverse,long
2012-01-10 16:02:00,2012-01-12 16:02:00,32009.0,31900.0,793,86437.0,signal_reverse,long
2012-01-12 16:47:00,2012-01-12 17:32:00,31835.0,31935.0,779,-77900.0,signal_reverse,long
2012-01-13 16:02:00,2012-01-16 16:02:00,31992.0,32028.0,766,-27576.0,signal_reverse,long
2012-01-17 16:02:00,2012-01-24 16:02:00,31778.0,31121.0,840,551880.0,signal_reverse,long
2012-02-01 16:02:00,2012-02-02 16:02:00,30445.0,30454.0,643,-5787.0,signal_reverse,long
2012-02-03 17:32:00,2012-02-06 16:02:00,30309.0,30359.0,873,-43650.0,signal_reverse,long
2012-02-07 16:02:00,2012-02-09 16:02:00,30106.0,29966.0,956,133840.0,signal_reverse,long
2012-02-17 17:32:00,2012-02-27 16:02:00,29938.0,29094.0,873,736812.0,signal_reverse,long
2012-03-19 16:03:00,2012-03-20 16:02:00,29583.0,29686.0,1192,-122776.0,signal_reverse,long
2012-03-26 16:02:00,2012-03-28 16:02:00,29402.0,29515.0,963,-108819.0,signal_reverse,long
2012-04-03 17:32:00,2012-04-04 16:02:00,29455.0,29722.0,848,-226416.0,signal_reverse,long
2012-04-12 16:02:00,2012-04-16 16:02:00,29729.0,29957.0,723,-164844.0,signal_reverse,long
2012-04-17 16:02:00,2012-04-18 16:02:00,29835.0,29814.0,906,19026.0,signal_reverse,long
2012-04-20 16:02:00,2012-04-27 16:02:00,29682.0,29573.0,1266,137994.0,signal_reverse,long
2012-04-27 17:32:00,2012-04-28 16:01:00,29513.0,29530.0,1153,-19601.0,signal_reverse,long
2012-05-21 16:47:00,2012-05-23 16:02:00,31399.0,31617.0,611,-133198.0,signal_reverse,long
2012-06-05 16:02:00,2012-06-08 10:44:00,33254.0,32735.0,464,240816.0,expiration,long
2012-06-20 17:32:00,2012-06-21 16:02:00,32985.0,33338.0,580,-204740.0,signal_reverse,long
2012-06-27 16:02:00,2012-06-28 16:02:00,33430.0,33575.0,620,-89900.0,signal_reverse,long
2012-06-29 16:02:00,2012-07-05 16:02:00,33289.0,32811.0,575,274850.0,signal_reverse,long
2012-07-16 17:32:00,2012-07-23 16:02:00,32951.0,32907.0,885,38940.0,signal_reverse,long
2012-07-27 16:02:00,2012-07-31 16:02:00,32555.0,32458.0,602,58394.0,signal_reverse,long
2012-08-03 17:32:00,2012-08-08 16:02:00,32383.0,31967.0,509,211744.0,signal_reverse,long
2012-08-16 16:47:00,2012-08-16 17:32:00,32016.0,32054.0,1028,-39064.0,signal_reverse,long
2012-08-21 16:02:00,2012-08-24 16:47:00,31942.0,32002.0,852,-51120.0,signal_reverse,long
2012-08-24 17:32:00,2012-08-27 16:02:00,31983.0,31902.0,987,79947.0,signal_reverse,long
2012-09-03 16:02:00,2012-09-05 16:02:00,32464.0,32403.0,640,39040.0,signal_reverse,long
2012-09-05 16:47:00,2012-09-12 19:47:00,32356.0,31925.0,855,368505.0,expiration,long
2012-09-25 16:02:00,2012-09-26 16:02:00,31399.0,31657.0,671,-173118.0,signal_reverse,long
2012-09-28 16:02:00,2012-10-01 16:02:00,31435.0,31572.0,748,-102476.0,signal_reverse,long
2012-10-02 16:02:00,2012-10-03 16:02:00,31427.0,31500.0,653,-47669.0,signal_reverse,long
2012-10-04 16:02:00,2012-10-08 16:02:00,31470.0,31472.0,938,-1876.0,signal_reverse,long
2012-10-11 17:32:00,2012-10-18 16:02:00,31324.0,31039.0,1055,300675.0,signal_reverse,long
2012-10-26 16:47:00,2012-10-29 16:02:00,31660.0,31755.0,817,-77615.0,signal_reverse,long
2012-10-30 16:02:00,2012-11-06 16:02:00,31641.0,31680.0,1270,-49530.0,signal_reverse,long
2012-11-07 16:02:00,2012-11-07 17:32:00,31588.0,31651.0,886,-55818.0,signal_reverse,long
2012-11-16 17:32:00,2012-11-23 16:02:00,31873.0,31267.0,1457,882942.0,signal_reverse,long
2012-12-06 16:02:00,2012-12-06 16:47:00,30908.0,30916.0,1075,-8600.0,signal_reverse,long
2012-12-19 16:02:00,2012-12-21 16:02:00,31141.0,31196.0,1015,-55825.0,signal_reverse,long
2012-12-21 17:32:00,2012-12-26 16:02:00,31183.0,30982.0,1185,238185.0,signal_reverse,long
2013-01-15 16:02:00,2013-01-15 16:47:00,30524.0,30590.0,1269,-83754.0,signal_reverse,long
2013-01-17 16:02:00,2013-01-18 16:02:00,30539.0,30523.0,1074,17184.0,signal_reverse,long
2013-01-22 16:02:00,2013-01-28 16:02:00,30488.0,30399.0,1799,160111.0,signal_reverse,long
2013-02-01 16:02:00,2013-02-05 16:02:00,30175.0,30175.0,1378,-0.0,signal_reverse,long
2013-02-06 16:02:00,2013-02-07 16:02:00,30198.0,30201.0,1158,-3474.0,signal_reverse,long
2013-02-12 16:03:00,2013-02-14 16:02:00,30247.0,30307.0,1777,-106620.0,signal_reverse,long
2013-02-20 16:02:00,2013-02-21 16:02:00,30213.0,30501.0,2207,-635616.0,signal_reverse,long
2013-02-28 16:02:00,2013-03-01 16:02:00,30643.0,30773.0,1380,-179400.0,signal_reverse,long
2013-03-05 16:02:00,2013-03-07 16:02:00,30768.0,30801.0,1491,-49203.0,signal_reverse,long
2013-03-25 16:02:00,2013-03-26 16:02:00,31168.0,31366.0,1521,-301158.0,signal_reverse,long
2013-04-05 16:02:00,2013-04-12 16:02:00,31968.0,31371.0,977,583269.0,signal_reverse,long
2013-04-19 16:02:00,2013-04-22 16:02:00,31850.0,31921.0,672,-47712.0,signal_reverse,long
2013-04-24 16:02:00,2013-05-02 16:02:00,31775.0,31462.0,1067,333971.0,signal_reverse,long
2013-05-03 16:47:00,2013-05-06 16:02:00,31312.0,31319.0,784,-5488.0,signal_reverse,long
2013-05-07 16:02:00,2013-05-08 16:02:00,31224.0,31327.0,1326,-136578.0,signal_reverse,long
2013-05-16 16:47:00,2013-05-17 16:02:00,31544.0,31544.0,1205,-0.0,signal_reverse,long
2013-05-20 16:02:00,2013-05-23 16:02:00,31467.0,31551.0,1061,-89124.0,signal_reverse,long
2013-06-04 16:02:00,2013-06-05 16:02:00,31979.0,32188.0,667,-139403.0,signal_reverse,long
2013-06-25 16:02:00,2013-06-26 16:02:00,33240.0,33385.0,634,-91930.0,signal_reverse,long
2013-06-27 17:32:00,2013-07-01 16:02:00,33237.0,33432.0,856,-166920.0,signal_reverse,long
2013-07-09 16:02:00,2013-07-15 16:02:00,33362.0,33040.0,1073,345506.0,signal_reverse,long
2013-07-24 16:02:00,2013-07-24 16:47:00,32606.0,32663.0,1345,-76665.0,signal_reverse,long
2013-08-01 17:32:00,2013-08-02 16:02:00,33231.0,33336.0,928,-97440.0,signal_reverse,long
2013-08-02 16:47:00,2013-08-06 16:02:00,33213.0,33138.0,1205,90375.0,signal_reverse,long
2013-08-06 16:47:00,2013-08-06 17:32:00,33119.0,33113.0,1421,8526.0,signal_reverse,long
2013-08-08 16:02:00,2013-08-08 16:47:00,33136.0,33138.0,1329,-2658.0,signal_reverse,long
2013-08-09 16:02:00,2013-08-12 16:03:00,33090.0,33166.0,1385,-105260.0,signal_reverse,long
2013-08-16 16:02:00,2013-08-20 16:02:00,33061.0,33136.0,1046,-78450.0,signal_reverse,long
2013-08-26 16:02:00,2013-08-26 17:32:00,33109.0,33110.0,1495,-1495.0,signal_reverse,long
2013-09-05 16:02:00,2013-09-06 16:02:00,33478.0,33460.0,1270,22860.0,signal_reverse,long
2013-09-06 16:47:00,2013-09-09 10:44:00,33395.0,33381.0,1428,19992.0,expiration,long
2013-10-01 16:02:00,2013-10-07 16:03:00,32636.0,32662.0,916,-23816.0,signal_reverse,long
2013-10-11 16:02:00,2013-10-14 16:04:00,32566.0,32623.0,1276,-72732.0,signal_reverse,long
2013-10-15 16:02:00,2013-10-15 17:32:00,32620.0,32648.0,1515,-42420.0,signal_reverse,long
2013-10-16 16:02:00,2013-10-21 16:47:00,32550.0,32210.0,1481,503540.0,signal_reverse,long
2013-10-22 17:32:00,2013-10-23 16:02:00,32075.0,32082.0,1263,-8841.0,signal_reverse,long
2013-11-06 16:02:00,2013-11-08 16:02:00,32613.0,32734.0,1069,-129349.0,signal_reverse,long
2013-11-15 16:02:00,2013-11-19 16:02:00,32854.0,32856.0,1140,-2280.0,signal_reverse,long
2013-12-04 16:02:00,2013-12-09 10:44:00,33236.0,32829.0,1444,587708.0,expiration,long
2013-12-19 16:02:00,2013-12-19 17:32:00,33401.0,33406.0,1056,-5280.0,signal_reverse,long
2013-12-23 16:03:00,2013-12-25 16:47:00,33281.0,33136.0,1577,228665.0,signal_reverse,long
2014-01-13 16:02:00,2014-01-14 16:02:00,33462.0,33670.0,1113,-231504.0,signal_reverse,long
2014-01-28 16:02:00,2014-01-28 17:32:00,34929.0,34931.0,554,-1108.0,signal_reverse,long
2014-02-03 16:02:00,2014-02-04 16:02:00,35398.0,35572.0,404,-70296.0,signal_reverse,long
2014-02-04 16:47:00,2014-02-10 16:02:00,35482.0,35050.0,583,251856.0,signal_reverse,long
2014-02-11 16:02:00,2014-02-11 17:32:00,34944.0,35006.0,843,-52266.0,signal_reverse,long
2014-02-21 17:32:00,2014-02-24 16:02:00,35854.0,35688.0,648,107568.0,signal_reverse,long
2014-02-25 16:02:00,2014-02-25 16:47:00,35713.0,35770.0,721,-41097.0,signal_reverse,long
2014-03-04 17:32:00,2014-03-06 16:02:00,36229.0,36308.0,384,-30336.0,signal_reverse,long
2014-03-18 16:02:00,2014-03-21 16:02:00,37101.0,37004.0,484,46948.0,signal_reverse,long
2014-03-24 16:02:00,2014-03-27 16:02:00,36808.0,36304.0,713,359352.0,signal_reverse,long
2014-03-31 16:02:00,2014-04-02 16:02:00,35971.0,35913.0,706,40948.0,signal_reverse,long
2014-04-18 16:02:00,2014-04-21 17:32:00,36052.0,36116.0,731,-46784.0,signal_reverse,long
2014-04-23 16:02:00,2014-04-23 17:32:00,36165.0,36180.0,1171,-17565.0,signal_reverse,long
2014-04-29 16:02:00,2014-05-02 16:02:00,35982.0,36197.0,710,-152650.0,signal_reverse,long
2014-05-06 16:02:00,2014-05-12 16:02:00,35825.0,35465.0,1063,382680.0,signal_reverse,long
2014-06-05 16:02:00,2014-06-09 10:44:00,34880.0,34362.0,802,415436.0,expiration,long
2014-06-19 16:02:00,2014-06-25 16:02:00,34961.0,34374.0,678,397986.0,signal_reverse,long
2014-07-08 16:02:00,2014-07-11 16:02:00,34764.0,34634.0,815,105950.0,signal_reverse,long
2014-07-22 16:02:00,2014-07-24 17:32:00,35359.0,35509.0,830,-124500.0,signal_reverse,long
2014-08-11 17:32:00,2014-08-12 16:47:00,36355.0,36445.0,666,-59940.0,signal_reverse,long
2014-08-13 17:32:00,2014-08-15 16:02:00,36341.0,36156.0,962,177970.0,signal_reverse,long
2014-08-18 17:32:00,2014-08-19 16:02:00,36256.0,36390.0,503,-67402.0,signal_reverse,long
2014-08-26 16:47:00,2014-08-28 16:02:00,36243.0,36848.0,1106,-669130.0,signal_reverse,long
2014-09-03 16:02:00,2014-09-05 16:02:00,36987.0,36995.0,543,-4344.0,signal_reverse,long
2014-09-05 16:47:00,2014-09-08 10:44:00,36730.0,37140.0,543,-222630.0,expiration,long
2014-09-18 16:02:00,2014-09-19 16:02:00,39032.0,39050.0,616,-11088.0,signal_reverse,long
2014-09-24 16:02:00,2014-09-26 16:02:00,38776.0,39585.0,743,-601087.0,signal_reverse,long
2014-10-02 16:02:00,2014-10-03 16:02:00,40143.0,40306.0,610,-99430.0,signal_reverse,long
2014-10-09 16:02:00,2014-10-09 16:47:00,40389.0,40490.0,718,-72518.0,signal_reverse,long
2014-10-17 16:47:00,2014-10-20 16:02:00,41230.0,41551.0,461,-147981.0,signal_reverse,long
2014-10-30 16:02:00,2014-10-31 16:02:00,42687.0,43521.0,209,-174306.0,signal_reverse,long
2014-11-10 16:04:00,2014-11-11 16:02:00,45873.0,47361.0,99,-147312.0,signal_reverse,long
2014-11-13 17:32:00,2014-11-14 16:02:00,46711.0,47657.0,236,-223256.0,signal_reverse,long
2014-11-19 17:32:00,2014-11-25 17:32:00,47098.0,46086.0,413,417956.0,signal_reverse,long
2014-12-19 16:02:00,2014-12-25 17:32:00,62950.0,54344.0,32,275392.0,signal_reverse,long
2015-01-15 17:32:00,2015-01-20 16:47:00,66220.0,66857.0,78,-49686.0,signal_reverse,long
2015-01-22 16:02:00,2015-01-26 16:02:00,66195.0,67162.0,160,-154720.0,signal_reverse,long
2015-02-03 16:02:00,2015-02-05 16:02:00,67763.0,67504.0,86,22274.0,signal_reverse,long
2015-02-06 16:02:00,2015-02-09 16:02:00,68219.0,67057.0,71,82502.0,signal_reverse,long
2015-02-10 16:02:00,2015-02-11 16:02:00,66984.0,66762.0,111,24642.0,signal_reverse,long
2015-02-12 16:02:00,2015-02-12 17:32:00,66846.0,67024.0,73,-12994.0,signal_reverse,long
2015-02-13 16:02:00,2015-02-18 16:02:00,64882.0,62806.0,96,199296.0,signal_reverse,long
2015-02-26 16:02:00,2015-02-27 16:47:00,61272.0,62174.0,147,-132594.0,signal_reverse,long
2015-03-05 16:02:00,2015-03-10 10:44:00,61519.0,62952.0,258,-369714.0,expiration,long
2015-03-19 16:02:00,2015-03-20 16:02:00,62354.0,62571.0,160,-34720.0,signal_reverse,long
2015-03-20 17:32:00,2015-03-25 16:02:00,61689.0,58777.0,173,503776.0,signal_reverse,long
2015-04-02 16:02:00,2015-04-08 16:02:00,58173.0,55164.0,173,520557.0,signal_reverse,long
2015-04-23 16:02:00,2015-04-27 16:02:00,52105.0,52456.0,158,-55458.0,signal_reverse,long
2015-05-05 16:02:00,2015-05-07 16:47:00,51795.0,51190.0,155,93775.0,signal_reverse,long
2015-05-08 16:02:00,2015-05-08 16:47:00,51506.0,51793.0,164,-47068.0,signal_reverse,long
2015-05-12 17:32:00,2015-05-14 17:32:00,51030.0,50737.0,199,58307.0,signal_reverse,long
2015-05-18 16:02:00,2015-05-19 16:02:00,49634.0,50095.0,230,-106030.0,signal_reverse,long
2015-06-18 16:02:00,2015-06-19 16:02:00,55113.0,55845.0,192,-140544.0,signal_reverse,long
2015-07-01 16:02:00,2015-07-02 16:02:00,56835.0,57015.0,245,-44100.0,signal_reverse,long
2015-07-02 16:47:00,2015-07-03 16:02:00,56865.0,57135.0,305,-82350.0,signal_reverse,long
2015-07-03 16:47:00,2015-07-06 16:02:00,57170.0,57749.0,371,-214809.0,signal_reverse,long
2015-07-10 16:02:00,2015-07-14 16:02:00,57680.0,57935.0,225,-57375.0,signal_reverse,long
2015-07-21 16:02:00,2015-07-22 16:02:00,58015.0,58088.0,468,-34164.0,signal_reverse,long
2015-07-29 16:02:00,2015-07-30 16:02:00,60588.0,60539.0,186,9114.0,signal_reverse,long
2015-08-10 16:02:00,2015-08-11 16:02:00,64913.0,64667.0,182,44772.0,signal_reverse,long
2015-08-25 17:32:00,2015-08-31 16:02:00,69195.0,67000.0,86,188770.0,signal_reverse,long
2015-09-01 16:02:00,2015-09-01 17:32:00,65458.0,66233.0,90,-69750.0,signal_reverse,long
2015-09-23 17:33:00,2015-09-24 16:03:00,67582.0,68311.0,222,-161838.0,signal_reverse,long
2015-09-25 16:03:00,2015-09-29 16:03:00,67304.0,67238.0,224,14784.0,signal_reverse,long
2015-09-29 17:33:00,2015-10-02 16:03:00,67095.0,68111.0,234,-237744.0,signal_reverse,long
2015-10-05 16:03:00,2015-10-09 16:03:00,66501.0,62267.0,213,901842.0,signal_reverse,long
2015-10-16 17:33:00,2015-10-19 16:03:00,62680.0,63232.0,157,-86664.0,signal_reverse,long
2015-10-23 16:03:00,2015-10-26 16:03:00,63026.0,63471.0,202,-89890.0,signal_reverse,long
2015-11-02 16:03:00,2015-11-06 16:03:00,64911.0,64432.0,201,96279.0,signal_reverse,long
2015-11-16 16:03:00,2015-11-16 17:33:00,66541.0,67064.0,211,-110353.0,signal_reverse,long
2015-11-17 16:03:00,2015-11-23 16:03:00,66139.0,65907.0,151,35032.0,signal_reverse,long
2015-12-04 16:03:00,2015-12-04 17:33:00,67721.0,68419.0,232,-161936.0,signal_reverse,long
2015-12-23 16:03:00,2015-12-25 16:03:00,72255.0,72083.0,423,72756.0,signal_reverse,long
2016-01-05 16:09:00,2016-01-06 16:09:00,74651.0,75801.0,192,-220800.0,signal_reverse,long
2016-01-14 16:03:00,2016-01-15 16:03:00,77551.0,78794.0,180,-223740.0,signal_reverse,long
2016-01-22 16:03:00,2016-01-25 16:03:00,80130.0,80501.0,53,-19663.0,signal_reverse,long
2016-01-27 16:03:00,2016-02-01 16:03:00,79244.0,77072.0,71,154212.0,signal_reverse,long
2016-02-05 16:03:00,2016-02-05 16:48:00,77513.0,77953.0,94,-41360.0,signal_reverse,long
2016-02-12 17:33:00,2016-02-19 16:04:00,79576.0,77245.0,105,244755.0,signal_reverse,long
2016-02-26 16:04:00,2016-02-29 16:04:00,75600.0,76227.0,119,-74613.0,signal_reverse,long
2016-03-01 16:04:00,2016-03-03 16:49:00,74026.0,73973.0,132,6996.0,signal_reverse,long
2016-03-04 16:04:00,2016-03-07 16:04:00,73150.0,71999.0,174,200274.0,signal_reverse,long
2016-03-18 16:04:00,2016-03-23 16:04:00,68893.0,69499.0,156,-94536.0,signal_reverse,long
2016-03-25 16:04:00,2016-03-28 16:04:00,69570.0,69534.0,168,6048.0,signal_reverse,long
2016-03-30 16:04:00,2016-04-01 16:04:00,69133.0,69633.0,139,-69500.0,signal_reverse,long
2016-04-07 16:49:00,2016-04-14 16:04:00,69231.0,67343.0,191,360608.0,signal_reverse,long
2016-04-19 16:04:00,2016-04-22 16:04:00,66602.0,66640.0,160,-6080.0,signal_reverse,long
2016-04-27 16:49:00,2016-05-04 16:04:00,66348.0,66638.0,210,-60900.0,signal_reverse,long
2016-05-11 16:04:00,2016-05-13 16:04:00,66338.0,65952.0,233,89938.0,signal_reverse,long
2016-05-16 16:04:00,2016-05-17 16:49:00,65341.0,65322.0,213,4047.0,signal_reverse,long
2016-05-24 16:04:00,2016-05-27 16:04:00,67140.0,66385.0,334,252170.0,signal_reverse,long
2016-06-06 16:04:00,2016-06-08 10:44:00,65494.0,64797.0,193,134521.0,expiration,long
2016-06-20 16:04:00,2016-06-22 16:49:00,65317.0,65769.0,233,-105316.0,signal_reverse,long
2016-06-29 16:04:00,2016-07-01 16:24:00,65458.0,65108.0,208,72800.0,signal_reverse,long
2016-07-04 16:19:00,2016-07-05 16:04:00,65051.0,65434.0,314,-120262.0,signal_reverse,long
2016-07-07 16:04:00,2016-07-08 16:04:00,65095.0,64893.0,311,62822.0,signal_reverse,long
2016-07-11 16:04:00,2016-07-18 16:04:00,65115.0,64093.0,293,299446.0,signal_reverse,long
2016-07-19 16:04:00,2016-07-20 16:04:00,64015.0,64588.0,432,-247536.0,signal_reverse,long
2016-08-01 16:04:00,2016-08-02 16:04:00,67042.0,67141.0,185,-18315.0,signal_reverse,long
2016-08-03 16:04:00,2016-08-11 16:04:00,67518.0,65324.0,228,500232.0,signal_reverse,long
2016-08-15 16:04:00,2016-08-17 16:49:00,64775.0,64588.0,266,49742.0,signal_reverse,long
2016-08-26 16:04:00,2016-08-29 16:04:00,65087.0,65311.0,395,-88480.0,signal_reverse,long
2016-09-05 16:04:00,2016-09-08 10:44:00,65037.0,64121.0,260,238160.0,expiration,long
2016-09-19 16:04:00,2016-09-26 16:04:00,65966.0,64999.0,316,305572.0,signal_reverse,long
2016-09-29 16:04:00,2016-10-05 16:04:00,64387.0,63515.0,271,236312.0,signal_reverse,long
2016-10-10 16:49:00,2016-10-11 16:04:00,63059.0,63319.0,320,-83200.0,signal_reverse,long
2016-10-17 16:04:00,2016-10-21 16:04:00,63775.0,63283.0,426,209592.0,signal_reverse,long
2016-10-24 16:04:00,2016-10-25 16:04:00,62954.0,62916.0,485,18430.0,signal_reverse,long
2016-11-07 16:04:00,2016-11-08 16:04:00,64346.0,64390.0,370,-16280.0,signal_reverse,long
2016-11-08 16:49:00,2016-11-10 16:04:00,64318.0,64413.0,487,-46265.0,signal_reverse,long
2016-11-17 16:04:00,2016-11-17 16:49:00,65048.0,65252.0,186,-37944.0,signal_reverse,long
2016-11-18 16:04:00,2016-11-23 16:49:00,65038.0,64827.0,197,41567.0,signal_reverse,long
2016-11-30 16:04:00,2016-12-06 16:49:00,64536.0,63878.0,231,151998.0,signal_reverse,long
2016-12-21 16:04:00,2016-12-23 16:04:00,62082.0,62145.0,378,-23814.0,signal_reverse,long
2016-12-26 16:04:00,2016-12-27 16:04:00,61874.0,61710.0,393,64452.0,signal_reverse,long
2017-01-03 16:04:00,2017-01-03 16:49:00,61389.0,61449.0,216,-12960.0,signal_reverse,long
2017-01-05 16:04:00,2017-01-09 16:04:00,60400.0,60576.0,223,-39248.0,signal_reverse,long
2017-01-12 16:04:00,2017-01-16 16:04:00,60102.0,60400.0,239,-71222.0,signal_reverse,long
2017-01-17 16:04:00,2017-01-18 16:04:00,59953.0,59992.0,336,-13104.0,signal_reverse,long
2017-01-24 16:04:00,2017-01-26 16:04:00,59976.0,61199.0,447,-546681.0,signal_reverse,long
2017-02-02 16:04:00,2017-02-07 16:04:00,60138.0,59951.0,367,68629.0,signal_reverse,long
2017-02-10 16:04:00,2017-02-16 16:04:00,59065.0,57607.0,371,540918.0,signal_reverse,long
2017-02-27 16:04:00,2017-02-28 16:04:00,57979.0,58484.0,294,-148470.0,signal_reverse,long
2017-03-06 16:04:00,2017-03-09 10:44:00,58250.0,58922.0,277,-186144.0,expiration,long
2017-03-20 16:04:00,2017-03-22 16:04:00,58700.0,59158.0,336,-153888.0,signal_reverse,long
2017-03-24 16:04:00,2017-03-30 16:04:00,58209.0,57164.0,364,380380.0,signal_reverse,long
2017-04-13 16:04:00,2017-04-19 16:04:00,57274.0,57034.0,356,85440.0,signal_reverse,long
2017-04-24 16:04:00,2017-04-26 16:04:00,56657.0,57504.0,406,-343882.0,signal_reverse,long
2017-05-10 16:04:00,2017-05-17 16:04:00,58177.0,57355.0,283,232626.0,signal_reverse,long
2017-05-23 16:04:00,2017-05-26 16:04:00,56570.0,56970.0,348,-139200.0,signal_reverse,long
2017-06-01 16:04:00,2017-06-05 16:04:00,56754.0,56801.0,407,-19129.0,signal_reverse,long
2017-06-23 16:04:00,2017-06-28 16:04:00,60698.0,60708.0,295,-2950.0,signal_reverse,long
2017-06-29 16:04:00,2017-06-30 16:04:00,60097.0,60183.0,332,-28552.0,signal_reverse,long
2017-07-12 16:04:00,2017-07-19 16:04:00,61062.0,59900.0,378,439236.0,signal_reverse,long
2017-07-28 16:49:00,2017-07-31 16:04:00,60193.0,60791.0,452,-270296.0,signal_reverse,long
2017-08-04 16:04:00,2017-08-09 16:04:00,60733.0,60574.0,358,56922.0,signal_reverse,long
2017-08-10 16:04:00,2017-08-11 16:04:00,60267.0,60455.0,460,-86480.0,signal_reverse,long
2017-08-14 16:04:00,2017-08-15 16:04:00,60260.0,60474.0,489,-104646.0,signal_reverse,long
2017-08-16 16:04:00,2017-08-21 16:04:00,59864.0,59336.0,517,272976.0,signal_reverse,long
2017-08-28 16:04:00,2017-08-29 16:04:00,58735.0,59023.0,455,-131040.0,signal_reverse,long
2017-08-31 16:04:00,2017-09-01 16:04:00,58542.0,57717.0,419,345675.0,signal_reverse,long
2017-09-22 16:04:00,2017-09-26 16:04:00,58415.0,58446.0,429,-13299.0,signal_reverse,long
2017-10-04 16:04:00,2017-10-06 16:04:00,58383.0,58840.0,483,-220731.0,signal_reverse,long
2017-10-12 16:04:00,2017-10-17 16:04:00,58454.0,58046.0,656,267648.0,signal_reverse,long
2017-11-02 16:04:00,2017-11-03 16:04:00,58877.0,59116.0,434,-103726.0,signal_reverse,long
2017-11-10 16:04:00,2017-11-13 16:04:00,59560.0,59858.0,433,-129034.0,signal_reverse,long
2017-11-17 16:04:00,2017-11-21 16:04:00,59679.0,59694.0,450,-6750.0,signal_reverse,long
2017-11-22 16:03:00,2017-11-24 16:04:00,58976.0,58702.0,476,130424.0,signal_reverse,long
2017-12-18 16:04:00,2017-12-20 16:04:00,59320.0,59349.0,534,-15486.0,signal_reverse,long
2017-12-21 16:04:00,2017-12-27 16:04:00,59125.0,58311.0,660,537240.0,signal_reverse,long
2018-01-12 16:04:00,2018-01-16 16:49:00,57064.0,56906.0,497,78526.0,signal_reverse,long
2018-01-23 16:04:00,2018-01-29 16:04:00,56908.0,56804.0,693,72072.0,signal_reverse,long
2018-01-30 16:04:00,2018-01-31 16:04:00,56346.0,56550.0,442,-90168.0,signal_reverse,long
2018-02-02 16:04:00,2018-02-02 16:49:00,56576.0,56647.0,498,-35358.0,signal_reverse,long
2018-02-12 16:04:00,2018-02-20 16:04:00,58177.0,56823.0,266,360164.0,signal_reverse,long
2018-02-26 16:04:00,2018-02-28 16:04:00,56060.0,56385.0,469,-152425.0,signal_reverse,long
2018-03-06 16:04:00,2018-03-07 16:04:00,56346.0,56906.0,390,-218400.0,signal_reverse,long
2018-03-21 16:04:00,2018-03-26 16:49:00,58048.0,57740.0,518,159544.0,signal_reverse,long
2018-04-12 16:04:00,2018-04-16 16:04:00,62461.0,62833.0,85,-31620.0,signal_reverse,long
2018-04-17 16:04:00,2018-04-20 16:04:00,62298.0,61932.0,167,61122.0,signal_reverse,long
2018-05-07 16:04:00,2018-05-08 16:04:00,63206.0,63648.0,255,-112710.0,signal_reverse,long
2018-05-10 16:04:00,2018-05-15 16:04:00,62196.0,62660.0,224,-103936.0,signal_reverse,long
2018-05-22 16:04:00,2018-05-23 16:04:00,61626.0,61945.0,242,-77198.0,signal_reverse,long
2018-05-23 16:49:00,2018-05-24 16:04:00,61694.0,61753.0,277,-16343.0,signal_reverse,long
2018-05-31 16:04:00,2018-06-01 16:04:00,62255.0,62270.0,358,-5370.0,signal_reverse,long
2018-06-04 16:04:00,2018-06-05 16:04:00,62076.0,62420.0,379,-130376.0,signal_reverse,long
2018-06-06 16:04:00,2018-06-07 16:49:00,62150.0,62332.0,372,-67704.0,signal_reverse,long
2018-06-20 16:49:00,2018-06-26 16:04:00,64159.0,63594.0,294,166110.0,signal_reverse,long
2018-06-29 16:04:00,2018-07-02 16:04:00,63333.0,63675.0,360,-123120.0,signal_reverse,long
2018-07-06 16:04:00,2018-07-12 16:04:00,63492.0,62457.0,492,509220.0,signal_reverse,long
2018-07-23 16:04:00,2018-08-01 16:04:00,63554.0,63212.0,396,135432.0,signal_reverse,long
2018-08-14 16:04:00,2018-08-16 16:04:00,66972.0,67346.0,176,-65824.0,signal_reverse,long
2018-08-17 16:04:00,2018-08-20 16:04:00,67690.0,67445.0,238,58310.0,signal_reverse,long
2018-08-27 16:04:00,2018-08-28 16:04:00,67236.0,67701.0,254,-118110.0,signal_reverse,long
2018-09-18 16:04:00,2018-09-19 16:49:00,68100.0,67417.0,380,259540.0,signal_reverse,long
2018-10-02 16:04:00,2018-10-03 16:04:00,65882.0,66230.0,353,-122844.0,signal_reverse,long
2018-10-10 16:04:00,2018-10-11 16:04:00,66731.0,66868.0,312,-42744.0,signal_reverse,long
2018-10-11 16:49:00,2018-10-17 16:49:00,66781.0,66031.0,281,210750.0,signal_reverse,long
2018-10-22 16:04:00,2018-10-23 16:04:00,65725.0,65910.0,368,-68080.0,signal_reverse,long
2018-10-29 16:04:00,2018-10-29 16:49:00,65912.0,66044.0,410,-54120.0,signal_reverse,long
2018-11-14 16:04:00,2018-11-21 16:04:00,67979.0,66042.0,280,542360.0,signal_reverse,long
2018-11-30 16:04:00,2018-12-03 16:04:00,67082.0,66742.0,252,85680.0,signal_reverse,long
2018-12-04 16:04:00,2018-12-05 16:04:00,66563.0,66888.0,308,-100100.0,signal_reverse,long
2018-12-25 16:49:00,2018-12-26 16:04:00,69616.0,70011.0,297,-117315.0,signal_reverse,long
2018-12-28 16:04:00,2018-12-28 16:49:00,70116.0,70092.0,289,6936.0,signal_reverse,long
2018-12-29 16:04:00,2018-12-29 16:49:00,70403.0,70522.0,391,-46529.0,signal_reverse,long
