entry_time,exit_time,entry_price,exit_price,direction,pnl_pct,pnl_pts,exit_reason,signal_strength
2016-05-13 15:00:00,2016-05-16 10:00:00,121.0,122.8,long,1.447308306733439,1.751243051147461,hold_expired,1.0
2016-05-16 10:00:00,2016-05-16 14:00:00,122.8,123.37,long,0.42407628599095326,0.5207656921386719,hold_expired,1.0
2016-05-16 14:00:00,2016-05-16 18:00:00,123.37,122.6,long,-0.6640173903439214,-0.8191982727050782,hold_expired,1.0
2016-05-17 16:00:00,2016-05-18 11:00:00,122.2,122.34,long,0.0745428750131579,0.09109139099121094,hold_expired,1.0
2016-05-18 11:00:00,2016-05-18 15:00:00,122.34,122.24,long,-0.12172182106680815,-0.14891447143554687,hold_expired,1.0
2016-05-18 16:00:00,2016-05-19 11:00:00,123.4,121.36,long,-1.6928305442868108,-2.088952917480469,hold_expired,1.0
2016-05-20 11:00:00,2016-05-20 15:00:00,122.1,121.36,long,-0.6459376510374883,-0.7886898620605469,hold_expired,1.0
2016-05-20 16:00:00,2016-05-23 11:00:00,121.58,120.9,long,-0.5991909001493122,-0.7284963073730468,hold_expired,1.0
2016-05-23 17:00:00,2016-05-24 12:00:00,121.56,121.89,long,0.23141809584969966,0.28131183166503904,hold_expired,1.0
2016-05-24 12:00:00,2016-05-24 16:00:00,121.89,123.06,long,0.919688387208956,1.121008169555664,hold_expired,1.0
2016-05-24 16:00:00,2016-05-25 11:00:00,123.06,127.17,long,3.299166822486689,4.059954611206055,hold_expired,1.0
2016-05-25 11:00:00,2016-05-25 15:00:00,127.17,128.12,long,0.7068797377748804,0.8989389495849609,hold_expired,1.0
2016-05-25 15:00:00,2016-05-26 10:00:00,128.12,127.52,long,-0.5082161221998954,-0.6511264709472656,hold_expired,1.0
2016-05-26 12:00:00,2016-05-26 16:00:00,129.7,131.88,long,1.6404718436511727,2.1276919311523437,hold_expired,1.0
2016-05-26 16:00:00,2016-05-27 11:00:00,131.88,132.22,long,0.21775578255786723,0.2871763366699219,hold_expired,1.0
2016-05-27 11:00:00,2016-05-27 15:00:00,132.22,132.41,long,0.10367299891404325,0.1370764404296875,hold_expired,1.0
2016-05-27 16:00:00,2016-05-30 11:00:00,132.72,132.63,long,-0.10779561316716674,-0.14306633911132813,hold_expired,1.0
2016-05-30 13:00:00,2016-05-30 17:00:00,133.65,133.84,long,0.10213576475364562,0.136504443359375,hold_expired,1.0
2016-05-30 17:00:00,2016-05-31 12:00:00,133.84,135.6,long,1.2747473190521217,1.7061217651367186,hold_expired,1.0
2016-05-31 12:00:00,2016-05-31 16:00:00,135.6,134.8,long,-0.6298547331838812,-0.854083056640625,hold_expired,1.0
2016-06-01 15:00:00,2016-06-02 10:00:00,132.15,131.49,long,-0.5393238283524133,-0.71271640625,hold_expired,1.0
2016-06-02 13:00:00,2016-06-02 17:00:00,131.75,131.74,long,-0.04758444393382353,-0.0626925048828125,hold_expired,1.0
2016-06-02 18:00:00,2016-06-03 13:00:00,132.3,132.3,long,-0.04,-0.05292000122070313,hold_expired,1.0
2016-06-06 10:00:00,2016-06-06 14:00:00,133.99,133.74,long,-0.22654376427557651,-0.30354600219726563,hold_expired,1.0
2016-06-06 17:00:00,2016-06-07 12:00:00,134.35,137.71,long,2.460430562461541,3.305588610839844,hold_expired,1.0
2016-06-07 12:00:00,2016-06-07 16:00:00,137.71,139.83,long,1.4991554824102882,2.064487115478516,hold_expired,1.0
2016-06-07 16:00:00,2016-06-08 11:00:00,139.83,139.89,long,0.002898918899040681,0.004053558349609375,hold_expired,1.0
2016-06-08 12:00:00,2016-06-08 16:00:00,139.86,137.8,long,-1.5126051409223245,-2.115529559326172,hold_expired,1.0
2016-06-08 18:00:00,2016-06-09 13:00:00,139.39,137.71,long,-1.2450051543158487,-1.7354126770019531,hold_expired,1.0
2016-06-09 14:00:00,2016-06-09 18:00:00,138.61,139.61,long,0.681304376017248,0.9443559997558594,hold_expired,1.0
2016-06-09 18:00:00,2016-06-10 13:00:00,139.61,136.2,long,-2.48203255244751,-3.4651656616210937,hold_expired,1.0
2016-06-15 10:00:00,2016-06-15 14:00:00,128.53,129.72,long,0.885670623370154,1.13835244140625,hold_expired,1.0
2016-06-15 14:00:00,2016-06-15 18:00:00,129.72,129.89,long,0.09102387508778038,0.118076171875,hold_expired,1.0
2016-06-15 18:00:00,2016-06-16 13:00:00,129.89,126.83,long,-2.3953665204850627,-3.1113415588378905,hold_expired,1.0
2016-06-16 15:00:00,2016-06-17 10:00:00,126.65,129.05,long,1.8546083656837127,2.3488615234375,hold_expired,1.0
2016-06-17 10:00:00,2016-06-17 14:00:00,129.05,130.23,long,0.8741857027100816,1.1281366760253906,hold_expired,1.0
2016-06-17 14:00:00,2016-06-17 18:00:00,130.23,128.7,long,-1.2146086383519243,-1.5817847778320313,hold_expired,1.0
2016-06-20 10:00:00,2016-06-20 14:00:00,132.29,133.22,long,0.6628664125188284,0.8769059326171875,hold_expired,1.0
2016-06-20 14:00:00,2016-06-20 18:00:00,133.22,132.13,long,-0.8580290711885156,-1.143066339111328,hold_expired,1.0
2016-06-21 13:00:00,2016-06-21 17:00:00,132.4,133.29,long,0.6320705647573126,0.8368613891601563,hold_expired,1.0
2016-06-21 17:00:00,2016-06-22 12:00:00,133.29,135.05,long,1.280172445274589,1.7063417663574219,hold_expired,1.0
2016-06-22 12:00:00,2016-06-22 16:00:00,135.05,134.71,long,-0.2917055393866001,-0.39394833984375,hold_expired,1.0
2016-06-22 17:00:00,2016-06-23 12:00:00,134.99,137.44,long,1.7745839337922988,2.395510949707031,hold_expired,1.0
2016-06-23 12:00:00,2016-06-23 16:00:00,137.44,137.79,long,0.2145989838428256,0.2949448486328125,hold_expired,1.0
2016-06-23 16:00:00,2016-06-24 11:00:00,137.79,131.8,long,-4.386318693761659,-6.043908233642578,hold_expired,1.0
2016-06-24 14:00:00,2016-06-24 18:00:00,132.42,133.4,long,0.699918244139937,0.9268317260742187,hold_expired,1.0
2016-06-24 18:00:00,2016-06-27 13:00:00,133.4,131.3,long,-1.6138912636222444,-2.1529308471679687,hold_expired,1.0
2016-06-28 12:00:00,2016-06-28 16:00:00,127.8,129.43,long,1.2351671285096857,1.5785436279296876,hold_expired,1.0
2016-06-28 16:00:00,2016-06-29 11:00:00,129.43,131.87,long,1.8448138599751671,2.387742443847656,hold_expired,1.0
2016-06-29 11:00:00,2016-06-29 15:00:00,131.87,132.75,long,0.6271941415134424,0.8270808837890625,hold_expired,1.0
2016-06-29 15:00:00,2016-06-30 10:00:00,132.75,133.69,long,0.6679581475841573,0.8867144409179688,hold_expired,1.0
2016-06-30 10:00:00,2016-06-30 14:00:00,133.69,131.38,long,-1.7675304936090912,-2.363011560058594,hold_expired,1.0
2016-06-30 17:00:00,2016-07-01 12:00:00,134.33,131.9,long,-1.8486219733602198,-2.4832539306640626,hold_expired,1.0
2016-07-01 16:00:00,2016-07-04 11:00:00,133.23,135.14,long,1.3933271204798428,1.8563296630859374,hold_expired,1.0
2016-07-04 11:00:00,2016-07-04 15:00:00,135.14,134.25,long,-0.698444129673738,-0.943877392578125,hold_expired,1.0
2016-07-05 15:00:00,2016-07-06 10:00:00,132.45,130.5,long,-1.5119569624951743,-2.0025869506835936,hold_expired,1.0
2016-07-06 18:00:00,2016-07-07 13:00:00,129.36,131.25,long,1.4207462769840584,1.837877392578125,hold_expired,1.0
2016-07-07 13:00:00,2016-07-07 17:00:00,131.25,133.1,long,1.3692465541294643,1.797136102294922,hold_expired,1.0
2016-07-07 17:00:00,2016-07-08 12:00:00,133.1,131.42,long,-1.3019623283328987,-1.7329119384765626,hold_expired,1.0
2016-07-08 14:00:00,2016-07-08 18:00:00,133.04,134.41,long,0.9895673782121134,1.3165203735351563,hold_expired,1.0
2016-07-08 18:00:00,2016-07-11 13:00:00,134.41,137.09,long,1.953494981208338,2.62569267578125,hold_expired,1.0
2016-07-11 13:00:00,2016-07-11 17:00:00,137.09,137.2,long,0.04022366052894317,0.05514261474609375,hold_expired,1.0
2016-07-12 10:00:00,2016-07-12 14:00:00,139.0,139.3,long,0.17578636992749552,0.24434305419921876,hold_expired,1.0
2016-07-12 14:00:00,2016-07-12 18:00:00,139.3,140.4,long,0.7494980756728572,1.0440508422851562,hold_expired,1.0
2016-07-12 18:00:00,2016-07-13 13:00:00,140.4,138.08,long,-1.6920855874644913,-2.3756880615234377,hold_expired,1.0
2016-07-13 15:00:00,2016-07-14 10:00:00,140.2,138.76,long,-1.0669004794982058,-1.4957944396972656,hold_expired,1.0
2016-07-14 12:00:00,2016-07-14 16:00:00,139.4,139.79,long,0.23971406297786335,0.33416138916015625,hold_expired,1.0
2016-07-14 16:00:00,2016-07-15 11:00:00,139.79,137.88,long,-1.4060537193668523,-1.9655223999023437,hold_expired,1.0
2016-07-15 15:00:00,2016-07-18 10:00:00,139.39,139.42,long,-0.01848283257597676,-0.02576322021484375,hold_expired,1.0
2016-07-18 11:00:00,2016-07-18 15:00:00,139.7,138.32,long,-1.0276260982751233,-1.4355936279296875,hold_expired,1.0
2016-07-18 17:00:00,2016-07-19 12:00:00,139.35,139.32,long,-0.061523342825500565,-0.08573278198242187,hold_expired,1.0
2016-07-19 16:00:00,2016-07-20 11:00:00,139.71,139.35,long,-0.29762550274218047,-0.4158126098632813,hold_expired,1.0
2016-07-20 12:00:00,2016-07-20 16:00:00,139.42,137.68,long,-1.2877818905904754,-1.79542548828125,hold_expired,1.0
2016-07-20 17:00:00,2016-07-21 12:00:00,138.7,138.14,long,-0.4436665979819454,-0.6153655578613282,hold_expired,1.0
2016-07-21 15:00:00,2016-07-22 10:00:00,138.72,138.12,long,-0.4724438415629083,-0.6553741027832032,hold_expired,1.0
2016-07-22 13:00:00,2016-07-22 17:00:00,138.6,137.84,long,-0.5882379005844798,-0.8152977661132812,hold_expired,1.0
2016-07-26 16:00:00,2016-07-27 11:00:00,134.6,135.98,long,0.9850472217555405,1.3258736206054687,hold_expired,1.0
2016-07-27 11:00:00,2016-07-27 15:00:00,135.98,137.31,long,0.9378907747611677,1.2753438354492188,hold_expired,1.0
2016-07-27 15:00:00,2016-07-28 10:00:00,137.31,136.03,long,-0.9720099062669607,-1.334666778564453,hold_expired,1.0
2016-07-28 14:00:00,2016-07-28 18:00:00,136.41,136.85,long,0.28249426662845534,0.38535043945312497,hold_expired,1.0
2016-07-28 18:00:00,2016-07-29 13:00:00,136.85,137.0,long,0.06958267520400616,0.09522389526367186,hold_expired,1.0
2016-07-29 13:00:00,2016-07-29 17:00:00,137.0,139.69,long,1.9231127305970577,2.6346644409179687,hold_expired,1.0
2016-07-29 17:00:00,2016-08-01 12:00:00,139.69,139.96,long,0.15324952669244862,0.214074267578125,hold_expired,1.0
2016-08-01 12:00:00,2016-08-01 16:00:00,139.96,137.9,long,-1.5115638132100158,-2.115584814453125,hold_expired,1.0
2016-08-03 12:00:00,2016-08-03 16:00:00,135.5,135.2,long,-0.26136018760089946,-0.35414305419921877,hold_expired,1.0
2016-08-03 17:00:00,2016-08-04 12:00:00,135.94,137.11,long,0.8205003320251378,1.1153881713867186,hold_expired,1.0
2016-08-04 12:00:00,2016-08-04 16:00:00,137.11,136.53,long,-0.4629347466697145,-0.634729833984375,hold_expired,1.0
2016-08-04 17:00:00,2016-08-05 12:00:00,137.16,137.65,long,0.317168433397657,0.43502823486328124,hold_expired,1.0
2016-08-05 12:00:00,2016-08-05 16:00:00,137.65,138.26,long,0.40306475868054975,0.5548186157226562,hold_expired,1.0
2016-08-05 16:00:00,2016-08-08 11:00:00,138.26,139.38,long,0.769913507405965,1.064482373046875,hold_expired,1.0
2016-08-08 11:00:00,2016-08-08 15:00:00,139.38,138.25,long,-0.8505745747288714,-1.1855308837890626,hold_expired,1.0
2016-08-08 17:00:00,2016-08-09 12:00:00,139.74,139.67,long,-0.09008824960818415,-0.1258893249511719,hold_expired,1.0
2016-08-09 17:00:00,2016-08-10 12:00:00,139.44,139.08,long,-0.29812435956639827,-0.4157046142578125,hold_expired,1.0
2016-08-10 13:00:00,2016-08-10 17:00:00,139.35,138.92,long,-0.3485194956617299,-0.4856619384765625,hold_expired,1.0
2016-08-11 13:00:00,2016-08-11 17:00:00,139.19,139.37,long,0.08928850785949854,0.12428067626953124,hold_expired,1.0
2016-08-11 17:00:00,2016-08-12 12:00:00,139.37,140.44,long,0.7275922797115578,1.0140453247070313,hold_expired,1.0
2016-08-12 12:00:00,2016-08-12 16:00:00,140.44,139.56,long,-0.6664802524501634,-0.9360048828125,hold_expired,1.0
2016-08-15 10:00:00,2016-08-15 14:00:00,140.3,139.35,long,-0.7169828447928867,-1.005926953125,hold_expired,1.0
2016-08-15 16:00:00,2016-08-16 11:00:00,139.73,139.66,long,-0.09008092192660647,-0.125870068359375,hold_expired,1.0
2016-08-16 12:00:00,2016-08-16 16:00:00,140.99,138.79,long,-1.600090870906797,-2.2559682067871094,hold_expired,1.0
2016-08-17 14:00:00,2016-08-17 18:00:00,138.42,138.44,long,-0.02555102230691244,-0.035367724609375005,hold_expired,1.0
2016-08-18 10:00:00,2016-08-18 14:00:00,139.57,138.86,long,-0.5486083486573534,-0.7656927124023437,hold_expired,1.0
2016-08-19 15:00:00,2016-08-22 10:00:00,136.27,135.36,long,-0.7076609913050547,-0.9643296630859375,hold_expired,1.0
2016-08-22 14:00:00,2016-08-22 18:00:00,135.82,137.37,long,1.100979025064318,1.4953497924804688,hold_expired,1.0
2016-08-22 18:00:00,2016-08-23 13:00:00,137.37,138.63,long,0.8770545304287167,1.204809765625,hold_expired,1.0
2016-08-23 13:00:00,2016-08-23 17:00:00,138.63,139.99,long,0.9408328394929102,1.304276611328125,hold_expired,1.0
2016-08-23 17:00:00,2016-08-24 12:00:00,139.99,139.75,long,-0.21141044331581899,-0.2959534912109375,hold_expired,1.0
2016-08-24 16:00:00,2016-08-24 18:00:00,138.95,139.5,short,-0.4359072094293278,-0.6056930541992187,signal_reverse,-1.0
2016-08-24 18:00:00,2016-08-25 13:00:00,139.5,140.34,long,0.5620274828839046,0.7840283386230469,hold_expired,1.0
2016-08-25 13:00:00,2016-08-25 17:00:00,140.34,140.94,long,0.3874519865673943,0.5437501037597656,hold_expired,1.0
2016-08-25 17:00:00,2016-08-26 12:00:00,140.94,144.14,long,2.230013403136464,3.1429809448242185,hold_expired,1.0
2016-08-26 12:00:00,2016-08-26 16:00:00,144.14,144.57,long,0.2582669153268471,0.37226593017578125,hold_expired,1.0
2016-08-26 16:00:00,2016-08-29 11:00:00,144.57,143.05,long,-1.0911864090499381,-1.577528271484375,hold_expired,1.0
2016-08-29 17:00:00,2016-08-30 12:00:00,143.1,144.8,long,1.1477406522060412,1.642416943359375,hold_expired,1.0
2016-08-30 12:00:00,2016-08-30 16:00:00,144.8,144.88,long,0.015238834291767218,0.022065832519531245,hold_expired,1.0
2016-08-31 12:00:00,2016-08-31 13:00:00,143.96,143.2,long,-0.5678255961616876,-0.8174417663574218,end_of_data,1.0
2016-09-02 13:00:00,2016-09-02 17:00:00,144.03,146.45,short,-1.7205402944121027,-2.4780941650390624,hold_expired,-1.0
2016-09-05 15:00:00,2016-09-06 10:00:00,149.11,150.2,short,-0.7711476981393814,-1.1498583374023437,hold_expired,-1.0
2016-09-06 14:00:00,2016-09-06 18:00:00,150.01,150.64,short,-0.46005926729125207,-0.6901348815917969,hold_expired,-1.0
2016-09-07 17:00:00,2016-09-08 12:00:00,153.87,154.05,short,-0.15701042361660383,-0.24159193115234376,hold_expired,-1.0
2016-09-08 13:00:00,2016-09-08 17:00:00,154.03,152.92,short,0.6807833644228397,1.0486106079101563,hold_expired,-1.0
2016-09-08 17:00:00,2016-09-09 12:00:00,152.92,152.26,short,0.3916869413721036,0.5989676635742187,hold_expired,-1.0
2016-09-09 12:00:00,2016-09-09 16:00:00,152.26,151.55,short,0.42639529685340827,0.6492294555664062,hold_expired,-1.0
2016-09-09 16:00:00,2016-09-12 11:00:00,151.55,149.99,short,0.9895674870904404,1.4996895568847657,hold_expired,-1.0
2016-09-12 11:00:00,2016-09-12 15:00:00,149.99,150.19,short,-0.1733668492926317,-0.26003294677734373,hold_expired,-1.0
2016-09-13 11:00:00,2016-09-13 15:00:00,150.07,149.42,short,0.3932239144572418,0.5901111572265625,hold_expired,-1.0
2016-09-13 15:00:00,2016-09-14 10:00:00,149.42,149.76,short,-0.2675895739027524,-0.39983233642578125,hold_expired,-1.0
2016-09-14 15:00:00,2016-09-15 10:00:00,150.16,149.76,short,0.22644189557728847,0.34002515869140626,hold_expired,-1.0
2016-09-15 10:00:00,2016-09-15 14:00:00,149.76,149.24,short,0.3072843419815091,0.460189013671875,hold_expired,-1.0
2016-09-15 14:00:00,2016-09-15 18:00:00,149.24,149.14,short,0.027023653882745143,0.040330102539062496,hold_expired,-1.0
2016-09-15 18:00:00,2016-09-16 13:00:00,149.14,148.74,short,0.22825392041099896,0.3404178955078125,hold_expired,-1.0
2016-09-16 13:00:00,2016-09-16 17:00:00,148.74,147.86,short,0.5517580014003124,0.8206848815917969,hold_expired,-1.0
2016-09-19 11:00:00,2016-09-19 15:00:00,148.58,149.15,short,-0.42370309177897575,-0.6295380615234375,hold_expired,-1.0
2016-09-19 15:00:00,2016-09-20 10:00:00,149.15,148.04,long,-0.7840688291623247,-1.1694386108398438,hold_expired,1.0
2016-09-20 13:00:00,2016-09-20 17:00:00,147.39,148.56,short,-0.8339698598798202,-1.2291881713867188,hold_expired,-1.0
2016-09-22 10:00:00,2016-09-22 14:00:00,152.05,152.7,long,0.3874014368048808,0.5890438964843749,hold_expired,1.0
2016-09-22 14:00:00,2016-09-22 18:00:00,152.7,154.18,long,0.9290240700157595,1.4186197265625,hold_expired,1.0
2016-09-22 18:00:00,2016-09-23 11:00:00,154.18,151.87,long,-1.5379476383415442,-2.371207556152344,signal_reverse,1.0
2016-09-23 11:00:00,2016-09-23 15:00:00,151.87,150.51,short,0.8556822619058144,1.299524609375,hold_expired,-1.0
2016-09-23 15:00:00,2016-09-26 10:00:00,150.51,149.95,short,0.33214110593833646,0.49990556030273436,hold_expired,-1.0
2016-09-26 10:00:00,2016-09-26 14:00:00,149.95,149.7,short,0.1267555885888474,0.1900700012207031,hold_expired,-1.0
2016-09-26 14:00:00,2016-09-26 18:00:00,149.7,149.1,short,0.3608756567675483,0.5402308471679688,hold_expired,-1.0
2016-09-26 18:00:00,2016-09-27 13:00:00,149.1,147.81,short,0.825369881832913,1.230626544189453,hold_expired,-1.0
2016-09-27 13:00:00,2016-09-27 17:00:00,147.81,147.71,short,0.02766175596755858,0.0408868408203125,hold_expired,-1.0
2016-09-27 18:00:00,2016-09-28 13:00:00,147.53,148.9,short,-0.9688071087568053,-1.4292811157226561,hold_expired,-1.0
2016-09-28 17:00:00,2016-09-29 12:00:00,146.94,150.06,short,-2.163736943216205,-3.1793951171875,hold_expired,-1.0
2016-09-30 10:00:00,2016-09-30 14:00:00,145.87,145.18,short,0.4331202200562861,0.6317924438476562,hold_expired,-1.0
2016-09-30 14:00:00,2016-09-30 18:00:00,145.18,145.34,short,-0.15023258776379167,-0.21810765991210937,hold_expired,-1.0
2016-10-03 16:00:00,2016-10-03 17:00:00,147.93,148.53,short,-0.44568250824673994,-0.6592981018066406,signal_reverse,-1.0
2016-10-03 17:00:00,2016-10-04 10:00:00,148.53,147.54,long,-0.7064024124769289,-1.0492194946289062,signal_reverse,1.0
2016-10-04 10:00:00,2016-10-04 14:00:00,147.54,147.27,short,0.14303038075303376,0.21102701416015623,hold_expired,-1.0
2016-10-04 14:00:00,2016-10-04 18:00:00,147.27,148.1,short,-0.6037046270693832,-0.889075830078125,hold_expired,-1.0
2016-10-05 11:00:00,2016-10-05 15:00:00,147.42,146.7,short,0.44849900277570853,0.6611772216796875,hold_expired,-1.0
2016-10-05 15:00:00,2016-10-06 10:00:00,146.7,148.24,short,-1.0899772179097622,-1.5989965454101562,hold_expired,-1.0
2016-10-06 15:00:00,2016-10-07 10:00:00,149.02,150.25,short,-0.8655547540362527,-1.2898497314453126,hold_expired,-1.0
2016-10-07 18:00:00,2016-10-10 13:00:00,148.74,149.9,long,0.739720559201668,1.100260400390625,hold_expired,1.0
2016-10-10 14:00:00,2016-10-10 18:00:00,149.93,151.27,long,0.8535794415769404,1.2797715942382812,hold_expired,1.0
2016-10-10 18:00:00,2016-10-11 13:00:00,151.27,151.3,long,-0.02017268546711089,-0.03051522216796875,hold_expired,1.0
2016-10-12 15:00:00,2016-10-13 10:00:00,150.51,147.43,short,2.0067862207178697,3.0204138305664063,hold_expired,-1.0
2016-10-13 11:00:00,2016-10-13 15:00:00,146.93,146.86,short,0.00764586563956896,0.011234069824218748,hold_expired,-1.0
2016-10-14 11:00:00,2016-10-14 15:00:00,147.26,147.39,long,0.04826489656693812,0.07107488403320313,hold_expired,1.0
2016-10-14 15:00:00,2016-10-17 10:00:00,147.39,145.88,long,-1.0642842236502223,-1.5686485107421875,hold_expired,1.0
2016-10-17 14:00:00,2016-10-17 18:00:00,146.28,146.46,long,0.08303249763263454,0.1214599365234375,hold_expired,1.0
2016-10-17 18:00:00,2016-10-18 13:00:00,146.46,147.72,long,0.8201273065946492,1.2011585083007812,hold_expired,1.0
2016-10-18 13:00:00,2016-10-18 17:00:00,147.72,147.78,long,0.0006076080329900555,0.0008975585937500002,hold_expired,1.0
2016-10-18 18:00:00,2016-10-19 13:00:00,147.74,148.81,long,0.6840950523166577,1.0106820678710937,hold_expired,1.0
2016-10-19 13:00:00,2016-10-19 17:00:00,148.81,148.95,long,0.05406047242466787,0.0804473876953125,hold_expired,1.0
2016-10-19 17:00:00,2016-10-20 12:00:00,148.95,148.42,long,-0.3957521251411271,-0.5894727783203125,hold_expired,1.0
2016-10-20 13:00:00,2016-10-20 17:00:00,148.73,148.75,long,-0.02655262876841471,-0.0394917236328125,hold_expired,1.0
2016-10-21 13:00:00,2016-10-21 17:00:00,148.44,148.4,long,-0.06694728008286044,-0.09937654418945313,hold_expired,1.0
2016-10-24 10:00:00,2016-10-24 14:00:00,149.74,149.8,long,5.980825529601568e-05,8.955688476561946e-05,hold_expired,1.0
2016-10-25 11:00:00,2016-10-25 15:00:00,150.28,151.65,long,0.8714460535600965,1.3096091186523438,hold_expired,1.0
2016-10-25 15:00:00,2016-10-26 10:00:00,151.65,150.74,long,-0.6399383088089249,-0.97046640625,hold_expired,1.0
2016-10-26 17:00:00,2016-10-27 12:00:00,150.87,150.8,long,-0.08638302262188624,-0.13032606201171876,hold_expired,1.0
2016-10-27 13:00:00,2016-10-27 17:00:00,151.11,149.84,long,-0.8802820922040423,-1.3301942749023437,hold_expired,1.0
2016-10-28 18:00:00,2016-10-31 13:00:00,149.2,147.89,long,-0.9178388645251658,-1.369415557861328,hold_expired,1.0
2016-10-31 16:00:00,2016-11-01 11:00:00,148.25,147.82,long,-0.32998764063817454,-0.48920667724609374,hold_expired,1.0
2016-11-03 13:00:00,2016-11-03 17:00:00,142.68,143.0,long,0.18423839303169096,0.2628713256835937,hold_expired,1.0
2016-11-03 17:00:00,2016-11-07 12:00:00,143.0,144.53,long,1.0297152304482626,1.4724927795410157,hold_expired,1.0
2016-11-07 12:00:00,2016-11-07 16:00:00,144.53,144.03,long,-0.38587975107048017,-0.5577119995117188,hold_expired,1.0
2016-11-08 11:00:00,2016-11-08 15:00:00,145.46,145.25,long,-0.18434532234636233,-0.26814871826171877,hold_expired,1.0
2016-11-08 16:00:00,2016-11-09 11:00:00,145.8,147.85,long,1.3657565193384216,1.991273046875,hold_expired,1.0
2016-11-09 11:00:00,2016-11-09 15:00:00,147.85,149.87,long,1.3259688417294684,1.9604450134277345,hold_expired,1.0
2016-11-09 15:00:00,2016-11-10 10:00:00,149.87,152.82,long,1.9279871226282546,2.889474206542969,hold_expired,1.0
2016-11-10 10:00:00,2016-11-10 14:00:00,152.82,154.33,long,0.9478893027925919,1.448564501953125,hold_expired,1.0
2016-11-10 14:00:00,2016-11-10 18:00:00,154.33,153.36,long,-0.6683983729363485,-1.0315392211914063,hold_expired,1.0
2016-11-11 12:00:00,2016-11-11 16:00:00,152.7,151.81,short,0.5429583524984194,0.8290973876953125,hold_expired,-1.0
2016-11-11 16:00:00,2016-11-14 11:00:00,151.81,151.69,short,0.039058769607458826,0.059295117187499996,hold_expired,-1.0
2016-11-14 12:00:00,2016-11-14 16:00:00,150.19,149.78,short,0.2330445809812034,0.35000966186523436,hold_expired,-1.0
2016-11-14 18:00:00,2016-11-15 13:00:00,150.4,150.02,long,-0.2926021532343663,-0.44007362060546873,hold_expired,1.0
2016-11-15 16:00:00,2016-11-16 11:00:00,150.58,151.54,long,0.5974016769265081,0.8995674560546875,hold_expired,1.0
2016-11-16 11:00:00,2016-11-16 15:00:00,151.54,150.67,long,-0.6139878294185317,-0.9304371154785156,hold_expired,1.0
2016-11-17 16:00:00,2016-11-18 11:00:00,150.18,150.15,long,-0.05997122186959089,-0.09006477661132813,hold_expired,1.0
2016-11-18 13:00:00,2016-11-18 17:00:00,150.29,150.07,long,-0.18634504723889414,-0.280057958984375,hold_expired,1.0
2016-11-21 10:00:00,2016-11-21 14:00:00,151.75,152.74,long,0.6122619407691515,0.9291074951171875,hold_expired,1.0
2016-11-21 14:00:00,2016-11-22 12:00:00,152.74,155.28,long,1.6226196105102824,2.4783892822265625,hold_expired,1.0
2016-11-22 12:00:00,2016-11-22 16:00:00,155.28,154.84,long,-0.3233039956055316,-0.5020264404296875,hold_expired,1.0
2016-11-23 11:00:00,2016-11-23 15:00:00,155.1,154.95,long,-0.1366983523459871,-0.21201915283203127,hold_expired,1.0
2016-11-23 18:00:00,2016-11-24 13:00:00,155.23,159.03,long,2.4074928510364484,3.7371510498046874,hold_expired,1.0
2016-11-24 13:00:00,2016-11-24 17:00:00,159.03,160.5,long,0.8841697992456481,1.4060952209472657,hold_expired,1.0
2016-11-24 18:00:00,2016-11-25 13:00:00,161.15,160.15,long,-0.6604157852107815,-1.0642599975585938,hold_expired,1.0
2016-11-25 15:00:00,2016-11-28 10:00:00,160.0,159.11,short,0.5163608703613282,0.8261773925781251,hold_expired,-1.0
2016-11-28 10:00:00,2016-11-28 14:00:00,159.11,159.72,short,-0.42345962616110794,-0.6737666137695313,hold_expired,-1.0
2016-11-28 16:00:00,2016-11-29 11:00:00,159.49,159.62,short,-0.12151960274529992,-0.19381162109375,hold_expired,-1.0
2016-11-29 12:00:00,2016-11-29 16:00:00,158.21,157.8,short,0.2192033660572828,0.34680166015625,hold_expired,-1.0
2016-11-29 16:00:00,2016-11-30 10:00:00,157.8,158.78,short,-0.6611607799619806,-1.0433117309570312,signal_reverse,-1.0
2016-11-30 10:00:00,2016-11-30 14:00:00,158.78,158.5,long,-0.216308591568976,-0.34345477905273436,hold_expired,1.0
2016-11-30 15:00:00,2016-12-01 10:00:00,158.98,159.52,long,0.2996028165318206,0.476308544921875,hold_expired,1.0
2016-12-01 10:00:00,2016-12-01 14:00:00,159.52,158.88,long,-0.44112297873899387,-0.7036793945312501,hold_expired,1.0
2016-12-01 16:00:00,2016-12-02 11:00:00,159.4,158.43,long,-0.6484110775366685,-1.0335672180175781,hold_expired,1.0
2016-12-02 15:00:00,2016-12-02 18:00:00,157.88,159.4,short,-1.0029420854167426,-1.5834450134277345,signal_reverse,-1.0
2016-12-02 18:00:00,2016-12-05 13:00:00,159.4,160.84,long,0.863208592249339,1.3759544433593751,hold_expired,1.0
2016-12-05 18:00:00,2016-12-06 13:00:00,162.02,161.52,short,0.26866558870039703,0.4352919982910156,hold_expired,-1.0
2016-12-06 14:00:00,2016-12-06 18:00:00,161.59,159.35,short,1.3464956267076313,2.175802233886719,hold_expired,-1.0
2016-12-06 18:00:00,2016-12-07 13:00:00,159.35,159.83,short,-0.3412812709407361,-0.5438317260742187,hold_expired,-1.0
2016-12-07 16:00:00,2016-12-08 11:00:00,159.88,162.97,short,-1.9730837145167313,-3.1545663391113283,hold_expired,-1.0
2016-12-08 14:00:00,2016-12-08 18:00:00,164.85,168.98,long,2.46480040653078,4.063223620605469,hold_expired,1.0
2016-12-09 16:00:00,2016-12-12 11:00:00,169.09,174.16,short,-3.039007295233616,-5.13865732421875,hold_expired,-1.0
2016-12-12 14:00:00,2016-12-12 18:00:00,176.19,175.4,long,-0.4882947569488589,-0.8603265441894531,hold_expired,1.0
2016-12-12 18:00:00,2016-12-13 13:00:00,175.4,174.0,short,0.7583317810661213,1.3301138977050782,hold_expired,-1.0
2016-12-13 13:00:00,2016-12-13 17:00:00,174.0,177.19,short,-1.8737014033876616,-3.260240441894531,hold_expired,-1.0
2016-12-14 11:00:00,2016-12-14 15:00:00,174.2,173.55,short,0.3332054573208947,0.580443896484375,hold_expired,-1.0
2016-12-14 15:00:00,2016-12-15 10:00:00,173.55,172.83,short,0.37494970226678515,0.6507252197265625,hold_expired,-1.0
2016-12-15 10:00:00,2016-12-15 14:00:00,172.83,172.6,short,0.09310289145353319,0.16090972900390627,hold_expired,-1.0
2016-12-15 14:00:00,2016-12-15 18:00:00,172.6,174.92,short,-1.3844125056999441,-2.3894960693359373,hold_expired,-1.0
2016-12-16 13:00:00,2016-12-16 17:00:00,174.36,175.95,short,-0.9520866779027689,-1.6600583374023437,hold_expired,-1.0
2016-12-16 18:00:00,2016-12-19 13:00:00,173.9,175.27,short,-0.8279726412271611,-1.4398443725585937,hold_expired,-1.0
2016-12-19 16:00:00,2016-12-20 11:00:00,175.3,174.44,long,-0.5304897844889754,-0.9299486083984375,hold_expired,1.0
2016-12-20 11:00:00,2016-12-20 12:00:00,174.44,175.12,short,-0.4298926076573858,-0.7499046752929688,signal_reverse,-1.0
2016-12-20 12:00:00,2016-12-20 16:00:00,175.12,176.5,long,0.7478762678771462,1.3096808837890626,hold_expired,1.0
2016-12-21 10:00:00,2016-12-21 14:00:00,179.21,177.1,long,-1.217154471371657,-2.1812626098632815,hold_expired,1.0
2016-12-22 10:00:00,2016-12-22 14:00:00,173.88,172.16,short,0.9493864576934552,1.6507932189941406,hold_expired,-1.0
2016-12-22 14:00:00,2016-12-22 16:00:00,172.16,171.43,short,0.3841153421200179,0.6612929870605468,end_of_data,-1.0
2016-12-26 17:00:00,2016-12-27 12:00:00,171.59,170.87,short,0.37968951355950503,0.6515092224121094,hold_expired,-1.0
2016-12-27 12:00:00,2016-12-27 16:00:00,170.87,172.25,short,-0.8477959403243539,-1.4486288818359374,hold_expired,-1.0
2016-12-27 18:00:00,2016-12-28 13:00:00,172.27,172.03,long,-0.17929150929500004,-0.30886549072265623,hold_expired,1.0
2016-12-28 14:00:00,2016-12-28 18:00:00,171.67,170.1,long,-0.9543578300289808,-1.6383460693359375,hold_expired,1.0
2016-12-30 11:00:00,2016-12-30 15:00:00,170.84,171.9,short,-0.660586268339977,-1.128545556640625,hold_expired,-1.0
2017-01-04 10:00:00,2017-01-04 14:00:00,178.04,175.1,short,1.6116374342230382,2.8693591796875,hold_expired,-1.0
2017-01-04 14:00:00,2017-01-04 18:00:00,175.1,175.95,short,-0.5255287322726602,-0.9202008422851562,hold_expired,-1.0
2017-01-05 12:00:00,2017-01-05 16:00:00,175.67,173.09,short,1.4289576223979952,2.5102498291015625,hold_expired,-1.0
2017-01-05 16:00:00,2017-01-06 11:00:00,173.09,170.58,short,1.4103995389128663,2.4412605102539064,hold_expired,-1.0
2017-01-06 11:00:00,2017-01-06 15:00:00,170.58,171.25,short,-0.43285506181115513,-0.7383641723632812,hold_expired,-1.0
2017-01-09 12:00:00,2017-01-09 16:00:00,170.58,168.85,short,0.9743872148917478,1.6621097290039062,hold_expired,-1.0
2017-01-09 16:00:00,2017-01-10 11:00:00,168.85,171.08,short,-1.3609604045056485,-2.2979817260742186,hold_expired,-1.0
2017-01-11 14:00:00,2017-01-11 18:00:00,171.43,169.05,short,1.348593435631815,2.3118936279296873,hold_expired,-1.0
2017-01-11 18:00:00,2017-01-12 13:00:00,169.05,169.77,short,-0.4659953906814067,-0.7877652221679687,hold_expired,-1.0
2017-01-12 14:00:00,2017-01-12 18:00:00,169.6,168.27,short,0.7443560062496256,1.26242783203125,hold_expired,-1.0
2017-01-12 18:00:00,2017-01-13 13:00:00,168.27,164.83,short,2.004743777579873,3.373382440185547,hold_expired,-1.0
2017-01-13 13:00:00,2017-01-13 17:00:00,164.83,165.53,short,-0.4647630509024051,-0.7660689453125,hold_expired,-1.0
2017-01-16 17:00:00,2017-01-17 12:00:00,164.7,165.55,short,-0.5561967944683691,-0.9160561035156249,hold_expired,-1.0
2017-01-17 16:00:00,2017-01-18 11:00:00,165.28,167.75,short,-1.5347333247782684,-2.5366072204589845,hold_expired,-1.0
2017-01-18 13:00:00,2017-01-18 17:00:00,165.02,165.5,short,-0.3309294129841732,-0.5460997314453125,hold_expired,-1.0
2017-01-19 11:00:00,2017-01-19 15:00:00,164.99,165.08,short,-0.09455744842794896,-0.15601033935546876,hold_expired,-1.0
2017-01-19 16:00:00,2017-01-20 11:00:00,165.51,166.37,short,-0.5597103752485857,-0.926376611328125,hold_expired,-1.0
2017-01-20 14:00:00,2017-01-20 18:00:00,167.27,167.49,long,0.0914983050402168,0.15304921875,hold_expired,1.0
2017-01-23 10:00:00,2017-01-23 14:00:00,165.65,165.97,short,-0.23322145335158187,-0.3863313232421875,hold_expired,-1.0
2017-01-24 15:00:00,2017-01-25 10:00:00,170.15,170.04,long,-0.10463627224586244,-0.17803861083984374,hold_expired,1.0
2017-01-26 10:00:00,2017-01-26 14:00:00,169.6,173.7,short,-2.457930832703399,-4.168650842285157,hold_expired,-1.0
2017-01-26 17:00:00,2017-01-27 12:00:00,173.34,174.55,short,-0.7381935755338244,-1.279584716796875,hold_expired,-1.0
2017-01-30 12:00:00,2017-01-30 16:00:00,175.67,175.09,short,0.29023159014963373,0.5098498291015625,hold_expired,-1.0
2017-01-30 16:00:00,2017-01-31 11:00:00,175.09,172.46,short,1.462379165011576,2.560479626464844,hold_expired,-1.0
2017-01-31 11:00:00,2017-01-31 15:00:00,172.46,172.66,short,-0.1559903379291667,-0.269020947265625,hold_expired,-1.0
2017-01-31 18:00:00,2017-02-01 13:00:00,172.2,173.31,short,-0.6847285907090278,-1.1791026123046875,hold_expired,-1.0
2017-02-02 11:00:00,2017-02-02 15:00:00,173.53,173.1,short,0.2078411095152483,0.3606666748046875,hold_expired,-1.0
2017-02-02 15:00:00,2017-02-03 10:00:00,173.1,172.89,short,0.08134529801004596,0.1408087158203125,hold_expired,-1.0
2017-02-03 10:00:00,2017-02-03 14:00:00,172.89,173.25,short,-0.24826688344991082,-0.42922861328125,hold_expired,-1.0
2017-02-06 11:00:00,2017-02-06 15:00:00,172.82,172.76,short,-0.005267437593656753,-0.009103186035156252,hold_expired,-1.0
2017-02-06 16:00:00,2017-02-07 11:00:00,172.3,172.88,short,-0.37669055025778325,-0.6490378295898438,hold_expired,-1.0
2017-02-07 12:00:00,2017-02-07 16:00:00,171.97,173.34,short,-0.8368070631414135,-1.4390571166992188,hold_expired,-1.0
2017-02-07 18:00:00,2017-02-08 13:00:00,173.47,172.21,short,0.6864924770396876,1.1908585083007812,hold_expired,-1.0
2017-02-08 13:00:00,2017-02-08 17:00:00,172.21,171.41,short,0.4246437629779669,0.731279052734375,hold_expired,-1.0
2017-02-08 17:00:00,2017-02-09 12:00:00,171.41,169.55,short,1.0453349090926571,1.7918086059570313,hold_expired,-1.0
2017-02-09 12:00:00,2017-02-09 16:00:00,169.55,168.44,short,0.6148054223192657,1.0424026123046874,hold_expired,-1.0
2017-02-09 16:00:00,2017-02-10 11:00:00,168.44,167.12,short,0.7438229081852838,1.2528953247070311,hold_expired,-1.0
2017-02-10 11:00:00,2017-02-10 15:00:00,167.12,165.81,short,0.744023214688758,1.2434115600585938,hold_expired,-1.0
2017-02-10 15:00:00,2017-02-13 10:00:00,165.81,166.84,short,-0.6613164430502338,-1.0965287780761719,hold_expired,-1.0
2017-02-13 11:00:00,2017-02-13 15:00:00,165.26,164.75,short,0.26866302773866235,0.4439925048828125,hold_expired,-1.0
2017-02-13 15:00:00,2017-02-14 10:00:00,164.75,164.58,short,0.06320617027456374,0.10413216552734375,hold_expired,-1.0
2017-02-14 10:00:00,2017-02-14 14:00:00,164.58,162.76,short,1.0660707895435853,1.7545393249511718,hold_expired,-1.0
2017-02-14 14:00:00,2017-02-14 18:00:00,162.76,162.7,short,-0.0031300318685201596,-0.005094439697265626,hold_expired,-1.0
2017-02-15 10:00:00,2017-02-15 14:00:00,160.76,164.77,short,-2.534906633881214,-4.075115765380859,hold_expired,-1.0
2017-02-15 16:00:00,2017-02-16 11:00:00,164.5,163.25,short,0.7200303951367781,1.18445,hold_expired,-1.0
2017-02-16 11:00:00,2017-02-16 15:00:00,163.25,164.9,short,-1.0509181594264454,-1.715623895263672,hold_expired,-1.0
2017-02-17 11:00:00,2017-02-17 15:00:00,165.73,165.41,short,0.15311897003677558,0.2537640625,hold_expired,-1.0
2017-02-17 15:00:00,2017-02-20 10:00:00,165.41,165.6,short,-0.15489053726323324,-0.256204443359375,hold_expired,-1.0
2017-02-20 11:00:00,2017-02-20 15:00:00,164.02,165.66,short,-1.0400776391578361,-1.7059353881835937,hold_expired,-1.0
2017-02-20 17:00:00,2017-02-21 12:00:00,164.74,167.3,short,-1.5942730804459748,-2.6264055603027345,hold_expired,-1.0
2017-02-21 17:00:00,2017-02-22 12:00:00,167.47,167.53,short,-0.07583301944709737,-0.12699755859375,hold_expired,-1.0
2017-02-22 14:00:00,2017-02-22 18:00:00,167.11,165.9,short,0.6842227920159762,1.1434047119140625,hold_expired,-1.0
2017-02-22 18:00:00,2017-02-24 13:00:00,165.9,166.48,short,-0.3896792379839561,-0.64647783203125,hold_expired,-1.0
2017-02-24 14:00:00,2017-02-24 18:00:00,165.3,165.51,short,-0.16706197791380326,-0.27615345458984375,hold_expired,-1.0
2017-02-27 11:00:00,2017-02-27 15:00:00,163.04,162.78,short,0.11949859751844386,0.19483050537109375,hold_expired,-1.0
2017-02-27 15:00:00,2017-02-28 10:00:00,162.78,158.75,short,2.436228535004382,3.9656927795410155,hold_expired,-1.0
2017-02-28 10:00:00,2017-02-28 14:00:00,158.75,157.68,short,0.634155165784941,1.0067213256835938,hold_expired,-1.0
2017-02-28 14:00:00,2017-02-28 18:00:00,157.68,156.0,short,1.0256575040382374,1.6172566772460937,hold_expired,-1.0
2017-02-28 18:00:00,2017-03-01 13:00:00,156.0,159.94,short,-2.566147719163161,-4.003190441894532,hold_expired,-1.0
2017-03-02 14:00:00,2017-03-02 18:00:00,161.65,163.4,short,-1.122802391641827,-1.8150099975585938,hold_expired,-1.0
2017-03-06 15:00:00,2017-03-07 10:00:00,163.95,161.65,short,1.363149190753667,2.234883056640625,hold_expired,-1.0
2017-03-07 10:00:00,2017-03-07 14:00:00,161.65,159.81,short,1.098487105874384,1.7757043395996093,hold_expired,-1.0
2017-03-07 14:00:00,2017-03-07 18:00:00,159.81,160.98,short,-0.7722646789342966,-1.2341561645507813,hold_expired,-1.0
2017-03-09 11:00:00,2017-03-09 15:00:00,159.29,155.96,short,2.050936474331581,3.266936572265625,hold_expired,-1.0
2017-03-09 15:00:00,2017-03-10 10:00:00,155.96,156.98,short,-0.6941375785821243,-1.0825770141601563,hold_expired,-1.0
2017-03-10 15:00:00,2017-03-13 10:00:00,158.15,156.95,short,0.7189231723076751,1.136976953125,hold_expired,-1.0
2017-03-13 10:00:00,2017-03-13 14:00:00,156.95,158.98,short,-1.3336634715082576,-2.093184777832031,hold_expired,-1.0
2017-03-14 14:00:00,2017-03-14 18:00:00,160.1,157.42,short,1.6342934609086233,2.6165039306640625,hold_expired,-1.0
2017-03-14 18:00:00,2017-03-15 13:00:00,157.42,157.09,short,0.16967337835622848,0.2670998291015625,hold_expired,-1.0
2017-03-15 13:00:00,2017-03-15 17:00:00,157.09,156.83,short,0.12553982739277614,0.19721051025390623,hold_expired,-1.0
2017-03-15 17:00:00,2017-03-16 12:00:00,156.83,159.28,short,-1.6025115832236412,-2.5132189453125,hold_expired,-1.0
2017-03-16 14:00:00,2017-03-16 18:00:00,158.62,158.35,short,0.13024525267139445,0.20659501342773437,hold_expired,-1.0
2017-03-16 18:00:00,2017-03-17 13:00:00,158.35,161.63,short,-2.1117743306609817,-3.3439947814941404,hold_expired,-1.0
2017-03-17 16:00:00,2017-03-20 11:00:00,161.31,163.09,short,-1.1436853301085965,-1.844878778076172,hold_expired,-1.0
2017-03-20 15:00:00,2017-03-21 10:00:00,162.4,164.71,short,-1.4627062215083915,-2.375434814453125,hold_expired,-1.0
2017-03-21 15:00:00,2017-03-22 10:00:00,164.26,160.37,short,2.328670106288533,3.825073388671875,hold_expired,-1.0
2017-03-22 10:00:00,2017-03-22 14:00:00,160.37,160.7,short,-0.2458164522805311,-0.39421583251953124,hold_expired,-1.0
2017-03-23 14:00:00,2017-03-23 18:00:00,163.17,164.15,short,-0.6407181103976254,-1.0454597290039063,hold_expired,-1.0
2017-03-24 16:00:00,2017-03-27 11:00:00,164.59,162.59,short,1.1753837077031901,1.9345640014648438,hold_expired,-1.0
2017-03-27 11:00:00,2017-03-27 15:00:00,162.59,161.78,short,0.458283766746519,0.7451235595703125,hold_expired,-1.0
2017-03-27 15:00:00,2017-03-28 10:00:00,161.78,162.56,short,-0.5222319105818731,-0.8448667785644531,hold_expired,-1.0
2017-03-28 16:00:00,2017-03-29 11:00:00,162.63,163.87,short,-0.8026134139979659,-1.305290234375,hold_expired,-1.0
2017-03-29 13:00:00,2017-03-29 17:00:00,163.4,163.05,short,0.17423552810260032,0.28470084228515624,hold_expired,-1.0
2017-03-29 17:00:00,2017-03-30 12:00:00,163.05,162.8,short,0.11335786281501958,0.18482999877929687,hold_expired,-1.0
2017-03-30 12:00:00,2017-03-30 14:00:00,162.8,162.8,short,-0.04000000000000001,-0.06512000122070313,signal_reverse,-1.0
2017-03-30 14:00:00,2017-03-30 18:00:00,162.8,163.5,long,0.3898875545363451,0.6347369506835937,hold_expired,1.0
2017-03-30 18:00:00,2017-03-31 13:00:00,163.5,161.34,long,-1.3608389366219897,-2.2249716613769532,hold_expired,1.0
2017-03-31 14:00:00,2017-03-31 18:00:00,161.01,159.8,short,0.7116511363633133,1.1458294555664064,hold_expired,-1.0
2017-03-31 18:00:00,2017-04-03 13:00:00,159.8,162.7,short,-1.8551275593681944,-2.964493896484375,hold_expired,-1.0
2017-04-03 14:00:00,2017-04-03 18:00:00,162.49,161.8,long,-0.46455807594085613,-0.7548604431152344,hold_expired,1.0
2017-04-05 11:00:00,2017-04-05 15:00:00,165.67,167.99,long,1.3600985986542389,2.2532753234863283,hold_expired,1.0
2017-04-05 15:00:00,2017-04-06 10:00:00,167.99,167.29,long,-0.4566153828825985,-0.7670682067871094,hold_expired,1.0
2017-04-06 10:00:00,2017-04-06 14:00:00,167.29,166.74,short,0.2888288675978703,0.4831817932128906,hold_expired,-1.0
2017-04-06 14:00:00,2017-04-06 18:00:00,166.74,167.49,short,-0.48989203267763737,-0.8168460021972657,hold_expired,-1.0
2017-04-07 10:00:00,2017-04-07 14:00:00,164.73,162.02,short,1.605440128495069,2.644641455078125,hold_expired,-1.0
2017-04-07 14:00:00,2017-04-07 18:00:00,162.02,161.49,short,0.28718477044432345,0.46529677734374997,hold_expired,-1.0
2017-04-07 18:00:00,2017-04-10 13:00:00,161.49,155.66,short,3.570853693738946,5.766571826171875,hold_expired,-1.0
2017-04-10 13:00:00,2017-04-10 17:00:00,155.66,155.92,short,-0.20706058246892026,-0.3223105102539062,hold_expired,-1.0
2017-04-10 18:00:00,2017-04-11 13:00:00,155.2,158.34,short,-2.0636001599420006,-3.2027073852539063,hold_expired,-1.0
2017-04-11 15:00:00,2017-04-12 10:00:00,156.85,156.81,short,-0.0144873796151147,-0.022723455810546883,hold_expired,-1.0
2017-04-12 11:00:00,2017-04-12 15:00:00,155.85,152.85,short,1.8853127253694173,2.938259997558594,hold_expired,-1.0
2017-04-12 15:00:00,2017-04-13 10:00:00,152.85,152.23,short,0.36571432792748615,0.5589943725585937,hold_expired,-1.0
2017-04-13 10:00:00,2017-04-13 14:00:00,152.23,152.23,short,-0.04,-0.06089199829101563,hold_expired,-1.0
2017-04-13 16:00:00,2017-04-14 11:00:00,151.27,151.68,short,-0.3110850746815168,-0.4705784057617188,hold_expired,-1.0
2017-04-14 15:00:00,2017-04-17 10:00:00,151.23,149.81,short,0.8991537471109148,1.3597901733398436,hold_expired,-1.0
2017-04-17 10:00:00,2017-04-17 14:00:00,149.81,151.57,short,-1.2150629439064051,-1.8202857666015626,hold_expired,-1.0
2017-04-18 12:00:00,2017-04-18 16:00:00,152.65,154.38,short,-1.1735454030209704,-1.7914169860839844,hold_expired,-1.0
2017-04-21 16:00:00,2017-04-24 10:00:00,159.5,161.17,short,-1.087230197822786,-1.7341321655273438,signal_reverse,-1.0
2017-04-24 10:00:00,2017-04-24 14:00:00,161.17,162.54,long,0.8098610992898704,1.3052531188964844,hold_expired,1.0
2017-04-24 14:00:00,2017-04-24 18:00:00,162.54,162.5,long,-0.06460027444041952,-0.10500128173828126,hold_expired,1.0
2017-04-25 10:00:00,2017-04-25 11:00:00,161.87,163.28,short,-0.9112458796460738,-1.4750336608886718,signal_reverse,-1.0
2017-04-25 11:00:00,2017-04-25 15:00:00,163.28,162.94,long,-0.24818737209970398,-0.4052403381347656,hold_expired,1.0
2017-04-25 16:00:00,2017-04-25 18:00:00,162.77,162.55,long,-0.17513375602718403,-0.28506522216796876,signal_reverse,1.0
2017-04-25 18:00:00,2017-04-26 10:00:00,162.55,163.41,short,-0.5691741601822681,-0.9251926147460937,signal_reverse,-1.0
2017-04-26 10:00:00,2017-04-26 14:00:00,163.41,162.42,long,-0.6457202575944245,-1.0551714965820314,hold_expired,1.0
2017-04-26 15:00:00,2017-04-27 10:00:00,162.98,164.8,long,1.0764826177783715,1.7544513244628905,hold_expired,1.0
2017-04-27 10:00:00,2017-04-27 12:00:00,164.8,164.7,long,-0.10067117745351001,-0.16590610351562501,signal_reverse,1.0
2017-04-27 12:00:00,2017-04-27 16:00:00,164.7,165.1,short,-0.2829199523169781,-0.4659691528320312,hold_expired,-1.0
2017-04-28 11:00:00,2017-04-28 15:00:00,164.55,164.9,short,-0.2527382798268056,-0.41588084716796875,hold_expired,-1.0
2017-05-02 15:00:00,2017-05-03 10:00:00,167.73,163.73,long,-2.424308174964905,-4.066291998291016,hold_expired,1.0
2017-05-03 13:00:00,2017-05-03 17:00:00,164.98,164.96,short,-0.027881554132400756,-0.045998986816406254,hold_expired,-1.0
2017-05-03 18:00:00,2017-05-04 13:00:00,164.71,166.8,short,-1.3091483528318064,-2.15629833984375,hold_expired,-1.0
2017-05-04 15:00:00,2017-05-05 10:00:00,165.82,166.02,short,-0.16063499086239486,-0.2663649536132813,hold_expired,-1.0
2017-05-05 12:00:00,2017-05-05 16:00:00,164.65,164.7,short,-0.07037537271203878,-0.115873046875,hold_expired,-1.0
2017-05-10 15:00:00,2017-05-11 10:00:00,169.97,171.33,long,0.7599815282201862,1.2917406127929687,hold_expired,1.0
2017-05-11 10:00:00,2017-05-11 14:00:00,171.33,170.61,long,-0.460158298468252,-0.7883892211914063,hold_expired,1.0
2017-05-12 10:00:00,2017-05-12 14:00:00,169.41,168.55,short,0.46774605325993696,0.7924086059570312,hold_expired,-1.0
2017-05-12 17:00:00,2017-05-15 12:00:00,167.45,169.68,short,-1.3720046404215491,-2.297421728515625,hold_expired,-1.0
2017-05-16 12:00:00,2017-05-16 16:00:00,170.5,171.14,long,0.3352911359054252,0.57167138671875,hold_expired,1.0
2017-05-16 16:00:00,2017-05-16 18:00:00,171.14,170.66,long,-0.32041353690154567,-0.5483557250976563,signal_reverse,1.0
2017-05-16 18:00:00,2017-05-17 13:00:00,170.66,170.09,short,0.29406850665043927,0.50185732421875,hold_expired,-1.0
2017-05-17 13:00:00,2017-05-17 14:00:00,170.09,169.91,short,0.06584318783732115,0.11199267578125,signal_reverse,-1.0
2017-05-17 14:00:00,2017-05-17 18:00:00,169.91,169.24,long,-0.4342464586696161,-0.737828173828125,hold_expired,1.0
2017-05-18 12:00:00,2017-05-18 16:00:00,165.92,165.63,short,0.13481394108168743,0.22368328857421876,hold_expired,-1.0
2017-05-18 16:00:00,2017-05-18 17:00:00,165.63,165.9,short,-0.2030399103505864,-0.3362950134277344,signal_reverse,-1.0
2017-05-18 17:00:00,2017-05-19 12:00:00,165.9,166.34,long,0.2251684491275265,0.373554443359375,hold_expired,1.0
2017-05-19 14:00:00,2017-05-19 15:00:00,166.25,168.0,short,-1.0928421052631578,-1.81685,signal_reverse,-1.0
2017-05-19 15:00:00,2017-05-22 10:00:00,168.0,167.7,long,-0.21853753226143977,-0.3671430541992188,hold_expired,1.0
2017-05-22 12:00:00,2017-05-22 16:00:00,169.25,168.0,long,-0.7784047267355982,-1.31745,hold_expired,1.0
2017-05-23 12:00:00,2017-05-23 16:00:00,166.46,166.05,short,0.20635687030020655,0.34350166015625,hold_expired,-1.0
2017-05-23 17:00:00,2017-05-24 12:00:00,166.16,166.33,short,-0.1423303814274755,-0.2364961669921875,hold_expired,-1.0
2017-05-24 13:00:00,2017-05-24 17:00:00,165.33,165.15,short,0.06889973822958363,0.1139119384765625,hold_expired,-1.0
2017-05-25 14:00:00,2017-05-25 18:00:00,164.92,164.05,short,0.4876310489159293,0.8042011169433594,hold_expired,-1.0
2017-05-25 18:00:00,2017-05-26 13:00:00,164.05,161.35,short,1.6061669578439801,2.634916943359375,hold_expired,-1.0
2017-05-26 13:00:00,2017-05-26 17:00:00,161.35,160.75,short,0.3319405528570675,0.5355861022949219,hold_expired,-1.0
2017-05-26 17:00:00,2017-05-29 12:00:00,160.75,161.71,short,-0.6373242415313957,-1.0244987182617187,hold_expired,-1.0
2017-05-29 15:00:00,2017-05-30 10:00:00,163.13,162.51,long,-0.4199953156370172,-0.68513837890625,hold_expired,1.0
2017-05-31 14:00:00,2017-05-31 18:00:00,157.2,155.93,short,0.7680523504602244,1.207378271484375,hold_expired,-1.0
2017-05-31 18:00:00,2017-06-01 13:00:00,155.93,155.0,short,0.5565360854280857,0.8678066772460937,hold_expired,-1.0
2017-06-01 13:00:00,2017-06-01 17:00:00,155.0,153.12,short,1.173148957283266,1.8183808837890625,hold_expired,-1.0
2017-06-01 17:00:00,2017-06-02 11:00:00,153.12,154.65,short,-1.0394153786914273,-1.5915527770996094,signal_reverse,-1.0
2017-06-02 11:00:00,2017-06-02 15:00:00,154.65,154.16,long,-0.3567748177578568,-0.5517522338867188,hold_expired,1.0
2017-06-02 15:00:00,2017-06-05 10:00:00,154.16,157.73,short,-2.3562337714527226,-3.632370068359375,hold_expired,-1.0
2017-06-05 14:00:00,2017-06-05 18:00:00,157.26,154.7,short,1.5882014800618387,2.4976055603027345,hold_expired,-1.0
2017-06-05 18:00:00,2017-06-06 13:00:00,154.7,154.66,short,-0.014142670568261188,-0.021878710937500004,hold_expired,-1.0
2017-06-06 16:00:00,2017-06-07 11:00:00,152.93,153.96,short,-0.7136546742203979,-1.091392041015625,hold_expired,-1.0
2017-06-07 16:00:00,2017-06-08 11:00:00,154.01,150.97,short,1.9342882905608025,2.9789972900390627,hold_expired,-1.0
2017-06-08 13:00:00,2017-06-08 17:00:00,150.9,151.36,short,-0.34490307281081867,-0.5204587158203124,hold_expired,-1.0
2017-06-09 15:00:00,2017-06-13 10:00:00,151.5,146.85,short,3.0299167625502785,4.590323895263672,hold_expired,-1.0
2017-06-13 12:00:00,2017-06-13 16:00:00,147.03,146.39,short,0.3953719634718929,0.5813153930664062,hold_expired,-1.0
2017-06-13 16:00:00,2017-06-14 11:00:00,146.39,145.33,short,0.6842363293434364,1.0016535583496093,hold_expired,-1.0
2017-06-14 11:00:00,2017-06-14 14:00:00,145.33,144.07,short,0.8271619671143858,1.202114501953125,signal_reverse,-1.0
2017-06-14 14:00:00,2017-06-14 15:00:00,144.07,143.73,long,-0.2759572249785316,-0.39757159423828126,signal_reverse,1.0
2017-06-14 15:00:00,2017-06-15 10:00:00,143.73,138.1,short,3.8778430294891795,5.573623620605469,hold_expired,-1.0
2017-06-15 10:00:00,2017-06-15 14:00:00,138.1,137.38,short,0.48146646569115015,0.6649052185058594,hold_expired,-1.0
2017-06-15 15:00:00,2017-06-16 10:00:00,138.34,141.07,long,1.9330121847511377,2.6741289855957033,hold_expired,1.0
2017-06-16 10:00:00,2017-06-16 14:00:00,141.07,142.31,long,0.83881347697023,1.1833142333984374,hold_expired,1.0
2017-06-16 14:00:00,2017-06-16 18:00:00,142.31,141.63,long,-0.5177293857841394,-0.7367806762695313,hold_expired,1.0
2017-06-19 10:00:00,2017-06-19 14:00:00,143.27,143.84,long,0.3577650960242906,0.512570068359375,hold_expired,1.0
2017-06-19 14:00:00,2017-06-19 18:00:00,143.84,145.0,long,0.7662928885597056,1.1022356628417969,hold_expired,1.0
2017-06-20 12:00:00,2017-06-20 16:00:00,146.65,144.35,long,-1.608038111909722,-2.35818779296875,hold_expired,1.0
2017-06-20 16:00:00,2017-06-21 11:00:00,144.35,144.19,short,0.0708664053169716,0.10229566040039062,hold_expired,-1.0
2017-06-21 11:00:00,2017-06-21 15:00:00,144.19,143.4,short,0.5080036987668096,0.7324905456542968,hold_expired,-1.0
2017-06-21 15:00:00,2017-06-22 10:00:00,143.4,142.5,short,0.5877363553540156,0.8428138977050781,hold_expired,-1.0
2017-06-22 10:00:00,2017-06-22 14:00:00,142.5,144.87,short,-1.7034870990953948,-2.4274691162109376,hold_expired,-1.0
2017-06-22 18:00:00,2017-06-23 13:00:00,144.25,145.2,short,-0.6987084580128899,-1.0078869506835937,hold_expired,-1.0
2017-06-23 15:00:00,2017-06-26 10:00:00,144.54,145.51,short,-0.7112296015032029,-1.0280112182617187,hold_expired,-1.0
2017-06-26 14:00:00,2017-06-26 18:00:00,145.24,144.49,short,0.47648992813850244,0.6920539978027344,hold_expired,-1.0
2017-06-26 18:00:00,2017-06-27 13:00:00,144.49,145.71,short,-0.8845187726184953,-1.2780412231445313,hold_expired,-1.0
2017-06-28 10:00:00,2017-06-28 14:00:00,145.35,146.15,short,-0.5904972527882063,-0.85828779296875,hold_expired,-1.0
2017-06-28 14:00:00,2017-06-28 17:00:00,146.15,145.5,long,-0.4846554395105661,-0.7083238952636719,signal_reverse,1.0
2017-06-28 17:00:00,2017-06-29 12:00:00,145.5,145.44,short,0.001243682546713916,0.0018095581054687476,hold_expired,-1.0
2017-06-29 13:00:00,2017-06-29 17:00:00,144.41,144.09,short,0.18164068801805233,0.26230732421875,hold_expired,-1.0
2017-06-29 17:00:00,2017-06-30 12:00:00,144.09,145.88,short,-1.2825335499575243,-1.8480025451660156,hold_expired,-1.0
2017-06-30 13:00:00,2017-06-30 17:00:00,145.98,146.29,long,0.17231371979247295,0.25154356079101564,hold_expired,1.0
2017-06-30 18:00:00,2017-07-03 13:00:00,145.59,146.67,short,-0.781958830719143,-1.1384538330078124,hold_expired,-1.0
2017-07-03 14:00:00,2017-07-03 18:00:00,146.54,147.5,short,-0.6952468651225655,-1.0188147094726563,hold_expired,-1.0
2017-07-04 11:00:00,2017-07-04 15:00:00,148.76,149.15,long,0.22211441733035803,0.33041739501953127,hold_expired,1.0
2017-07-04 18:00:00,2017-07-05 13:00:00,149.39,148.93,long,-0.34786178288721537,-0.5196707153320312,hold_expired,1.0
2017-07-06 10:00:00,2017-07-06 14:00:00,150.23,150.2,long,-0.059964574581637675,-0.09008477783203125,hold_expired,1.0
2017-07-06 18:00:00,2017-07-07 13:00:00,150.35,150.2,long,-0.13975333841181536,-0.21011915283203125,hold_expired,1.0
2017-07-07 14:00:00,2017-07-07 17:00:00,150.35,151.33,short,-0.6919399293924555,-1.0403317260742186,signal_reverse,-1.0
2017-07-07 17:00:00,2017-07-10 12:00:00,151.33,153.83,long,1.6116883431947948,2.438967999267578,hold_expired,1.0
2017-07-10 12:00:00,2017-07-10 16:00:00,153.83,154.61,long,0.4669510305262075,0.7183107788085937,hold_expired,1.0
2017-07-10 16:00:00,2017-07-11 11:00:00,154.61,155.24,long,0.36739853783673376,0.5680348815917968,hold_expired,1.0
2017-07-11 11:00:00,2017-07-11 15:00:00,155.24,156.15,long,0.5460643973166786,0.847710400390625,hold_expired,1.0
2017-07-11 15:00:00,2017-07-12 10:00:00,156.15,158.45,long,1.4326501082821952,2.237083056640625,hold_expired,1.0
2017-07-12 10:00:00,2017-07-12 14:00:00,158.45,160.36,long,1.1651888281201626,1.8462416625976563,hold_expired,1.0
2017-07-12 14:00:00,2017-07-12 18:00:00,160.36,160.85,long,0.2655047936823513,0.42576348876953124,hold_expired,1.0
2017-07-13 12:00:00,2017-07-13 16:00:00,160.66,160.69,long,-0.0213315206913012,-0.03427122192382813,hold_expired,1.0
2017-07-14 15:00:00,2017-07-17 10:00:00,161.36,162.93,short,-1.0131693448508066,-1.6348500610351562,hold_expired,-1.0
2017-07-17 12:00:00,2017-07-17 16:00:00,160.01,160.9,short,-0.5963261152643683,-0.9541813842773438,hold_expired,-1.0
2017-07-18 17:00:00,2017-07-19 12:00:00,161.5,162.52,long,0.5914552746468653,0.9552002685546875,hold_expired,1.0
2017-07-19 12:00:00,2017-07-19 16:00:00,162.52,162.92,long,0.20607056804812285,0.33490589599609377,hold_expired,1.0
2017-07-19 16:00:00,2017-07-20 11:00:00,162.92,164.18,long,0.733227673179812,1.19457451171875,hold_expired,1.0
2017-07-20 11:00:00,2017-07-20 13:00:00,164.18,164.08,long,-0.10089100625482122,-0.16564284667968748,signal_reverse,1.0
2017-07-20 13:00:00,2017-07-20 17:00:00,164.08,164.0,short,0.008767569159056415,0.014385827636718751,hold_expired,-1.0
2017-07-21 11:00:00,2017-07-21 15:00:00,162.64,162.74,short,-0.10150154028019168,-0.16508210449218752,hold_expired,-1.0
2017-07-21 16:00:00,2017-07-24 11:00:00,162.48,160.33,short,1.2835007088932318,2.0854318969726564,hold_expired,-1.0
2017-07-24 14:00:00,2017-07-24 16:00:00,161.0,161.0,long,-0.04,-0.0644,signal_reverse,1.0
2017-07-24 16:00:00,2017-07-25 11:00:00,161.0,161.13,short,-0.12076452409258542,-0.1944308837890625,hold_expired,-1.0
2017-07-25 12:00:00,2017-07-25 16:00:00,160.25,160.46,short,-0.17107564322104135,-0.27414871826171877,hold_expired,-1.0
2017-07-25 17:00:00,2017-07-26 12:00:00,160.07,160.5,short,-0.30868161094369795,-0.49410667724609375,hold_expired,-1.0
2017-07-26 14:00:00,2017-07-26 18:00:00,160.99,161.55,short,-0.3879157332715614,-0.6245055603027344,hold_expired,-1.0
2017-07-27 11:00:00,2017-07-27 15:00:00,163.61,164.72,long,0.6383073180353738,1.0443346069335937,hold_expired,1.0
2017-07-27 16:00:00,2017-07-28 10:00:00,164.43,165.34,short,-0.5935399278624777,-0.9759576599121094,signal_reverse,-1.0
2017-07-28 10:00:00,2017-07-28 14:00:00,165.34,163.85,long,-0.9409872198640754,-1.5558282348632813,hold_expired,1.0
2017-07-28 14:00:00,2017-07-28 18:00:00,163.85,165.4,short,-0.9861688939748413,-1.61583779296875,hold_expired,-1.0
2017-07-31 15:00:00,2017-08-01 10:00:00,164.01,166.47,short,-1.540212666646757,-2.5261027099609374,hold_expired,-1.0
2017-08-01 16:00:00,2017-08-02 11:00:00,166.74,168.89,short,-1.329686832445159,-2.2171198974609374,hold_expired,-1.0
2017-08-02 15:00:00,2017-08-03 10:00:00,168.49,170.29,short,-1.1085190407928305,-1.8677437927246094,hold_expired,-1.0
2017-08-03 14:00:00,2017-08-03 18:00:00,169.81,170.0,short,-0.15191357671915454,-0.2579644409179688,hold_expired,-1.0
2017-08-04 10:00:00,2017-08-04 14:00:00,169.65,169.56,short,0.01305885080852247,0.02215433959960937,hold_expired,-1.0
2017-08-04 14:00:00,2017-08-04 18:00:00,169.56,169.73,short,-0.14027846660506516,-0.23785616455078123,hold_expired,-1.0
2017-08-07 18:00:00,2017-08-08 13:00:00,172.79,173.94,long,0.6254199902595955,1.0806631591796876,hold_expired,1.0
2017-08-09 11:00:00,2017-08-09 15:00:00,173.99,173.45,short,0.27042963939217773,0.47052054443359376,hold_expired,-1.0
2017-08-09 15:00:00,2017-08-09 18:00:00,173.45,173.4,short,-0.011165721360695172,-0.019366943359375,signal_reverse,-1.0
2017-08-09 18:00:00,2017-08-10 13:00:00,173.4,172.66,long,-0.4666679713782418,-0.8092022338867187,hold_expired,1.0
2017-08-10 14:00:00,2017-08-10 18:00:00,172.78,172.2,short,0.2957552023215827,0.5110058349609375,hold_expired,-1.0
2017-08-10 18:00:00,2017-08-11 13:00:00,172.2,169.62,short,1.458558579617607,2.511637829589844,hold_expired,-1.0
2017-08-11 13:00:00,2017-08-11 17:00:00,169.62,171.6,short,-1.2075551500618555,-2.0482549865722657,hold_expired,-1.0
2017-08-14 15:00:00,2017-08-14 16:00:00,172.7,173.36,short,-0.42224416589864683,-0.7292156616210937,end_of_data,-1.0
2017-08-17 13:00:00,2017-08-17 17:00:00,173.25,173.2,long,-0.0688560197398088,-0.11929305419921875,hold_expired,1.0
2017-08-21 10:00:00,2017-08-21 14:00:00,169.64,170.08,long,0.2193223546927298,0.3720584411621094,hold_expired,1.0
2017-08-21 14:00:00,2017-08-21 18:00:00,170.08,169.9,long,-0.14581604421101305,-0.2480039306640625,hold_expired,1.0
2017-08-22 10:00:00,2017-08-22 14:00:00,171.24,169.87,long,-0.8398927393775922,-1.438232373046875,hold_expired,1.0
2017-08-22 17:00:00,2017-08-23 12:00:00,170.88,172.83,long,1.1009216351192164,1.8812549438476562,hold_expired,1.0
2017-08-23 12:00:00,2017-08-23 16:00:00,172.83,174.12,long,0.7062450215585684,1.2206032836914062,hold_expired,1.0
2017-08-23 16:00:00,2017-08-24 11:00:00,174.12,179.09,long,2.8137832298437107,4.89935922241211,hold_expired,1.0
2017-08-24 11:00:00,2017-08-24 15:00:00,179.09,179.53,long,0.20563875700124445,0.3682784423828125,hold_expired,1.0
2017-08-24 15:00:00,2017-08-25 10:00:00,179.53,181.16,long,0.8677473920329963,1.5578668823242188,hold_expired,1.0
2017-08-25 10:00:00,2017-08-25 14:00:00,181.16,180.2,long,-0.5698160135075151,-1.0322787109375,hold_expired,1.0
2017-08-25 16:00:00,2017-08-28 11:00:00,180.67,180.62,long,-0.06767091858215132,-0.12226104736328125,hold_expired,1.0
2017-08-28 13:00:00,2017-08-28 17:00:00,180.93,181.44,long,0.24182600138917143,0.4375357666015625,hold_expired,1.0
2017-08-28 17:00:00,2017-08-29 12:00:00,181.44,179.64,long,-1.031866749329653,-1.8722190551757814,hold_expired,1.0
2017-08-29 16:00:00,2017-08-30 11:00:00,180.12,183.96,long,2.0914921693234287,3.767195593261719,hold_expired,1.0
2017-08-30 11:00:00,2017-08-30 15:00:00,183.96,182.06,long,-1.07263159771941,-1.9732131591796875,hold_expired,1.0
2017-08-30 16:00:00,2017-08-31 11:00:00,183.24,185.35,long,1.111265304484197,2.0362826049804688,hold_expired,1.0
2017-08-31 11:00:00,2017-08-31 15:00:00,185.35,185.87,long,0.2404882647690831,0.44574501342773437,hold_expired,1.0
2017-08-31 15:00:00,2017-09-01 10:00:00,185.87,184.5,long,-0.7769242772618999,-1.4440691162109376,hold_expired,1.0
2017-09-01 13:00:00,2017-09-01 17:00:00,184.16,183.52,long,-0.387454047564402,-0.7135353881835937,hold_expired,1.0
2017-09-01 18:00:00,2017-09-04 13:00:00,183.66,182.99,long,-0.404730566811744,-0.743328173828125,hold_expired,1.0
2017-09-04 14:00:00,2017-09-04 18:00:00,182.67,184.1,long,0.7426802125488277,1.3566539306640626,hold_expired,1.0
2017-09-04 18:00:00,2017-09-05 13:00:00,184.1,183.95,long,-0.12146613004797775,-0.22361915283203126,hold_expired,1.0
2017-09-05 18:00:00,2017-09-06 13:00:00,184.14,181.75,long,-1.337665580939822,-2.463177392578125,hold_expired,1.0
2017-09-06 16:00:00,2017-09-07 11:00:00,182.61,184.3,long,0.8852858196541658,1.616620440673828,hold_expired,1.0
2017-09-07 11:00:00,2017-09-07 15:00:00,184.3,184.87,long,0.26921218699509075,0.49615806884765623,hold_expired,1.0
2017-09-07 15:00:00,2017-09-08 10:00:00,184.87,184.65,long,-0.15897940513253944,-0.2939052185058594,hold_expired,1.0
2017-09-08 12:00:00,2017-09-08 16:00:00,184.26,186.95,long,1.419603018070312,2.615760443115234,hold_expired,1.0
2017-09-08 16:00:00,2017-09-11 11:00:00,186.95,189.32,long,1.2274706657019225,2.2947563720703124,hold_expired,1.0
2017-09-11 11:00:00,2017-09-11 15:00:00,189.32,191.11,long,0.9052964405724512,1.7139072875976562,hold_expired,1.0
2017-09-11 15:00:00,2017-09-12 10:00:00,191.11,190.33,long,-0.44805963950102934,-0.8562867797851562,hold_expired,1.0
2017-09-12 17:00:00,2017-09-13 12:00:00,189.05,190.01,long,0.46769608108619654,0.8841794555664062,hold_expired,1.0
2017-09-13 12:00:00,2017-09-13 16:00:00,190.01,189.42,long,-0.35044595320054334,-0.6658823364257812,hold_expired,1.0
2017-09-13 17:00:00,2017-09-14 12:00:00,189.36,186.55,long,-1.5236478401069726,-2.885179559326172,hold_expired,1.0
2017-09-14 14:00:00,2017-09-14 18:00:00,187.68,188.64,long,0.47141024452763275,0.8847427124023437,hold_expired,1.0
2017-09-14 18:00:00,2017-09-15 13:00:00,188.64,187.63,long,-0.5753013752404307,-1.0852485107421874,hold_expired,1.0
2017-09-15 15:00:00,2017-09-18 10:00:00,188.13,188.84,long,0.33731857670937687,0.6345974548339843,hold_expired,1.0
2017-09-18 10:00:00,2017-09-18 14:00:00,188.84,187.97,long,-0.5006127594959784,-0.9453571166992187,hold_expired,1.0
2017-09-20 14:00:00,2017-09-20 18:00:00,184.43,186.47,long,1.0658941735135277,1.9658285461425782,hold_expired,1.0
2017-09-20 18:00:00,2017-09-21 13:00:00,186.47,185.78,long,-0.4099600130862097,-0.76445244140625,hold_expired,1.0
2017-09-21 14:00:00,2017-09-21 18:00:00,185.2,187.38,long,1.1368747115804574,2.105491931152344,hold_expired,1.0
2017-09-21 18:00:00,2017-09-22 13:00:00,187.38,187.96,long,0.26947049446357924,0.5049338256835938,hold_expired,1.0
2017-09-22 13:00:00,2017-09-22 17:00:00,187.96,187.73,long,-0.1623478271528989,-0.30514898681640623,hold_expired,1.0
2017-09-25 10:00:00,2017-09-25 14:00:00,188.93,189.5,long,0.26164258976704036,0.49432132568359377,hold_expired,1.0
2017-09-25 14:00:00,2017-09-25 18:00:00,189.5,191.2,long,0.856916594090122,1.6238569458007812,hold_expired,1.0
2017-09-25 18:00:00,2017-09-26 13:00:00,191.2,194.51,long,1.6908240648026096,3.2328555603027342,hold_expired,1.0
2017-09-26 13:00:00,2017-09-26 17:00:00,194.51,193.31,long,-0.6568099253440327,-1.2775609497070313,hold_expired,1.0
2017-09-27 13:00:00,2017-09-27 17:00:00,192.98,192.73,long,-0.16952119677362554,-0.32714199829101565,hold_expired,1.0
2017-09-27 18:00:00,2017-09-28 13:00:00,193.7,193.6,long,-0.09161117453841375,-0.17745084228515626,hold_expired,1.0
2017-09-28 14:00:00,2017-09-28 18:00:00,193.26,191.96,long,-0.7125281136051065,-1.3770317932128906,hold_expired,1.0
2017-09-29 13:00:00,2017-09-29 17:00:00,192.52,192.47,long,-0.06596771607430013,-0.12700104980468752,hold_expired,1.0
2017-09-29 18:00:00,2017-10-02 13:00:00,192.33,193.34,long,0.4850311970949513,0.9328605102539063,hold_expired,1.0
2017-10-02 13:00:00,2017-10-02 17:00:00,193.34,192.7,long,-0.37095655262167215,-0.7172073852539063,hold_expired,1.0
2017-10-02 18:00:00,2017-10-03 13:00:00,193.0,192.8,long,-0.14360463512993848,-0.27715694580078126,hold_expired,1.0
2017-10-03 17:00:00,2017-10-04 12:00:00,193.09,191.88,long,-0.6665210418618237,-1.2869854553222657,hold_expired,1.0
2017-10-04 15:00:00,2017-10-05 10:00:00,192.11,190.53,long,-0.862281936766136,-1.656529833984375,hold_expired,1.0
2017-10-05 15:00:00,2017-10-06 10:00:00,191.12,195.92,long,2.471010452494323,4.722595056152343,hold_expired,1.0
2017-10-06 10:00:00,2017-10-06 14:00:00,195.92,195.52,long,-0.24412101951952103,-0.4782818969726563,hold_expired,1.0
2017-10-09 11:00:00,2017-10-09 15:00:00,193.3,192.91,short,0.16179895515581685,0.31275738525390623,hold_expired,-1.0
2017-10-09 15:00:00,2017-10-09 18:00:00,192.91,194.0,short,-0.6051414216277571,-1.167378338623047,signal_reverse,-1.0
2017-10-09 18:00:00,2017-10-10 13:00:00,194.0,193.38,long,-0.3595211949299291,-0.6974711181640625,hold_expired,1.0
2017-10-10 15:00:00,2017-10-11 10:00:00,193.89,194.92,long,0.4911221738009841,0.9522367797851563,hold_expired,1.0
2017-10-11 10:00:00,2017-10-11 14:00:00,194.92,195.7,long,0.360083514706938,0.7018747802734375,hold_expired,1.0
2017-10-11 14:00:00,2017-10-11 18:00:00,195.7,195.83,long,0.026417416383666938,0.051698883056640624,hold_expired,1.0
2017-10-12 10:00:00,2017-10-12 14:00:00,196.36,195.66,long,-0.3964152320884655,-0.7784009521484375,hold_expired,1.0
2017-10-13 11:00:00,2017-10-13 15:00:00,196.36,196.95,long,0.2604065679311014,0.5113343383789063,hold_expired,1.0
2017-10-13 15:00:00,2017-10-16 10:00:00,196.95,197.77,long,0.37626978190274274,0.7410633239746094,hold_expired,1.0
2017-10-16 10:00:00,2017-10-16 14:00:00,197.77,197.85,long,0.00044386510203065914,0.0008778320312499976,hold_expired,1.0
2017-10-16 15:00:00,2017-10-17 10:00:00,197.75,196.89,long,-0.47480587270859675,-0.93892861328125,hold_expired,1.0
2017-10-17 14:00:00,2017-10-17 17:00:00,197.74,196.4,long,-0.7175278447427902,-1.418839599609375,signal_reverse,1.0
2017-10-17 17:00:00,2017-10-18 12:00:00,196.4,195.67,short,0.3317625999609984,0.6515817260742187,hold_expired,-1.0
2017-10-18 12:00:00,2017-10-18 15:00:00,195.67,196.1,short,-0.2598057664607493,-0.5083619384765625,signal_reverse,-1.0
2017-10-18 15:00:00,2017-10-19 10:00:00,196.1,193.74,long,-1.2432272003274296,-2.437968615722656,hold_expired,1.0
2017-10-19 16:00:00,2017-10-20 11:00:00,192.4,192.84,short,-0.2687372431681625,-0.517050439453125,hold_expired,-1.0
2017-10-20 15:00:00,2017-10-23 10:00:00,193.38,192.8,long,-0.3398685556907123,-0.6572378295898438,hold_expired,1.0
2017-10-23 11:00:00,2017-10-23 15:00:00,191.2,191.69,short,-0.2963302851135108,-0.56658349609375,hold_expired,-1.0
2017-10-23 15:00:00,2017-10-24 10:00:00,191.69,190.2,long,-0.8171440743617003,-1.56638349609375,hold_expired,1.0
2017-10-24 18:00:00,2017-10-25 13:00:00,192.5,193.35,long,0.4014732998934659,0.7728361022949218,hold_expired,1.0
2017-10-25 14:00:00,2017-10-25 17:00:00,193.04,193.77,short,-0.4182413043514346,-0.8073729858398437,signal_reverse,-1.0
2017-10-25 17:00:00,2017-10-26 12:00:00,193.77,191.43,long,-1.2473817132823437,-2.417051599121094,hold_expired,1.0
2017-10-26 15:00:00,2017-10-27 10:00:00,193.02,194.48,long,0.7162425782182886,1.382491455078125,hold_expired,1.0
2017-10-27 10:00:00,2017-10-27 14:00:00,194.48,193.35,long,-0.6209150832835051,-1.2075556274414063,hold_expired,1.0
2017-10-27 17:00:00,2017-10-30 12:00:00,195.38,196.57,long,0.5689489257775281,1.1116124389648436,hold_expired,1.0
2017-10-30 12:00:00,2017-10-30 16:00:00,196.57,196.62,long,-0.014575065601069116,-0.02865020751953125,hold_expired,1.0
2017-10-31 15:00:00,2017-11-01 10:00:00,195.52,195.06,short,0.19532053094528712,0.38189071044921874,hold_expired,-1.0
2017-11-01 10:00:00,2017-11-01 14:00:00,195.06,196.15,short,-0.5989123094450545,-1.1682383361816406,hold_expired,-1.0
2017-11-01 15:00:00,2017-11-02 10:00:00,196.71,192.97,long,-1.9408984603679906,-3.817941491699219,hold_expired,1.0
2017-11-02 15:00:00,2017-11-03 10:00:00,193.8,194.61,short,-0.4580389810876839,-0.8876795593261719,hold_expired,-1.0
2017-11-03 13:00:00,2017-11-03 17:00:00,193.38,194.12,short,-0.4227377255835709,-0.817490234375,hold_expired,-1.0
2017-11-08 17:00:00,2017-11-09 12:00:00,209.31,210.07,short,-0.4031750878814697,-0.8438857666015624,hold_expired,-1.0
2017-11-10 16:00:00,2017-11-13 11:00:00,218.25,220.05,short,-0.8649086136615836,-1.8876630493164062,hold_expired,-1.0
2017-11-13 14:00:00,2017-11-13 18:00:00,218.13,216.61,short,0.6569734756041257,1.4330562744140625,hold_expired,-1.0
2017-11-13 18:00:00,2017-11-14 13:00:00,216.61,220.69,short,-1.92394710164371,-4.167461828613281,hold_expired,-1.0
2017-11-14 15:00:00,2017-11-15 10:00:00,220.51,222.12,short,-0.7702719394315116,-1.698526611328125,hold_expired,-1.0
2017-11-16 11:00:00,2017-11-16 15:00:00,224.5,221.51,short,1.2921173680226894,2.9008034912109375,hold_expired,-1.0
2017-11-16 15:00:00,2017-11-17 10:00:00,221.51,226.23,short,-2.1712560778387697,-4.80954921875,hold_expired,-1.0
2017-11-17 13:00:00,2017-11-17 17:00:00,225.54,225.83,short,-0.16860980547377447,-0.3802825439453125,hold_expired,-1.0
2017-11-20 10:00:00,2017-11-20 14:00:00,224.9,224.73,short,0.035603454931886366,0.08007216796875,hold_expired,-1.0
2017-11-20 14:00:00,2017-11-20 18:00:00,224.73,224.6,short,0.017854145582823895,0.04012362060546874,hold_expired,-1.0
2017-11-20 18:00:00,2017-11-21 13:00:00,224.6,230.87,short,-2.8321829212169582,-6.361083013916016,hold_expired,-1.0
2017-11-22 11:00:00,2017-11-22 15:00:00,230.39,229.26,short,0.4505728923925872,1.038074884033203,hold_expired,-1.0
2017-11-22 15:00:00,2017-11-23 10:00:00,229.26,227.37,short,0.7845561509939943,1.798673388671875,hold_expired,-1.0
2017-11-23 10:00:00,2017-11-23 14:00:00,227.37,225.76,short,0.6682388362597746,1.519374609375,hold_expired,-1.0
2017-11-23 14:00:00,2017-11-23 18:00:00,225.76,225.56,short,0.048606019422108494,0.10973294677734374,hold_expired,-1.0
2017-11-23 18:00:00,2017-11-24 13:00:00,225.56,225.64,short,-0.07547518857011426,-0.17024183349609376,hold_expired,-1.0
2017-11-27 11:00:00,2017-11-27 15:00:00,225.88,225.12,short,0.29653344747026195,0.6698097656249999,hold_expired,-1.0
2017-11-27 15:00:00,2017-11-28 10:00:00,225.12,224.69,short,0.15104419138447758,0.34003067626953126,hold_expired,-1.0
2017-11-28 10:00:00,2017-11-28 14:00:00,224.69,225.21,short,-0.2714781568898773,-0.60998427734375,hold_expired,-1.0
2017-11-29 12:00:00,2017-11-29 16:00:00,228.39,227.22,short,0.47238328068575625,1.078876171875,hold_expired,-1.0
2017-11-29 16:00:00,2017-11-30 11:00:00,227.22,227.71,short,-0.25569557634800405,-0.5809914916992187,hold_expired,-1.0
2017-11-30 13:00:00,2017-11-30 17:00:00,227.75,224.2,short,1.519039758206984,3.459613049316406,hold_expired,-1.0
2017-11-30 17:00:00,2017-12-01 12:00:00,224.2,224.38,short,-0.12030505872421958,-0.26972393798828126,hold_expired,-1.0
2017-12-01 14:00:00,2017-12-01 18:00:00,223.37,221.5,short,0.7973412531211626,1.7810211181640625,hold_expired,-1.0
2017-12-01 18:00:00,2017-12-04 13:00:00,221.5,224.23,short,-1.2727502138297122,-2.8191417236328125,hold_expired,-1.0
2017-12-05 10:00:00,2017-12-05 14:00:00,223.75,222.03,short,0.7288693724903981,1.6308452209472657,hold_expired,-1.0
2017-12-05 14:00:00,2017-12-05 16:00:00,222.03,224.15,short,-0.9950146952523676,-2.2092311157226563,end_of_data,-1.0
